{"type":"FeatureCollection","name":"AkceleracniOblastPlocha","features":[{"type":"Feature","properties":{"SKNAZEV":"oblast a osa","OBTYPNAZEV":"AKC","DRUH_O_AKC":"AOS","ID_LOKAL":1,"OZNACENI_P":"AOS1","UO":1,"VYKON":143,"UROVEN":"URP","ID_NDOK":null,"NAZEV_NDOK":null,"NAZEV":"Kleštěnec","ZM_CISLO_P":2,"EUP_KOD_P":22907,"ZAPIS":"ZMZA"},"geometry":{"type":"Polygon","coordinates":[[[17.6122154,49.4496543],[17.6122494,49.4496198],[17.6147557,49.4483468],[17.6137142,49.4470022],[17.6138502,49.4470522],[17.6162762,49.4455096],[17.6183238,49.4435117],[17.6204763,49.4450343],[17.6223031,49.4439217],[17.6225174,49.4438771],[17.6228243,49.4442652],[17.6229937,49.4445164],[17.6233033,49.4450142],[17.623482,49.4452652],[17.6235863,49.4453759],[17.6238016,49.4455182],[17.62387,49.4455634],[17.6240013,49.4454899],[17.6240694,49.4455198],[17.6241894,49.4455361],[17.6242711,49.445559],[17.6243379,49.4455721],[17.6244868,49.4455714],[17.6246601,49.4455609],[17.6247367,49.4455615],[17.6248969,49.4455475],[17.6252929,49.4455296],[17.6254943,49.4455289],[17.6258435,49.445536],[17.6260649,49.4455559],[17.6262868,49.4455937],[17.6263607,49.4455984],[17.62656,49.4456339],[17.6267617,49.4456784],[17.6268999,49.4457195],[17.6269832,49.4457561],[17.6270083,49.4457702],[17.6270797,49.4458102],[17.6271423,49.4458365],[17.6273735,49.4459039],[17.6274013,49.4459157],[17.6274812,49.4459348],[17.6276288,49.446004],[17.6277537,49.4460711],[17.6278133,49.44611],[17.6279336,49.4461961],[17.6280515,49.4463001],[17.6281814,49.4464033],[17.6283554,49.4465216],[17.6284615,49.4465851],[17.6286152,49.4466645],[17.6286888,49.4466952],[17.6287023,49.4467041],[17.6287394,49.446733],[17.6288583,49.4468148],[17.6288979,49.4468475],[17.6289776,49.4469048],[17.629115,49.4470213],[17.6292069,49.4471143],[17.6293393,49.4472201],[17.6295936,49.4473743],[17.6296662,49.4474334],[17.6297542,49.4475305],[17.6297971,49.4475895],[17.6298548,49.447649],[17.6298961,49.4476794],[17.6299841,49.4477497],[17.6301197,49.4478493],[17.6303149,49.4479842],[17.6303851,49.4480696],[17.6304645,49.4481898],[17.6305095,49.4482483],[17.6305692,49.4483522],[17.6306957,49.4484939],[17.6307245,49.4485383],[17.6307945,49.4486057],[17.6308497,49.4486547],[17.6308983,49.4486999],[17.6310059,49.4487893],[17.6310792,49.4488876],[17.6311393,49.4489477],[17.6311651,49.4489832],[17.6311967,49.4490193],[17.6312761,49.449161],[17.6312869,49.4491762],[17.6313059,49.4492038],[17.6312991,49.4493158],[17.6312899,49.4494057],[17.6312841,49.4494496],[17.6312773,49.4494811],[17.6312799,49.4495325],[17.631214,49.4497922],[17.6312189,49.4500089],[17.6311728,49.4500919],[17.6309021,49.4502802],[17.629958,49.450735],[17.6300528,49.4510064],[17.6298393,49.4510462],[17.6299544,49.4512776],[17.6302,49.4519361],[17.6303175,49.4522672],[17.6302877,49.4523612],[17.6303444,49.452383],[17.6304521,49.4524301],[17.6304752,49.4524402],[17.6305672,49.4524806],[17.6304751,49.4524951],[17.630412,49.452529],[17.6301254,49.4529092],[17.6298907,49.453121],[17.6295283,49.4532937],[17.6289171,49.4535827],[17.6289388,49.453743],[17.6289319,49.4537687],[17.6288406,49.4541096],[17.6287655,49.4543897],[17.6286749,49.4546113],[17.6285754,49.454865],[17.6284754,49.4551196],[17.6304447,49.4560962],[17.6328472,49.4566683],[17.6330614,49.4564342],[17.6331761,49.4562485],[17.6332329,49.4563869],[17.6354332,49.4569125],[17.6352507,49.4572879],[17.6347871,49.4578977],[17.6347042,49.4580218],[17.6356373,49.458368],[17.6356929,49.4588898],[17.6347648,49.4589315],[17.6345695,49.4590563],[17.6342152,49.4591883],[17.6331652,49.4594112],[17.6314955,49.4592429],[17.6312944,49.4592347],[17.6312868,49.4592959],[17.6312317,49.459323],[17.6306691,49.4588188],[17.630196,49.4584416],[17.6300254,49.4583568],[17.6293384,49.4581582],[17.6290027,49.4580811],[17.6283597,49.4580048],[17.6276744,49.4579109],[17.6273843,49.4579641],[17.6273114,49.4579888],[17.6272608,49.4579282],[17.6272974,49.4578306],[17.624904,49.4574661],[17.6247967,49.4575946],[17.6227767,49.4575998],[17.6229191,49.4573396],[17.6229338,49.4572413],[17.6228743,49.4571958],[17.6226238,49.4571431],[17.6224573,49.4571206],[17.6223877,49.4571016],[17.6223321,49.4570781],[17.6221636,49.4570576],[17.6221218,49.4570448],[17.6219749,49.4569588],[17.621811,49.4569043],[17.6217559,49.4568637],[17.6217007,49.4568303],[17.6216719,49.456822],[17.6214811,49.4567913],[17.6214484,49.4567777],[17.6214476,49.4567685],[17.6214703,49.4567498],[17.6214988,49.4567364],[17.621524,49.4567239],[17.6215219,49.4567189],[17.6214981,49.4567126],[17.6214443,49.4566682],[17.6214209,49.4566581],[17.6214006,49.4566496],[17.6199395,49.4559135],[17.6202687,49.4553234],[17.6202053,49.4553043],[17.620846,49.4543709],[17.6187658,49.4536803],[17.6186767,49.4537009],[17.6179288,49.4547979],[17.6178666,49.4547795],[17.6178576,49.4543892],[17.6175319,49.4542816],[17.6173213,49.454212],[17.6170965,49.4541377],[17.6141849,49.4539096],[17.6141234,49.4539172],[17.6153178,49.4525619],[17.6139873,49.4512666],[17.6138895,49.4510828],[17.6121684,49.4501277],[17.6121461,49.450107],[17.612339,49.4498082],[17.6122154,49.4496543]]]}},{"type":"Feature","properties":{"SKNAZEV":"oblast a osa","OBTYPNAZEV":"AKC","DRUH_O_AKC":"AOS","ID_LOKAL":3,"OZNACENI_P":"AOS3","UO":1,"VYKON":174,"UROVEN":"URP","ID_NDOK":null,"NAZEV_NDOK":null,"NAZEV":"Vrbka","ZM_CISLO_P":2,"EUP_KOD_P":22907,"ZAPIS":"ZMZA"},"geometry":{"type":"Polygon","coordinates":[[[17.4038268,49.2409174],[17.4038267,49.2409653],[17.4035856,49.2412541],[17.4032868,49.2414243],[17.4026664,49.2417175],[17.4026296,49.241735],[17.4026173,49.2417383],[17.4025715,49.2417201],[17.4022161,49.2413068],[17.4020374,49.2411184],[17.4016728,49.2407473],[17.3999753,49.240818],[17.3981722,49.2398653],[17.3979898,49.2399824],[17.3979126,49.2399864],[17.39725,49.2395229],[17.3966655,49.2390619],[17.3961252,49.2385549],[17.3958946,49.2386355],[17.3945319,49.2371843],[17.3949033,49.237055],[17.393767,49.2364452],[17.393929,49.236476],[17.3948635,49.2358026],[17.396132,49.2355995],[17.3962994,49.2356579],[17.3987656,49.2350122],[17.3986823,49.234895],[17.3987206,49.234885],[17.4001321,49.2348617],[17.4010906,49.2345407],[17.4014254,49.2344284],[17.4017213,49.2343293],[17.4014669,49.234014],[17.4032831,49.2333832],[17.4032763,49.2332943],[17.4025931,49.2324005],[17.4022609,49.2325019],[17.4019955,49.2325862],[17.4017384,49.2326643],[17.4015783,49.2327129],[17.4012401,49.2328445],[17.4008383,49.2330069],[17.4006364,49.2330767],[17.4005017,49.2331139],[17.4003688,49.2331506],[17.399935,49.2332421],[17.3997367,49.2333266],[17.3996839,49.2333375],[17.3985776,49.2334608],[17.3983903,49.2334846],[17.3982164,49.2335043],[17.3980343,49.2335175],[17.3978879,49.2335262],[17.3977265,49.2335317],[17.397652,49.2335328],[17.3973886,49.2335318],[17.3964518,49.2335064],[17.3963399,49.2335069],[17.395971,49.2334564],[17.3959647,49.2334116],[17.3971741,49.2324593],[17.3952802,49.231316],[17.3952251,49.2313107],[17.3943287,49.2311732],[17.3935296,49.2311195],[17.3936085,49.2304965],[17.3936488,49.2301781],[17.3940312,49.2292379],[17.3941457,49.2288698],[17.3942225,49.2288433],[17.3944346,49.2281609],[17.3945618,49.2281779],[17.3947223,49.2281993],[17.3949899,49.228235],[17.3954721,49.2282995],[17.3955793,49.2280677],[17.3957014,49.2281279],[17.3961209,49.2280041],[17.396654,49.2281124],[17.3970304,49.2277743],[17.3972908,49.2278217],[17.3975065,49.2278588],[17.3978706,49.2278949],[17.3997283,49.2281243],[17.4001421,49.2281844],[17.4005605,49.2282461],[17.400733,49.2291032],[17.4014006,49.2291081],[17.4025139,49.2277881],[17.4027106,49.227848],[17.4034347,49.2280684],[17.4034833,49.2280595],[17.4035915,49.2280363],[17.4037031,49.2281435],[17.4038642,49.2280579],[17.4049605,49.2285003],[17.4050369,49.2285207],[17.4050622,49.2285276],[17.4058921,49.2278121],[17.4060121,49.2278134],[17.4061053,49.2278427],[17.4062061,49.2278745],[17.4063347,49.227915],[17.4065722,49.2279393],[17.4068795,49.227879],[17.4064267,49.2287094],[17.406673,49.2286798],[17.4069327,49.2286483],[17.4069966,49.2287071],[17.406997,49.2288009],[17.4070669,49.2288119],[17.4071584,49.2292567],[17.4072278,49.2295384],[17.407326,49.2296191],[17.4073895,49.2298902],[17.4074299,49.229991],[17.4075743,49.2301038],[17.4076962,49.230254],[17.407635,49.2304966],[17.4075065,49.2306671],[17.4061165,49.2303964],[17.4056749,49.2307504],[17.4056096,49.2308026],[17.4053457,49.231021],[17.4051325,49.231186],[17.4048359,49.2313606],[17.4045508,49.2315352],[17.4043048,49.2316786],[17.4041529,49.231774],[17.4043469,49.2323152],[17.4045344,49.2328379],[17.4046104,49.2329432],[17.4046729,49.2329354],[17.4049763,49.232837],[17.4049511,49.2328005],[17.4051376,49.2326657],[17.4053658,49.2325678],[17.4056816,49.2323247],[17.4060078,49.2321928],[17.4062953,49.2320323],[17.4072029,49.2316474],[17.4077165,49.2310759],[17.4079983,49.2307135],[17.4081771,49.23055],[17.4083253,49.2305021],[17.4084338,49.2304969],[17.4085329,49.2305142],[17.4090678,49.2308202],[17.409488,49.2310409],[17.409525,49.2310603],[17.4095846,49.2310797],[17.409653,49.2310847],[17.4096532,49.2311257],[17.4096228,49.2311744],[17.4096407,49.2313253],[17.4097253,49.2313111],[17.4107205,49.231919],[17.4109289,49.2320676],[17.4109896,49.2321021],[17.411111,49.2321236],[17.4112067,49.2321066],[17.4113048,49.2320494],[17.4114565,49.2319436],[17.4117004,49.231806],[17.4117791,49.2317447],[17.4118612,49.2316585],[17.4118882,49.2316195],[17.4119912,49.2314717],[17.4122027,49.2312766],[17.4122725,49.2312019],[17.412526,49.2310313],[17.4128701,49.2307985],[17.4130241,49.230694],[17.4132008,49.230574],[17.413322,49.2304916],[17.4133672,49.2304585],[17.4134177,49.2304216],[17.413517,49.2304015],[17.4139146,49.2300276],[17.4139821,49.2299745],[17.414138,49.2298519],[17.4142055,49.2297988],[17.4142967,49.2297352],[17.414461,49.2296205],[17.4146161,49.2295122],[17.4147995,49.2293843],[17.4148774,49.2293333],[17.4149545,49.2293083],[17.4150054,49.2292753],[17.4151479,49.2291828],[17.4151798,49.2291431],[17.4152147,49.2290995],[17.4165423,49.2297719],[17.4166904,49.2298414],[17.4167575,49.2298779],[17.4172101,49.2301327],[17.4177596,49.2297194],[17.4179881,49.2298463],[17.4185345,49.2301163],[17.4185672,49.2300838],[17.4189724,49.2302259],[17.4196319,49.2304158],[17.4215486,49.2307935],[17.4215525,49.2307528],[17.4218435,49.2308406],[17.4221868,49.2309872],[17.4222521,49.2310564],[17.422279,49.2310603],[17.422255,49.231104],[17.422397,49.2311967],[17.4224847,49.231254],[17.422703,49.2313856],[17.4224161,49.2325051],[17.4224615,49.2325269],[17.4224707,49.2325478],[17.4232384,49.232421],[17.4231945,49.2325107],[17.4235889,49.2338369],[17.4236686,49.2340993],[17.4239634,49.2342465],[17.4238851,49.2343046],[17.4242947,49.2346465],[17.4240969,49.234772],[17.4238835,49.2349376],[17.4234511,49.235223],[17.4220231,49.2361975],[17.4216523,49.2364765],[17.4210656,49.2369041],[17.4195651,49.238075],[17.4195244,49.2381176],[17.4193746,49.2380902],[17.418698,49.2380099],[17.4185238,49.2379616],[17.4159179,49.2375819],[17.41517,49.2377697],[17.4145016,49.2387375],[17.4144311,49.2387475],[17.4133711,49.2380678],[17.413143,49.2379216],[17.4128965,49.2377636],[17.4127658,49.2376796],[17.4126495,49.2376051],[17.4125332,49.2375305],[17.4124175,49.2374563],[17.4122943,49.2373773],[17.4157828,49.2353825],[17.4156869,49.235301],[17.4155828,49.2352127],[17.4154697,49.2351166],[17.4153915,49.2350503],[17.4152723,49.2349491],[17.4152198,49.2349023],[17.4151701,49.2348581],[17.4144334,49.235066],[17.4143631,49.2349579],[17.4143297,49.2349175],[17.4142882,49.2348616],[17.414071,49.2349416],[17.4136852,49.2351173],[17.4133246,49.2352997],[17.4130066,49.2355018],[17.4115614,49.2352028],[17.411541,49.2352181],[17.4113014,49.2353129],[17.4108233,49.2354753],[17.410664,49.2355373],[17.4105054,49.235599],[17.4104167,49.2356292],[17.4102495,49.2356862],[17.4101148,49.2357321],[17.4099672,49.2357824],[17.4098047,49.2358283],[17.409326,49.2359638],[17.4089841,49.2360686],[17.4088281,49.2361139],[17.408523,49.2362023],[17.4083606,49.2362494],[17.4082353,49.2362857],[17.4079772,49.2363606],[17.4075904,49.2364676],[17.4073817,49.2365254],[17.4072106,49.2365728],[17.4070244,49.2366243],[17.4068453,49.2366739],[17.4063916,49.2368007],[17.40609,49.2368872],[17.405611,49.2370247],[17.4052204,49.2371929],[17.4051441,49.237215],[17.4051019,49.2372048],[17.4050287,49.2371872],[17.4048989,49.2372334],[17.404734,49.2372945],[17.404566,49.2373565],[17.4042415,49.2374766],[17.4040897,49.2375327],[17.4038807,49.23761],[17.4037263,49.2376671],[17.4058039,49.24003],[17.4056474,49.2400879],[17.4055336,49.24013],[17.4055071,49.2401627],[17.4054136,49.2402781],[17.4053781,49.2403218],[17.4052599,49.2403288],[17.4052005,49.2403324],[17.4050082,49.2403687],[17.4048008,49.2404721],[17.4045426,49.2405351],[17.4045235,49.2405398],[17.4043983,49.2406045],[17.4042937,49.2406136],[17.4041767,49.2406727],[17.4040665,49.2407593],[17.4039281,49.2408336],[17.4038268,49.2409174]]]}},{"type":"Feature","properties":{"SKNAZEV":"oblast a osa","OBTYPNAZEV":"AKC","DRUH_O_AKC":"AOS","ID_LOKAL":4,"OZNACENI_P":"AOS4","UO":1,"VYKON":49,"UROVEN":"URP","ID_NDOK":null,"NAZEV_NDOK":null,"NAZEV":"Karolín","ZM_CISLO_P":2,"EUP_KOD_P":22907,"ZAPIS":"ZMZA"},"geometry":{"type":"Polygon","coordinates":[[[17.4280639,49.2339748],[17.428073,49.2339645],[17.4280816,49.2339549],[17.427934,49.2337893],[17.4280774,49.2337748],[17.4311698,49.2334632],[17.4318602,49.233305],[17.4313445,49.2327551],[17.4314607,49.2327282],[17.4315826,49.2327006],[17.4316945,49.232675],[17.4318055,49.2326489],[17.4319113,49.232624],[17.4320292,49.2325963],[17.4321508,49.2325676],[17.4322676,49.2325397],[17.4323867,49.2325112],[17.4325011,49.2324839],[17.432618,49.2324559],[17.4327289,49.2324294],[17.4328488,49.2324005],[17.4329669,49.2323725],[17.433086,49.2323415],[17.4331958,49.2323129],[17.4333017,49.2322853],[17.4334145,49.2322558],[17.4336115,49.2322074],[17.4336469,49.232201],[17.4337662,49.2321724],[17.4338855,49.2321438],[17.4340061,49.2321149],[17.4341387,49.232087],[17.4342623,49.2320617],[17.4343904,49.2320334],[17.4345084,49.2320065],[17.4346314,49.2319788],[17.4347484,49.2319489],[17.4348709,49.2319171],[17.4349916,49.2318869],[17.435114,49.2318603],[17.4352336,49.231831],[17.4353484,49.2318029],[17.4355937,49.2317439],[17.4356062,49.2317569],[17.4356217,49.2317714],[17.4362452,49.2322761],[17.4378264,49.2341316],[17.4375844,49.2342414],[17.4389617,49.2356188],[17.4392288,49.2355809],[17.4390416,49.2356375],[17.4393849,49.2369949],[17.4381837,49.2372096],[17.4380381,49.2372222],[17.4377931,49.2372435],[17.4375278,49.2372665],[17.437197,49.2372952],[17.4368455,49.2373258],[17.4366322,49.2373436],[17.4365281,49.2373535],[17.43619,49.237383],[17.4357786,49.2374188],[17.4353651,49.2374549],[17.4348616,49.2374988],[17.4348328,49.2375013],[17.4348898,49.2375829],[17.4349003,49.237598],[17.4349899,49.2377257],[17.4350819,49.2378567],[17.4351757,49.2379906],[17.4352644,49.2381168],[17.435357,49.2382488],[17.4355032,49.2384573],[17.4356621,49.2386838],[17.4357502,49.2388093],[17.4357642,49.2388292],[17.4358792,49.2389932],[17.4382331,49.2383181],[17.4382717,49.2383678],[17.4395469,49.2398145],[17.4395682,49.239857],[17.4394336,49.2398987],[17.4393267,49.2399318],[17.4403692,49.2412752],[17.4405059,49.2414415],[17.4406492,49.2416127],[17.440803,49.2417982],[17.440091,49.2423124],[17.4393258,49.2423452],[17.4390731,49.2421804],[17.4388343,49.2420338],[17.4386208,49.2418826],[17.4384049,49.2417443],[17.4382047,49.2416146],[17.4380653,49.2415174],[17.437824,49.241362],[17.4376409,49.2412466],[17.4375159,49.2411612],[17.4374684,49.2411276],[17.4373501,49.2410464],[17.4372369,49.2409647],[17.4371267,49.2408917],[17.4370181,49.2408234],[17.4368264,49.2406915],[17.4367739,49.2406568],[17.4365008,49.2404689],[17.4363991,49.2404028],[17.4363381,49.240357],[17.4362635,49.240278],[17.4351664,49.2396386],[17.4347571,49.2395448],[17.4346109,49.2394775],[17.4345603,49.23944],[17.4345236,49.2394091],[17.4344956,49.2393855],[17.4343602,49.2392715],[17.4342406,49.2391286],[17.4341186,49.2391855],[17.4325559,49.2388185],[17.4317759,49.2378319],[17.4315146,49.2374817],[17.4313082,49.2372459],[17.4311045,49.2367031],[17.4306195,49.2362196],[17.4303013,49.2359204],[17.4301892,49.2358704],[17.4294194,49.2353077],[17.4293405,49.2353512],[17.4290117,49.2352023],[17.428506,49.2351145],[17.4280636,49.2350377],[17.4273414,49.2348091],[17.4258761,49.2343332],[17.4256501,49.2342862],[17.4241496,49.2325379],[17.4249986,49.2328556],[17.4251332,49.2328973],[17.4256437,49.2330746],[17.4262101,49.2333118],[17.4262026,49.2333395],[17.4262502,49.2333486],[17.426259,49.2333302],[17.4268751,49.2335485],[17.4271299,49.2336519],[17.4271913,49.2336684],[17.4280639,49.2339748]]]}},{"type":"Feature","properties":{"SKNAZEV":"oblast a osa","OBTYPNAZEV":"AKC","DRUH_O_AKC":"AOS","ID_LOKAL":5,"OZNACENI_P":"AOS5","UO":1,"VYKON":48,"UROVEN":"URP","ID_NDOK":null,"NAZEV_NDOK":null,"NAZEV":"Malenovice","ZM_CISLO_P":2,"EUP_KOD_P":22907,"ZAPIS":"ZMZA"},"geometry":{"type":"Polygon","coordinates":[[[17.586489,49.2003132],[17.586239,49.200277],[17.585989,49.2002409],[17.586494,49.1992764],[17.5864447,49.1992604],[17.5864982,49.1991591],[17.5862605,49.1991273],[17.5863533,49.1988334],[17.5862848,49.1986612],[17.5863465,49.198525],[17.5864141,49.19825],[17.5861689,49.1980759],[17.5861795,49.1980698],[17.5859377,49.1980341],[17.5858344,49.1980317],[17.5860934,49.1971327],[17.5860455,49.1962323],[17.5860032,49.1961957],[17.5858609,49.1958887],[17.5857828,49.1956682],[17.5856932,49.1955198],[17.5858406,49.1944349],[17.5857986,49.1934431],[17.585557,49.1934147],[17.5855195,49.1933738],[17.5857788,49.1926848],[17.5859077,49.1926741],[17.5860871,49.192564],[17.5861278,49.1925389],[17.5863394,49.1924658],[17.5863901,49.1924482],[17.5864737,49.1924391],[17.5865477,49.192431],[17.5866068,49.1924152],[17.5867504,49.1923771],[17.5867886,49.1923669],[17.5869846,49.1923214],[17.5870559,49.1923049],[17.5870989,49.192305],[17.5872325,49.1923052],[17.5872881,49.1923052],[17.5873505,49.1923097],[17.587637,49.1923303],[17.5877629,49.1923404],[17.5878787,49.1923505],[17.5880254,49.1923634],[17.5881318,49.1923727],[17.5881541,49.1923833],[17.5883482,49.1924753],[17.5884683,49.1925322],[17.5885653,49.1925781],[17.5886909,49.1926685],[17.5887801,49.1927326],[17.5887999,49.1927848],[17.5888244,49.1928491],[17.5887688,49.192999],[17.5887432,49.1932423],[17.5887316,49.1935343],[17.5887645,49.193695],[17.5888512,49.1938229],[17.5891396,49.1939312],[17.5894326,49.1940195],[17.5896615,49.1942752],[17.5897805,49.1939013],[17.5900257,49.1938662],[17.5900613,49.1938611],[17.590319,49.193901],[17.5905982,49.1938751],[17.5906255,49.1936139],[17.5911605,49.1933647],[17.5915379,49.1938462],[17.5917717,49.1940366],[17.5920337,49.1941637],[17.5924832,49.1941387],[17.5930862,49.194147],[17.5931802,49.1943954],[17.5934875,49.1946192],[17.5940743,49.1949643],[17.59421,49.1950267],[17.5942701,49.1950544],[17.5943781,49.1952409],[17.5944229,49.1952298],[17.5953235,49.1956551],[17.5953459,49.1956638],[17.5966009,49.1960901],[17.5967063,49.1960903],[17.5966217,49.1963234],[17.5964866,49.1964546],[17.5969864,49.1967238],[17.5969513,49.19675],[17.5966896,49.1969458],[17.5966259,49.1969935],[17.5966553,49.1970125],[17.596685,49.1970299],[17.5966434,49.1970538],[17.5967096,49.1971219],[17.5970412,49.19747],[17.5970663,49.1976015],[17.5969445,49.197599],[17.5968457,49.1976546],[17.5968579,49.1976384],[17.5965501,49.1976643],[17.5964258,49.1976975],[17.5961967,49.1978014],[17.595721,49.1979824],[17.5951797,49.1981546],[17.5950087,49.198209],[17.5949732,49.1982203],[17.5948743,49.1982726],[17.5942785,49.19841],[17.5942408,49.1984362],[17.5942062,49.1984334],[17.5942426,49.1985771],[17.5942977,49.1985728],[17.594336,49.1991819],[17.5943127,49.1992826],[17.5942528,49.1992788],[17.5940281,49.1992648],[17.5936583,49.1992801],[17.5931418,49.1993227],[17.5929805,49.1990528],[17.5927877,49.1986015],[17.5927728,49.1986037],[17.5927565,49.1986061],[17.5928385,49.1995573],[17.593105,49.1995538],[17.5930883,49.1996752],[17.5930509,49.1999071],[17.5929929,49.1999069],[17.5928361,49.1999086],[17.5926176,49.1999124],[17.5926227,49.200326],[17.5926539,49.2004541],[17.5925761,49.2004719],[17.5923035,49.2005346],[17.5920183,49.2006064],[17.5918141,49.2000162],[17.591628,49.2000019],[17.5914739,49.19999],[17.5911964,49.1999659],[17.5910157,49.1999447],[17.5906802,49.2006118],[17.5903663,49.2006466],[17.5900584,49.2006083],[17.5900245,49.200586],[17.5899696,49.2005504],[17.5899431,49.2005809],[17.5899133,49.2006096],[17.5898493,49.2005824],[17.5894072,49.2005274],[17.5882791,49.2003511],[17.5881301,49.2003428],[17.5879785,49.2003344],[17.5877761,49.2003101],[17.5877384,49.2003078],[17.5874583,49.2003183],[17.5871481,49.2003299],[17.5871015,49.2003317],[17.5867533,49.2003842],[17.5866266,49.2003549],[17.586489,49.2003132]]]}},{"type":"Feature","properties":{"SKNAZEV":"oblast a osa","OBTYPNAZEV":"AKC","DRUH_O_AKC":"AOS","ID_LOKAL":6,"OZNACENI_P":"AOS6","UO":1,"VYKON":56,"UROVEN":"URP","ID_NDOK":null,"NAZEV_NDOK":null,"NAZEV":"Zdounky","ZM_CISLO_P":2,"EUP_KOD_P":22907,"ZAPIS":"ZMZA"},"geometry":{"type":"Polygon","coordinates":[[[17.2941459,49.2441657],[17.2956139,49.2432419],[17.2961664,49.2432166],[17.2968977,49.243255],[17.2974209,49.2432636],[17.2975083,49.2432642],[17.2982222,49.2432428],[17.2997692,49.2427046],[17.3002207,49.2424979],[17.3004256,49.2420427],[17.3004525,49.2419874],[17.3006221,49.2416239],[17.3007816,49.2411613],[17.3011881,49.2406165],[17.3013821,49.2406149],[17.3015909,49.2404577],[17.3017344,49.2403205],[17.3020448,49.2400775],[17.303228,49.2403148],[17.3030525,49.2396943],[17.3023981,49.2393518],[17.3024159,49.2393089],[17.3024297,49.2392759],[17.3024833,49.2390858],[17.3025683,49.238811],[17.3025751,49.2385655],[17.3025818,49.2385011],[17.3025951,49.2383748],[17.303665,49.2380077],[17.3037294,49.2378311],[17.3028812,49.2374382],[17.3017049,49.2371568],[17.301587,49.2370684],[17.3014807,49.2369889],[17.3013862,49.236918],[17.3012767,49.2368361],[17.3011903,49.2367739],[17.3008544,49.2365322],[17.3007458,49.236454],[17.3006468,49.2363829],[17.3005955,49.236346],[17.3004319,49.2362282],[17.3004131,49.2362147],[17.3003354,49.23612],[17.3002782,49.2360503],[17.3001992,49.235954],[17.3001781,49.2359283],[17.2999104,49.2352169],[17.2998468,49.2350285],[17.2999441,49.2347671],[17.2999462,49.234739],[17.3001364,49.2344496],[17.3002016,49.2343506],[17.3002115,49.2343355],[17.3002327,49.2343144],[17.3003009,49.2342468],[17.3003518,49.2341964],[17.3003901,49.2341584],[17.300481,49.2340684],[17.3005311,49.2340187],[17.3006186,49.233932],[17.3006702,49.2338808],[17.3007687,49.2338232],[17.3008626,49.2337683],[17.3009233,49.2337328],[17.3009787,49.2337003],[17.3011947,49.233574],[17.3012477,49.233543],[17.301299,49.233513],[17.3013064,49.2335086],[17.3014375,49.2334747],[17.3015367,49.2334235],[17.3016759,49.2333518],[17.3017716,49.2333024],[17.3018439,49.2332651],[17.3019075,49.2332324],[17.3020136,49.2331776],[17.3020667,49.2331537],[17.3020845,49.2331411],[17.3023464,49.2330167],[17.3023695,49.2330057],[17.3024754,49.2329686],[17.3025424,49.2329451],[17.3028021,49.232854],[17.302947,49.2328163],[17.3035502,49.23398],[17.3038755,49.2337835],[17.3045142,49.2335821],[17.3043833,49.2334767],[17.3044918,49.2334111],[17.3044021,49.2328694],[17.304432,49.2325757],[17.3047043,49.2325501],[17.3049364,49.2325281],[17.3052934,49.2324774],[17.3057309,49.2324153],[17.3059537,49.2324778],[17.3063232,49.2325815],[17.3066875,49.2325751],[17.3071323,49.2325295],[17.3072949,49.2325131],[17.3093692,49.2322944],[17.3099526,49.2321781],[17.3104906,49.2319496],[17.3105291,49.231922],[17.3109153,49.2316477],[17.3109678,49.2316104],[17.311202,49.2312112],[17.3113397,49.2310501],[17.3114721,49.2310211],[17.3115773,49.2310958],[17.3117843,49.2313611],[17.3119289,49.2315847],[17.311981,49.2316525],[17.3123623,49.2323429],[17.3121536,49.2324629],[17.3116112,49.2326754],[17.3102917,49.2337706],[17.3098759,49.2337422],[17.3097206,49.2335672],[17.3066555,49.2337752],[17.3054118,49.2338814],[17.3049643,49.2347095],[17.3055124,49.2358712],[17.3064427,49.2370024],[17.3065201,49.2370771],[17.3065608,49.2371094],[17.306567,49.2371143],[17.3065344,49.2371317],[17.3065662,49.2372527],[17.3065888,49.2372598],[17.3064433,49.2373832],[17.3064261,49.2374828],[17.3066017,49.237635],[17.3068341,49.2378637],[17.3072101,49.2380659],[17.3071848,49.2380896],[17.3062933,49.2392809],[17.3063593,49.2394207],[17.3065282,49.2396256],[17.3065572,49.2396607],[17.3065023,49.2396606],[17.3066389,49.239857],[17.306254,49.2402287],[17.3059693,49.2406438],[17.3058593,49.2409221],[17.3056717,49.2412779],[17.305159,49.2412588],[17.3051532,49.2412773],[17.3044204,49.2412389],[17.3042593,49.241386],[17.3041021,49.2415293],[17.3037823,49.2418211],[17.3033369,49.2422277],[17.3033549,49.2422441],[17.3034258,49.242308],[17.3039694,49.2430632],[17.3044352,49.2433791],[17.3048536,49.243673],[17.3050287,49.2437886],[17.3052224,49.243904],[17.3054635,49.244022],[17.3052007,49.2442812],[17.305275,49.2443859],[17.3049586,49.2457001],[17.3049453,49.2457263],[17.3048675,49.2458093],[17.3042194,49.2458691],[17.3028804,49.2457605],[17.3024504,49.2460517],[17.3013227,49.2450896],[17.3013842,49.2448236],[17.298138,49.2444467],[17.2982413,49.2446167],[17.2950715,49.2454281],[17.294835,49.2452627],[17.2947758,49.245244],[17.2947049,49.2451113],[17.2946005,49.2449418],[17.294555,49.2448678],[17.2945103,49.2447953],[17.2943907,49.2446011],[17.2943823,49.2445859],[17.2943737,49.2445707],[17.2941459,49.2441657]]]}},{"type":"Feature","properties":{"SKNAZEV":"oblast a osa","OBTYPNAZEV":"AKC","DRUH_O_AKC":"AOS","ID_LOKAL":7,"OZNACENI_P":"AOS7","UO":1,"VYKON":52,"UROVEN":"URP","ID_NDOK":null,"NAZEV_NDOK":null,"NAZEV":"Ptení","ZM_CISLO_P":2,"EUP_KOD_P":22907,"ZAPIS":"ZMZA"},"geometry":{"type":"Polygon","coordinates":[[[16.9468239,49.516945],[16.9467615,49.5165731],[16.9470055,49.5162247],[16.947254,49.516191],[16.9475073,49.5161574],[16.9477265,49.5161351],[16.9479292,49.516114],[16.9482772,49.5159804],[16.9479993,49.5156006],[16.9479973,49.5155289],[16.94828,49.5144149],[16.9485214,49.5144283],[16.9487326,49.5142921],[16.9501784,49.5147145],[16.9503617,49.5140229],[16.9523524,49.5137582],[16.9523288,49.5140306],[16.9549767,49.5145431],[16.9551075,49.5145255],[16.9552273,49.5145092],[16.9553615,49.5144911],[16.9555433,49.5145441],[16.955549,49.514576],[16.9555955,49.5148298],[16.9555974,49.5148403],[16.9559165,49.5148088],[16.9559942,49.5148417],[16.9560958,49.5148846],[16.9561552,49.5149098],[16.9562905,49.5150226],[16.956306,49.5150574],[16.9562859,49.5152049],[16.9559957,49.5154828],[16.9560075,49.5155264],[16.9561337,49.5155399],[16.9563597,49.5153965],[16.9564755,49.5153183],[16.9565666,49.5152334],[16.9566672,49.5151393],[16.9567074,49.5151018],[16.9567547,49.5150577],[16.956811,49.5150125],[16.9569116,49.514964],[16.9570026,49.5149202],[16.9570854,49.5148587],[16.9571062,49.514809],[16.9571115,49.5147555],[16.9571628,49.5147011],[16.9579761,49.5145859],[16.9581403,49.5145598],[16.9584742,49.5145253],[16.9585049,49.5145188],[16.9584939,49.5146283],[16.9584864,49.5147051],[16.9584712,49.5148498],[16.9584652,49.514908],[16.9584514,49.5149777],[16.958437,49.5150548],[16.9584282,49.5151011],[16.9584184,49.515153],[16.9584006,49.5152552],[16.9583823,49.5153672],[16.9583644,49.5154776],[16.9583251,49.5157143],[16.9583052,49.5158318],[16.9583004,49.5158605],[16.9582906,49.5159179],[16.9582786,49.5159897],[16.9582558,49.5161261],[16.9582435,49.5161998],[16.9582322,49.516268],[16.9582267,49.5163407],[16.9582207,49.5164195],[16.9577866,49.5163764],[16.9575088,49.5163194],[16.9570498,49.5162666],[16.9566779,49.5162381],[16.955926,49.5161662],[16.9557277,49.5161472],[16.955238,49.5160667],[16.9551509,49.5160524],[16.9549884,49.5161401],[16.9549213,49.5161959],[16.9558839,49.5163315],[16.9567645,49.5164438],[16.9573995,49.5165293],[16.9575952,49.5165587],[16.9581499,49.5166423],[16.9581777,49.5166552],[16.9580985,49.5167422],[16.957992,49.5169112],[16.9579569,49.5170916],[16.9579453,49.5172463],[16.9580367,49.5172573],[16.958011,49.5173199],[16.9581264,49.5173042],[16.9582668,49.5172852],[16.9584085,49.5172731],[16.9585034,49.517265],[16.9585613,49.5172104],[16.9586914,49.5172034],[16.9588467,49.5171977],[16.959009,49.5171921],[16.9591665,49.5171933],[16.9594833,49.5171878],[16.9593713,49.5172125],[16.9589516,49.5178305],[16.9590502,49.5178864],[16.9591754,49.5179337],[16.9589641,49.5179598],[16.9590036,49.5180171],[16.9588825,49.5180152],[16.9588641,49.5180508],[16.9587442,49.5181055],[16.9587433,49.5181577],[16.9591988,49.5184077],[16.9590944,49.5184308],[16.959159,49.5185214],[16.9590923,49.5186197],[16.9582047,49.5190507],[16.9585296,49.5192211],[16.9578758,49.51911],[16.957519,49.5191645],[16.9580321,49.5194262],[16.9576524,49.5195636],[16.9576586,49.5197219],[16.9575713,49.5197697],[16.9574646,49.5198147],[16.9576441,49.5200301],[16.957477,49.5201185],[16.957304,49.5201341],[16.9573077,49.5202249],[16.956937,49.520181],[16.9567766,49.520197],[16.9567944,49.5202837],[16.9570459,49.5204623],[16.9565297,49.5204482],[16.9565222,49.5205101],[16.9568975,49.5207316],[16.9572567,49.5209318],[16.9564523,49.5206901],[16.956068,49.5206122],[16.9558598,49.5205901],[16.9557257,49.5206732],[16.9556795,49.5208407],[16.955513,49.5207162],[16.9543951,49.5204243],[16.9544079,49.520376],[16.9544598,49.5201813],[16.9543662,49.5200764],[16.9531684,49.5200145],[16.9523211,49.5199697],[16.9522864,49.5199713],[16.9522073,49.5201591],[16.9521493,49.5202445],[16.9520866,49.5203364],[16.9518841,49.5204198],[16.9518344,49.5204674],[16.9517396,49.5205105],[16.9516759,49.5206],[16.9517239,49.5206865],[16.9517724,49.5207736],[16.9514478,49.520748],[16.9497409,49.5206137],[16.9490499,49.520575],[16.9483491,49.5205117],[16.9475476,49.5203166],[16.947748,49.5202334],[16.9478454,49.520193],[16.9479575,49.5201526],[16.9480604,49.5201154],[16.9481746,49.5200742],[16.9482845,49.5200345],[16.9483274,49.519969],[16.9477785,49.5198502],[16.9473953,49.5197835],[16.9466274,49.5197435],[16.9464742,49.51971],[16.9465195,49.5195902],[16.9465507,49.5194797],[16.9465702,49.5193928],[16.9465868,49.5193114],[16.946595,49.5192262],[16.9466034,49.5191494],[16.9466123,49.5190712],[16.9466184,49.5190029],[16.9466222,49.5189313],[16.9466268,49.5188626],[16.9466298,49.5187963],[16.9466006,49.5186962],[16.9471336,49.518663],[16.9471204,49.5185672],[16.9465663,49.5185995],[16.9465264,49.518518],[16.9464548,49.5183751],[16.9464119,49.5182891],[16.9463726,49.5182106],[16.9463357,49.518137],[16.9462674,49.5179972],[16.9462326,49.5179258],[16.9461133,49.5176633],[16.9464218,49.5173767],[16.9467745,49.5173362],[16.9468239,49.516945]]]}},{"type":"Feature","properties":{"SKNAZEV":"oblast a osa","OBTYPNAZEV":"AKC","DRUH_O_AKC":"AOV","ID_LOKAL":40,"OZNACENI_P":"AOV40","UO":1,"VYKON":46,"UROVEN":"URP","ID_NDOK":null,"NAZEV_NDOK":null,"NAZEV":"Lomnice","ZM_CISLO_P":2,"EUP_KOD_P":22907,"ZAPIS":"ZMZA","JE_AKTUALNI":true,"STAV_VYBERU":"ponechana"},"geometry":{"type":"Polygon","coordinates":[[[17.4022518,49.8641401],[17.402857,49.8640099],[17.4052568,49.865627],[17.4035942,49.8662569],[17.4014395,49.8669471],[17.4023565,49.868143],[17.4023849,49.8681801],[17.4024649,49.8682843],[17.4027201,49.868702],[17.4032677,49.8694079],[17.4035551,49.8697062],[17.4035588,49.8697145],[17.4038976,49.8696391],[17.4040959,49.8696436],[17.4038127,49.8727387],[17.4039106,49.873073],[17.4043257,49.8730454],[17.4046175,49.87307],[17.4045353,49.8732152],[17.4045599,49.8732591],[17.4045342,49.8733033],[17.4044738,49.8733235],[17.4042219,49.873473],[17.4044595,49.8739134],[17.405603,49.8743243],[17.4061002,49.8747211],[17.4066948,49.8749538],[17.4085385,49.8758832],[17.4084928,49.879259],[17.4085416,49.8792863],[17.408578,49.8793184],[17.411115,49.8816765],[17.4111705,49.8816772],[17.411158,49.8817061],[17.4128783,49.8825577],[17.4160622,49.8852182],[17.4161384,49.8852452],[17.4153148,49.8855803],[17.4157186,49.8860133],[17.4169729,49.8866273],[17.4170147,49.8867334],[17.4169293,49.8868884],[17.41872,49.8899579],[17.4199762,49.8898681],[17.41991,49.8899193],[17.4199771,49.8900386],[17.4200724,49.890131],[17.4200136,49.8901512],[17.4199621,49.8901877],[17.4199095,49.8902472],[17.4198115,49.8905574],[17.4198311,49.8909726],[17.4197593,49.8913204],[17.4197576,49.8916138],[17.4197086,49.8917276],[17.4190365,49.8927186],[17.4188218,49.8927074],[17.4188177,49.8927332],[17.4185557,49.8927076],[17.4183664,49.8926983],[17.4181816,49.8927269],[17.417876,49.8928332],[17.417692,49.8928663],[17.4175654,49.8928371],[17.4172387,49.8926507],[17.4170426,49.8926046],[17.4163445,49.8925504],[17.4160179,49.8925358],[17.4158173,49.892504],[17.4155354,49.8924919],[17.4149807,49.8925221],[17.4145061,49.8925597],[17.4141558,49.8925681],[17.4123547,49.8927124],[17.4121174,49.8927255],[17.411473,49.8927943],[17.4111062,49.8928434],[17.4111113,49.892793],[17.4108669,49.8928088],[17.4108166,49.892812],[17.4107226,49.8928197],[17.4100159,49.8928775],[17.4090198,49.8929328],[17.4081042,49.8929959],[17.4077729,49.8930266],[17.4076069,49.8930375],[17.4073222,49.8930505],[17.4067994,49.8930832],[17.4066083,49.8931173],[17.4058449,49.8931413],[17.4028493,49.8933742],[17.4002562,49.8933186],[17.3935474,49.8904843],[17.3922866,49.8903374],[17.3898424,49.890459],[17.3898974,49.8896213],[17.3897801,49.8892615],[17.3898894,49.8890294],[17.3901771,49.8888744],[17.3905335,49.8886367],[17.3910991,49.8880829],[17.3910209,49.8879009],[17.391355,49.8874852],[17.3913974,49.8874531],[17.3915758,49.8873813],[17.3910671,49.8869363],[17.3909155,49.8867831],[17.3908334,49.8867204],[17.3906394,49.8865935],[17.3905853,49.8865848],[17.3882667,49.8839981],[17.3867676,49.8839357],[17.3866213,49.8823617],[17.3866299,49.8809545],[17.3862045,49.8805063],[17.387114,49.8799981],[17.3867158,49.8795583],[17.3872184,49.8792369],[17.3873389,49.8791734],[17.3877659,49.8789481],[17.3882711,49.8786526],[17.3862768,49.8780954],[17.3862388,49.8779819],[17.385916,49.877915],[17.3856056,49.8752483],[17.3857856,49.8751656],[17.3851729,49.8740232],[17.3869437,49.872898],[17.3870701,49.8724898],[17.3867549,49.8724831],[17.3872862,49.8710682],[17.3871223,49.8709923],[17.3871238,49.8708964],[17.3872382,49.870797],[17.3877798,49.8695492],[17.3885134,49.8694856],[17.3893861,49.8699698],[17.3908347,49.8697242],[17.3942778,49.8666618],[17.3946766,49.8665918],[17.3955428,49.8663216],[17.396452,49.8659117],[17.3967937,49.8657731],[17.3975871,49.8654536],[17.3978305,49.8653723],[17.398184,49.8653016],[17.3996258,49.864904],[17.4000458,49.8647678],[17.4022518,49.8641401]]]}},{"type":"Feature","properties":{"SKNAZEV":"oblast a osa","OBTYPNAZEV":"AKC","DRUH_O_AKC":"AOV","ID_LOKAL":42,"OZNACENI_P":"AOV42","UO":1,"VYKON":32,"UROVEN":"URP","ID_NDOK":null,"NAZEV_NDOK":null,"NAZEV":"Jamartice","ZM_CISLO_P":2,"EUP_KOD_P":22907,"ZAPIS":"ZMZA","JE_AKTUALNI":true,"STAV_VYBERU":"ponechana"},"geometry":{"type":"Polygon","coordinates":[[[17.3047185,49.9519041],[17.3047622,49.9518175],[17.304846,49.9516516],[17.3048427,49.9515141],[17.3048366,49.9512617],[17.3048648,49.951057],[17.3049641,49.9506731],[17.3049243,49.9506339],[17.3049034,49.9505867],[17.3048736,49.9504168],[17.3048601,49.9503631],[17.3048425,49.950296],[17.3048514,49.9502652],[17.304876,49.9502488],[17.3049003,49.9502312],[17.304901,49.9502108],[17.3048781,49.9501757],[17.304857,49.9501685],[17.304804,49.9501593],[17.3047493,49.950117],[17.3047421,49.9500699],[17.3047534,49.9500473],[17.3047666,49.9500073],[17.3047648,49.9499792],[17.304754,49.9499714],[17.304723,49.9499752],[17.3047103,49.9499753],[17.3046988,49.9499616],[17.3046798,49.949923],[17.3046909,49.9499125],[17.3047017,49.949913],[17.3047184,49.9499091],[17.3047192,49.9498974],[17.3046973,49.9498792],[17.3046672,49.9498713],[17.3045267,49.9498128],[17.3044612,49.949773],[17.3044311,49.9497476],[17.3043886,49.9497102],[17.3043839,49.9496948],[17.3043556,49.9496743],[17.304273,49.9496157],[17.3042444,49.9495769],[17.3042322,49.9495706],[17.3042024,49.9495578],[17.3041538,49.949542],[17.3041094,49.9495239],[17.304081,49.9495],[17.304009,49.9494462],[17.3039661,49.9494251],[17.3039455,49.9494103],[17.3038989,49.9493875],[17.3038188,49.9493387],[17.3037351,49.949315],[17.3035123,49.9493023],[17.3033658,49.9493081],[17.3033439,49.9493245],[17.3033077,49.9493284],[17.3031737,49.9493437],[17.3030808,49.949336],[17.3029296,49.9493473],[17.3027934,49.9493671],[17.302546,49.94944],[17.3023833,49.9494787],[17.3022906,49.9494927],[17.3021474,49.9495095],[17.3019877,49.9495607],[17.3019425,49.9495977],[17.3019288,49.949614],[17.3019225,49.9496217],[17.3019061,49.9496252],[17.3018834,49.9496215],[17.301778,49.949605],[17.301705,49.949606],[17.3013077,49.9496706],[17.3012388,49.9497066],[17.3011807,49.9497047],[17.3007811,49.9494309],[17.30066,49.9492822],[17.3005374,49.9491155],[17.3004816,49.9489825],[17.3001782,49.9490798],[17.2996268,49.9491692],[17.2991555,49.9492266],[17.2989504,49.9492311],[17.2983642,49.9492442],[17.2979758,49.9492772],[17.297546,49.9492432],[17.2973854,49.9492682],[17.2968479,49.949352],[17.2967315,49.9485939],[17.2965643,49.9475773],[17.2965456,49.947558],[17.2964249,49.9475102],[17.2962048,49.9474426],[17.2960945,49.9474068],[17.2959287,49.9473437],[17.2957778,49.947292],[17.295574,49.9472197],[17.2951737,49.9470554],[17.2950593,49.9469989],[17.2949557,49.9469349],[17.2947552,49.9468556],[17.2945765,49.9467945],[17.2944887,49.9467411],[17.2943195,49.9466612],[17.2942353,49.9466077],[17.2941978,49.9465609],[17.294165,49.9465399],[17.2940945,49.9464776],[17.294068,49.9464543],[17.2938698,49.9463432],[17.2936995,49.9462504],[17.2936203,49.9462237],[17.2934387,49.9461861],[17.2933471,49.9461774],[17.2932455,49.9461843],[17.2931116,49.9461905],[17.2928829,49.946192],[17.2926174,49.9461882],[17.2923291,49.9461926],[17.292149,49.9462055],[17.2918328,49.9462541],[17.2915132,49.9462996],[17.2912633,49.9463493],[17.2911393,49.9463591],[17.2910954,49.9463564],[17.2908988,49.9463505],[17.2908067,49.9463432],[17.2907239,49.9463488],[17.2906114,49.9463518],[17.2905036,49.9463537],[17.2903143,49.9463578],[17.29016,49.9463616],[17.2899408,49.9463489],[17.289776,49.9463529],[17.2896025,49.9463578],[17.2895334,49.9463557],[17.2894574,49.9463452],[17.2891633,49.9462813],[17.2889447,49.9462402],[17.2889442,49.9462379],[17.2887377,49.9457482],[17.2887041,49.9456689],[17.2884911,49.9451697],[17.28867,49.9451551],[17.2887246,49.9452456],[17.2900472,49.9452547],[17.2892982,49.9432859],[17.289325,49.9428449],[17.2896746,49.9430195],[17.2896934,49.9428715],[17.2897042,49.9427865],[17.2900205,49.9426682],[17.2905367,49.9424303],[17.2905846,49.9424169],[17.2906834,49.9423908],[17.2910177,49.9423421],[17.2910403,49.9423778],[17.291096,49.9423519],[17.2911312,49.9423291],[17.2916829,49.942266],[17.2912092,49.941562],[17.2910223,49.9412656],[17.2909887,49.9411962],[17.290867,49.9409883],[17.2907707,49.9406788],[17.2910574,49.940623],[17.2911588,49.9404361],[17.2912443,49.9404162],[17.2912949,49.9404049],[17.2913966,49.9405477],[17.291436,49.9403109],[17.2927233,49.9397046],[17.2934327,49.9389572],[17.2934501,49.9389441],[17.2934387,49.9389118],[17.2941525,49.938345],[17.2945366,49.9380805],[17.2945137,49.9378873],[17.2945111,49.9378655],[17.2950651,49.9375328],[17.2957594,49.9374021],[17.2958996,49.9373743],[17.2964521,49.937265],[17.2971155,49.9371444],[17.2984458,49.9368911],[17.2986396,49.9368726],[17.2989519,49.9369234],[17.2992164,49.9370237],[17.2995405,49.9371803],[17.2997178,49.937341],[17.2998059,49.9374572],[17.2997607,49.9374904],[17.2981665,49.9390081],[17.2974704,49.9398104],[17.2972613,49.9399966],[17.2972733,49.9401169],[17.2973523,49.9402215],[17.2976143,49.9403133],[17.297881,49.9399716],[17.2981168,49.9398325],[17.299819,49.9388086],[17.2998313,49.9385712],[17.3001598,49.9379918],[17.3002212,49.9378643],[17.3003565,49.9377466],[17.3004014,49.9374907],[17.3005606,49.9369649],[17.300598,49.9368724],[17.3014686,49.9368205],[17.3015876,49.9366167],[17.3026235,49.9366036],[17.3030054,49.9365784],[17.3032375,49.9365206],[17.3039985,49.9364109],[17.3040016,49.9364594],[17.3040095,49.936718],[17.304305,49.9380932],[17.3054658,49.9379478],[17.3057017,49.9371127],[17.3057662,49.936679],[17.3097439,49.940374],[17.3109666,49.9404522],[17.3137493,49.9412448],[17.3142119,49.9412985],[17.3160005,49.9414493],[17.3168778,49.9419291],[17.3185598,49.943091],[17.3186094,49.9431084],[17.3202189,49.9435385],[17.3215128,49.94367],[17.322505,49.9440408],[17.3225919,49.9440284],[17.324125,49.9443907],[17.3235329,49.9448798],[17.3228201,49.9454686],[17.3222871,49.9459087],[17.3222467,49.945942],[17.3221926,49.946005],[17.3221051,49.9461036],[17.3218274,49.9464169],[17.3219057,49.9464708],[17.3225954,49.9464238],[17.3229402,49.9465237],[17.3229167,49.9465509],[17.322863,49.9466133],[17.3228664,49.9467487],[17.3228694,49.9468656],[17.3228549,49.94691],[17.3228129,49.9470383],[17.3227107,49.947156],[17.3225213,49.9473738],[17.3224632,49.9474406],[17.3224955,49.9474522],[17.3224783,49.947473],[17.3223444,49.9476354],[17.3221398,49.9478835],[17.321746,49.948361],[17.3216552,49.9485075],[17.3216249,49.9485562],[17.3216498,49.9485642],[17.321368,49.9490012],[17.3210814,49.9495123],[17.3209898,49.9496754],[17.3207025,49.9503842],[17.3206274,49.9506934],[17.3205503,49.951329],[17.3204173,49.951727],[17.3201113,49.9521865],[17.3195464,49.9529037],[17.3193409,49.9531253],[17.3206639,49.9538667],[17.3205254,49.9541647],[17.3204434,49.95451],[17.3206108,49.9545644],[17.3202733,49.9546681],[17.3199759,49.9547628],[17.3195882,49.9548679],[17.3194835,49.9553196],[17.3192659,49.9553626],[17.3186804,49.9554781],[17.317857,49.9556035],[17.3168457,49.9559703],[17.316998,49.956259],[17.3170771,49.956409],[17.3171715,49.9565293],[17.3172166,49.9565867],[17.3172449,49.9565785],[17.3176581,49.9570675],[17.3176821,49.9570959],[17.317686,49.9571004],[17.3177493,49.9571754],[17.3178203,49.95729],[17.3178341,49.9573123],[17.3179962,49.9575738],[17.3182017,49.9579906],[17.3183295,49.9582519],[17.3183464,49.9583371],[17.3183744,49.9584172],[17.3183841,49.9584452],[17.3183881,49.9584652],[17.3183959,49.9584799],[17.3183883,49.9585124],[17.3184041,49.9585233],[17.3183992,49.9585372],[17.3183693,49.958555],[17.3183271,49.9585624],[17.3183025,49.9585835],[17.318286,49.9586297],[17.3182817,49.9586828],[17.3182799,49.9587269],[17.3182507,49.9588941],[17.3182078,49.9590189],[17.3181753,49.9591584],[17.3181326,49.9593013],[17.3180923,49.9594307],[17.3180868,49.9595126],[17.3180651,49.9596209],[17.3180596,49.9596483],[17.318002,49.9597476],[17.3179684,49.9597779],[17.3178659,49.9598467],[17.3178182,49.9598636],[17.3176071,49.9599246],[17.3174771,49.9599546],[17.3172333,49.9599979],[17.3168579,49.960087],[17.3164794,49.9601564],[17.31619,49.9602294],[17.3161383,49.960253],[17.3161146,49.9602683],[17.3157164,49.9602224],[17.3139907,49.959553],[17.3134621,49.9586687],[17.3132361,49.9581873],[17.3131162,49.9579287],[17.3124742,49.9573459],[17.3122446,49.9572451],[17.3120812,49.9571518],[17.3119782,49.9571005],[17.3117719,49.9569802],[17.3116908,49.9568987],[17.3116427,49.9568662],[17.3115654,49.9568107],[17.3115447,49.9567827],[17.311533,49.9567164],[17.3114085,49.9563815],[17.311365,49.9562841],[17.3113388,49.9562064],[17.3113953,49.9561302],[17.3113546,49.9561142],[17.3113325,49.9555],[17.3110629,49.9550207],[17.3073585,49.9535649],[17.3067984,49.9529314],[17.3063394,49.9528542],[17.3047185,49.9519041]]]}},{"type":"Feature","properties":{"SKNAZEV":"oblast a osa","OBTYPNAZEV":"AKC","DRUH_O_AKC":"AOV","ID_LOKAL":45,"OZNACENI_P":"AOV45","UO":1,"VYKON":28,"UROVEN":"URP","ID_NDOK":null,"NAZEV_NDOK":null,"NAZEV":"Bušanovice","ZM_CISLO_P":2,"EUP_KOD_P":22907,"ZAPIS":"ZMZA","JE_AKTUALNI":false,"STAV_VYBERU":"zrusena"},"geometry":{"type":"Polygon","coordinates":[[[13.9353211,49.1074666],[13.9362324,49.1074453],[13.9381322,49.1074008],[13.9383561,49.1072651],[13.9385189,49.1073048],[13.9391573,49.1074046],[13.9399453,49.1071573],[13.9421,49.1073184],[13.9431585,49.107058],[13.9432605,49.1071074],[13.9437797,49.1070082],[13.9441322,49.1070955],[13.9441289,49.1075954],[13.9458481,49.1072638],[13.9460711,49.1072495],[13.9464775,49.1072501],[13.9469946,49.1073929],[13.9474403,49.1073568],[13.9480132,49.107353],[13.9483094,49.1073442],[13.9485728,49.1073437],[13.94896,49.1073429],[13.9493559,49.1071107],[13.9496285,49.1068462],[13.9502548,49.1068127],[13.950661,49.1068948],[13.9519,49.1070115],[13.9522923,49.1070112],[13.9526244,49.1070035],[13.9540707,49.1068388],[13.9542615,49.1069238],[13.9548243,49.1070145],[13.9549906,49.1070324],[13.9551489,49.1070375],[13.9547954,49.1075818],[13.9542848,49.1079664],[13.9541222,49.1081074],[13.9538203,49.1084063],[13.9546151,49.109465],[13.9547282,49.1098233],[13.9550378,49.1099573],[13.9549993,49.1099551],[13.9549646,49.1099658],[13.9549441,49.109985],[13.9543666,49.1106942],[13.954006,49.1115496],[13.954435,49.1133242],[13.9545134,49.1133467],[13.9553528,49.1132586],[13.9563071,49.1132215],[13.9566423,49.1132085],[13.957955,49.1134291],[13.959051,49.1133261],[13.9603283,49.1134032],[13.9609091,49.1134997],[13.960593,49.1137109],[13.9602664,49.1140528],[13.9599344,49.1141462],[13.9598075,49.1141819],[13.9595612,49.1143602],[13.9592405,49.1144488],[13.9590861,49.1147123],[13.9590658,49.1147075],[13.9589564,49.1149021],[13.9588287,49.1151292],[13.9586936,49.1153695],[13.9585042,49.1157062],[13.9583657,49.1159524],[13.9581679,49.1163042],[13.9578092,49.116942],[13.9580538,49.1170438],[13.9581016,49.1170279],[13.9585218,49.1171801],[13.9589163,49.1173059],[13.9591539,49.1176826],[13.9587621,49.1179121],[13.9585234,49.1180922],[13.9587299,49.1181887],[13.9588092,49.1182896],[13.9591917,49.1187242],[13.9592722,49.1200262],[13.9594457,49.1203357],[13.9595004,49.12059],[13.9595051,49.1207286],[13.9594188,49.1220063],[13.9593391,49.1222126],[13.9594341,49.1222144],[13.9594601,49.1223356],[13.9595179,49.1224693],[13.9595993,49.1224956],[13.9596879,49.1225061],[13.9601882,49.1229813],[13.9602214,49.1230522],[13.9602189,49.1231308],[13.9622893,49.124858],[13.9627662,49.1253398],[13.962707,49.1258595],[13.9622577,49.1260342],[13.961641,49.1260528],[13.9616284,49.1261873],[13.9617758,49.1265661],[13.9603583,49.1263182],[13.9608124,49.1275683],[13.9609974,49.1277348],[13.9578084,49.1275846],[13.9574595,49.1271708],[13.9566655,49.1273154],[13.9561394,49.1274239],[13.9548927,49.127982],[13.9546551,49.1283036],[13.9529455,49.1286849],[13.9527878,49.1294595],[13.9526254,49.1294618],[13.9526222,49.1295878],[13.9497365,49.1291615],[13.9497246,49.1292486],[13.9497132,49.1293312],[13.9496973,49.1294472],[13.949681,49.1295665],[13.9496734,49.1296227],[13.9496598,49.1297218],[13.9496357,49.1298978],[13.9518062,49.1303244],[13.9509996,49.1311412],[13.9507122,49.131149],[13.9505709,49.1311281],[13.9491468,49.1309176],[13.9480921,49.1308956],[13.9476349,49.1309216],[13.9472402,49.1308611],[13.9471218,49.1307496],[13.9465737,49.1307447],[13.9464283,49.1307194],[13.9464612,49.1303531],[13.9457056,49.1303014],[13.9453249,49.1302579],[13.9451766,49.1302921],[13.9444309,49.1296806],[13.9444444,49.1296445],[13.9434383,49.1284462],[13.9434269,49.128408],[13.9423295,49.1280679],[13.9414432,49.1277088],[13.9413113,49.1276488],[13.9413384,49.1275563],[13.9411091,49.1275312],[13.9409634,49.1274898],[13.9409295,49.1274201],[13.9397393,49.1268379],[13.939456,49.1268407],[13.9392504,49.1267442],[13.9386837,49.1265455],[13.9383595,49.1258025],[13.9377041,49.1255681],[13.9373395,49.125458],[13.9370299,49.1254359],[13.9366368,49.1253567],[13.9365414,49.1249838],[13.9365329,49.1249642],[13.9365273,49.124265],[13.9365482,49.1230131],[13.9364667,49.1228549],[13.9364591,49.1227316],[13.9388218,49.1222709],[13.94057,49.1211496],[13.941822,49.119724],[13.9418984,49.1190547],[13.9420889,49.1191225],[13.9424214,49.1190317],[13.942756,49.1181136],[13.94256,49.1181121],[13.9431762,49.1178696],[13.9431611,49.117825],[13.9453012,49.1165211],[13.9433897,49.1165589],[13.9433431,49.1159536],[13.9438395,49.1136294],[13.9426387,49.1134109],[13.9424992,49.1133304],[13.9424348,49.1117713],[13.9427378,49.1112932],[13.9428235,49.1110701],[13.9428856,49.110754],[13.9427286,49.1107599],[13.9416443,49.110715],[13.9411997,49.1106967],[13.940742,49.1106999],[13.9401793,49.1107114],[13.9401176,49.1106996],[13.9398022,49.1107085],[13.9393594,49.1106698],[13.9389722,49.1106596],[13.9386359,49.110632],[13.938567,49.110636],[13.9385317,49.1105737],[13.9384682,49.1105874],[13.9384057,49.1105675],[13.9382777,49.1105412],[13.9381973,49.1105033],[13.9362812,49.1100982],[13.9353211,49.1074666]]]}},{"type":"Feature","properties":{"SKNAZEV":"oblast a osa","OBTYPNAZEV":"AKC","DRUH_O_AKC":"AOV","ID_LOKAL":48,"OZNACENI_P":"AOV48","UO":1,"VYKON":46,"UROVEN":"URP","ID_NDOK":null,"NAZEV_NDOK":null,"NAZEV":"Chrbonín","ZM_CISLO_P":2,"EUP_KOD_P":22907,"ZAPIS":"ZMZA","JE_AKTUALNI":true,"STAV_VYBERU":"ponechana"},"geometry":{"type":"Polygon","coordinates":[[[14.8754323,49.3716018],[14.8753832,49.3720407],[14.87539,49.372225],[14.8752446,49.3725665],[14.8756281,49.3729885],[14.8754823,49.3732884],[14.875755,49.3736851],[14.876048,49.3740103],[14.8763053,49.3741568],[14.875923,49.3748577],[14.875756,49.3751223],[14.8754898,49.3751934],[14.8753488,49.3753615],[14.8750993,49.3759368],[14.8746012,49.3763067],[14.8741442,49.3764526],[14.8736705,49.3767066],[14.8734239,49.3765814],[14.8732748,49.3766673],[14.8731447,49.3767441],[14.8727033,49.3767606],[14.8721641,49.3767528],[14.8713232,49.3767858],[14.8690249,49.3771908],[14.8681653,49.3776009],[14.8679972,49.3777807],[14.8679232,49.3777791],[14.8674481,49.3780088],[14.8661348,49.3788201],[14.8657361,49.3789962],[14.8656287,49.3791622],[14.8652791,49.3793067],[14.8651572,49.3793443],[14.8648188,49.3792975],[14.8642964,49.3792616],[14.86382,49.3792371],[14.8634088,49.3792328],[14.8614657,49.3795426],[14.8612586,49.3795562],[14.8607024,49.3796672],[14.8602814,49.3798093],[14.8594911,49.3800005],[14.8593878,49.3799951],[14.8587698,49.3799629],[14.8584794,49.380244],[14.8583915,49.3802737],[14.8582933,49.3801876],[14.8580024,49.3807586],[14.8579954,49.3807676],[14.857744,49.3810949],[14.857651,49.3812174],[14.8566593,49.3808907],[14.8536314,49.3801666],[14.8533365,49.379905],[14.8530478,49.3797918],[14.853064,49.3797753],[14.8531021,49.3796988],[14.8531514,49.3795556],[14.8532681,49.3794992],[14.8533244,49.3794074],[14.853336,49.3792328],[14.85353,49.3788509],[14.8535922,49.3787274],[14.8538078,49.3783876],[14.8538115,49.3782932],[14.8540101,49.378077],[14.853486,49.3778221],[14.8532019,49.3776525],[14.8530189,49.3775358],[14.852791,49.3774361],[14.852399,49.377221],[14.8516065,49.3768761],[14.8513107,49.3767529],[14.8510949,49.3767331],[14.8510085,49.3767109],[14.8507328,49.3765977],[14.8504686,49.3764332],[14.8505326,49.3764002],[14.8506835,49.3764787],[14.8519589,49.375717],[14.8519993,49.3754335],[14.8520807,49.3748612],[14.8521613,49.3742944],[14.8521966,49.3740464],[14.8521563,49.374031],[14.852153,49.3733016],[14.8524204,49.3725908],[14.8522581,49.3722704],[14.8524634,49.3722615],[14.8521999,49.3713736],[14.8521732,49.3706713],[14.8517931,49.3701249],[14.8514881,49.3696657],[14.8509633,49.3687278],[14.8507651,49.368767],[14.8508646,49.3686153],[14.8505921,49.3681704],[14.8498785,49.3675528],[14.8502471,49.3673755],[14.8499348,49.367358],[14.8494646,49.3664145],[14.8489899,49.3658958],[14.8488691,49.3660557],[14.8485999,49.366236],[14.8485537,49.3660658],[14.848463,49.3661637],[14.8483365,49.3657431],[14.8481437,49.3659925],[14.8481103,49.3659942],[14.8476993,49.3657507],[14.8476578,49.3653338],[14.8476536,49.3646642],[14.847695,49.364372],[14.8475494,49.3641237],[14.847496,49.3638029],[14.8477895,49.363214],[14.8478306,49.3632094],[14.8479425,49.3629921],[14.8483239,49.36221],[14.8485603,49.3623344],[14.8488783,49.3625759],[14.8490478,49.362409],[14.8506026,49.3625821],[14.8511725,49.3621428],[14.8515123,49.3622272],[14.8522531,49.3618353],[14.8523086,49.3618793],[14.8524822,49.3617921],[14.8527902,49.3618185],[14.8535376,49.3614293],[14.853729,49.361642],[14.8539274,49.3618577],[14.8540826,49.3620229],[14.8542975,49.3622561],[14.8545108,49.3624826],[14.854689,49.3626709],[14.8548031,49.3628001],[14.8549642,49.3628133],[14.8570075,49.3627403],[14.8573066,49.3629426],[14.8580344,49.3632492],[14.8580807,49.3632336],[14.8581295,49.3632823],[14.8586423,49.3634921],[14.8589487,49.3636936],[14.8606302,49.3638475],[14.8614472,49.3639097],[14.8625104,49.3640036],[14.8629472,49.3640851],[14.8635253,49.3641397],[14.8655222,49.36414],[14.8656721,49.3643614],[14.8660495,49.3643086],[14.8660558,49.3642713],[14.8662699,49.3643209],[14.8668547,49.3644553],[14.8672433,49.3644395],[14.8674599,49.3644609],[14.8676428,49.3644528],[14.8680243,49.3642627],[14.8680507,49.3642701],[14.8684146,49.3643045],[14.8684866,49.3643101],[14.8685683,49.3643231],[14.8688059,49.3643629],[14.8692161,49.3643556],[14.8695195,49.3642928],[14.8699003,49.3641962],[14.8700589,49.3642899],[14.8701062,49.364183],[14.8701903,49.3642851],[14.8703034,49.3643932],[14.8705173,49.3644406],[14.8707403,49.3645108],[14.8711949,49.3641283],[14.8715663,49.3642241],[14.871968,49.3642343],[14.8723489,49.3642481],[14.8727673,49.3641353],[14.8732185,49.364062],[14.8735853,49.36409],[14.8737606,49.3642773],[14.8739509,49.3644116],[14.874402,49.3637807],[14.8747965,49.3637299],[14.8751904,49.3637489],[14.875386,49.3634125],[14.875567,49.3633732],[14.8759434,49.3631423],[14.8763576,49.3627735],[14.8769458,49.3623235],[14.8774783,49.3620579],[14.8777723,49.3615174],[14.8782581,49.3613445],[14.8785793,49.3611551],[14.878479,49.3608433],[14.8783002,49.3603868],[14.8782383,49.3602399],[14.8782661,49.3601767],[14.8783774,49.3601563],[14.878677,49.3597888],[14.87848,49.3596312],[14.8784632,49.3596096],[14.8783662,49.3595365],[14.8783146,49.3595263],[14.8783651,49.3594094],[14.8784319,49.3592857],[14.8783773,49.3591203],[14.8784502,49.3585811],[14.8790291,49.3585519],[14.8783955,49.3582979],[14.8780082,49.3579406],[14.8780145,49.3576739],[14.8775649,49.3573463],[14.8777871,49.3571349],[14.8777352,49.3569905],[14.8774212,49.3567342],[14.8766358,49.3565056],[14.8765973,49.3564773],[14.8760675,49.3560935],[14.8757991,49.3558119],[14.8745893,49.35548],[14.8741695,49.3553298],[14.8737258,49.3550472],[14.8745616,49.3548535],[14.874393,49.3546711],[14.8744283,49.354599],[14.8753316,49.3544246],[14.8754124,49.3541484],[14.8757893,49.3541803],[14.8761892,49.354214],[14.8763842,49.3542304],[14.8767411,49.3535716],[14.8771753,49.3534066],[14.8775701,49.3534416],[14.8779807,49.3533487],[14.8784855,49.352825],[14.8789437,49.3526216],[14.879308,49.3526851],[14.8797921,49.3522102],[14.8801999,49.3524725],[14.8806856,49.3517477],[14.882356,49.3517565],[14.8825759,49.3516689],[14.8831618,49.3512799],[14.8838883,49.3508647],[14.8843447,49.3505946],[14.8845512,49.3504435],[14.8848142,49.3502824],[14.8853227,49.3499869],[14.8859508,49.3496519],[14.8863577,49.349428],[14.8867383,49.3491447],[14.8869993,49.3489413],[14.8872619,49.3487908],[14.8878895,49.3485223],[14.8887076,49.3482343],[14.8901205,49.3514914],[14.8903438,49.3516301],[14.8906061,49.3519366],[14.890598,49.3520092],[14.8905863,49.352137],[14.8914864,49.3529524],[14.8925055,49.3535862],[14.8930914,49.3535872],[14.8937262,49.353555],[14.893297,49.3540327],[14.8925635,49.3544835],[14.8924865,49.3544949],[14.8924373,49.3545055],[14.8922267,49.3545509],[14.891734,49.3546635],[14.8917326,49.3547948],[14.8917318,49.3548717],[14.8919892,49.3550306],[14.8916448,49.3552894],[14.8914607,49.3554187],[14.8912866,49.3555292],[14.890421,49.3554688],[14.8907004,49.3559672],[14.891663,49.3570504],[14.8889128,49.3567351],[14.8904755,49.3576075],[14.8908429,49.3577002],[14.8910467,49.3582039],[14.8905523,49.3584052],[14.8901825,49.3585602],[14.8906839,49.3593428],[14.8894356,49.359126],[14.8898143,49.3595487],[14.8907077,49.3598872],[14.8912466,49.3602796],[14.8909448,49.3603659],[14.8905191,49.3604052],[14.8917617,49.3610442],[14.8917621,49.3614846],[14.8920993,49.3618333],[14.8925629,49.3618679],[14.892822,49.3620306],[14.8931603,49.3622516],[14.893246,49.3624483],[14.8941888,49.3629369],[14.8943016,49.3629678],[14.8955612,49.3635172],[14.8956,49.3641227],[14.8955486,49.364156],[14.8954524,49.3642201],[14.8951116,49.3646708],[14.8947423,49.3650971],[14.8944931,49.3654141],[14.8942888,49.3657228],[14.8943077,49.3657262],[14.8941171,49.3659718],[14.8925641,49.3663785],[14.8920105,49.3666091],[14.8917205,49.3662699],[14.8912386,49.3658177],[14.8912349,49.3657866],[14.8912202,49.3656582],[14.891034,49.3653165],[14.8909124,49.365161],[14.8905755,49.3649732],[14.8906085,49.3649205],[14.8906191,49.3648397],[14.8908287,49.3647456],[14.8903157,49.364597],[14.890133,49.3645351],[14.8900926,49.3645884],[14.8900565,49.3646694],[14.8899954,49.364721],[14.8899904,49.364784],[14.8898631,49.3647755],[14.8898096,49.364809],[14.8898076,49.3648857],[14.8897355,49.364918],[14.8896451,49.3649081],[14.8895828,49.3649742],[14.8895083,49.3649835],[14.8894057,49.3650382],[14.8894217,49.3651582],[14.8893418,49.3651617],[14.8893129,49.3651631],[14.8892626,49.3651144],[14.8892151,49.3650605],[14.8891527,49.3650526],[14.889089,49.3650939],[14.8890369,49.3651388],[14.8889356,49.3651538],[14.8888509,49.3652357],[14.8886948,49.3653036],[14.8885837,49.365407],[14.8884128,49.3652742],[14.8882676,49.3652866],[14.8877612,49.36533],[14.887532,49.3651093],[14.8873236,49.3652021],[14.8871758,49.3652783],[14.8869493,49.3653218],[14.8867478,49.3653497],[14.8865227,49.3653725],[14.8863172,49.3653821],[14.8859502,49.3653992],[14.8859404,49.3653913],[14.8857849,49.3654608],[14.8855179,49.3655939],[14.8854679,49.3656092],[14.8853128,49.3656456],[14.885097,49.3656151],[14.8849963,49.3656362],[14.8846991,49.3657545],[14.8844794,49.365861],[14.8843857,49.3658847],[14.8843202,49.3659013],[14.8841729,49.3659279],[14.883601,49.3658937],[14.8835255,49.3659092],[14.8834016,49.3660703],[14.8832222,49.3661348],[14.8830011,49.366227],[14.882915,49.366263],[14.8827699,49.3663452],[14.8826682,49.3664027],[14.8825347,49.3664732],[14.8824408,49.3665092],[14.8822444,49.3663906],[14.8818449,49.3664595],[14.8813418,49.3665552],[14.8812286,49.3665721],[14.8809171,49.3665701],[14.8805645,49.366648],[14.8804174,49.366667],[14.8803224,49.3666732],[14.8801642,49.367046],[14.8801582,49.3671665],[14.8802085,49.3672602],[14.8791987,49.3673488],[14.8790079,49.3672331],[14.8788152,49.3671056],[14.8786701,49.3671599],[14.8784933,49.367226],[14.8779763,49.3674015],[14.8779897,49.3674189],[14.8778146,49.3674285],[14.877605,49.3673369],[14.8774073,49.3673268],[14.8772918,49.3673594],[14.8768802,49.3673505],[14.8761315,49.3674999],[14.8761281,49.3675569],[14.8756564,49.3674833],[14.8754209,49.3674544],[14.8752442,49.3673813],[14.8752731,49.3672535],[14.8750053,49.3671575],[14.8745907,49.3670118],[14.8745034,49.3669815],[14.8746789,49.3666441],[14.8745377,49.3666255],[14.8745157,49.366622],[14.8742488,49.366554],[14.8742306,49.3665883],[14.8739023,49.3665048],[14.8736905,49.3669885],[14.8736231,49.3671337],[14.8733169,49.3678201],[14.8732828,49.3679283],[14.8731299,49.3684877],[14.8737841,49.3686162],[14.8740316,49.3686124],[14.8740862,49.3686111],[14.8741477,49.3686548],[14.8741656,49.3688527],[14.8742254,49.3690919],[14.8745267,49.37004],[14.8746223,49.3701526],[14.8748477,49.3703673],[14.8752678,49.3707541],[14.8755492,49.3710113],[14.875643,49.3710382],[14.8756285,49.371069],[14.8756096,49.3710944],[14.8755947,49.3711271],[14.8755075,49.3713583],[14.8754323,49.3716018]]]}},{"type":"Feature","properties":{"SKNAZEV":"oblast a osa","OBTYPNAZEV":"AKC","DRUH_O_AKC":"AOV","ID_LOKAL":47,"OZNACENI_P":"AOV47","UO":1,"VYKON":116,"UROVEN":"URP","ID_NDOK":null,"NAZEV_NDOK":null,"NAZEV":"Bukovec","ZM_CISLO_P":2,"EUP_KOD_P":22907,"ZAPIS":"ZMZA","JE_AKTUALNI":false,"STAV_VYBERU":"zrusena"},"geometry":{"type":"Polygon","coordinates":[[[14.8827436,49.2953659],[14.8830545,49.2953048],[14.8838807,49.2951614],[14.8842121,49.2952755],[14.8852103,49.2955194],[14.8862805,49.2954934],[14.8867122,49.2954111],[14.8870024,49.2953262],[14.8872212,49.2952378],[14.8874459,49.2951023],[14.8876931,49.2949942],[14.8891467,49.2950692],[14.8904043,49.295089],[14.8907293,49.2953899],[14.8912926,49.2953004],[14.8918511,49.2951879],[14.8925217,49.2951048],[14.8931516,49.2950292],[14.893716,49.295002],[14.8939985,49.2950004],[14.8943508,49.2950169],[14.8949572,49.2950167],[14.8953928,49.2950242],[14.8957123,49.2951088],[14.8964027,49.2951257],[14.8969419,49.2950252],[14.8974441,49.2949564],[14.8978289,49.2949334],[14.8980728,49.2949307],[14.8979661,49.2954162],[14.8982125,49.2956376],[14.8983512,49.2959466],[14.8987604,49.2964285],[14.8988991,49.2968694],[14.8989721,49.2969149],[14.8986754,49.2971284],[14.8984831,49.2973271],[14.8983558,49.2975598],[14.8993651,49.297569],[14.8997178,49.2977841],[14.8993073,49.298238],[14.8992351,49.2986183],[14.8993077,49.2989483],[14.9025747,49.2988242],[14.9029234,49.2990558],[14.9029396,49.2990905],[14.9037898,49.2990265],[14.903796,49.2991052],[14.9044697,49.2989883],[14.9049937,49.299238],[14.9051118,49.2991435],[14.9063153,49.2992491],[14.9063877,49.299506],[14.9075275,49.2993108],[14.9081239,49.2993751],[14.9081522,49.2993695],[14.9085455,49.2993488],[14.9085966,49.2993296],[14.9091911,49.2990417],[14.910072,49.298562],[14.9101338,49.2987427],[14.91018,49.2987058],[14.9104661,49.2985221],[14.9108548,49.2982092],[14.9108965,49.2981767],[14.9113005,49.2978954],[14.9114965,49.2977743],[14.9117437,49.2976564],[14.9119682,49.2975508],[14.9121245,49.2974444],[14.9124146,49.2971517],[14.9125206,49.2970877],[14.9126372,49.2969147],[14.9127421,49.2967966],[14.9131204,49.2966537],[14.9134901,49.296469],[14.9140084,49.2965755],[14.9144752,49.296276],[14.914869,49.2961891],[14.9152613,49.2962402],[14.9156609,49.2963801],[14.915871,49.2963757],[14.9162315,49.2964836],[14.9165488,49.2965207],[14.9175553,49.2964851],[14.9179925,49.2965126],[14.9182013,49.2967827],[14.9183498,49.2967301],[14.9187407,49.2971185],[14.9193013,49.2973083],[14.9187403,49.2979829],[14.9187307,49.2984162],[14.9187024,49.2988528],[14.9186317,49.2993718],[14.918625,49.299397],[14.91901,49.3008662],[14.9190999,49.3009325],[14.9195652,49.3013067],[14.919748,49.3013273],[14.9197838,49.3015955],[14.9198372,49.3016387],[14.9205089,49.3020195],[14.9211608,49.3024778],[14.9217586,49.302861],[14.9219831,49.3028714],[14.9221733,49.3028885],[14.9223523,49.3031312],[14.9223693,49.3031608],[14.923888,49.3034094],[14.9240503,49.3034974],[14.9242708,49.3035677],[14.926368,49.3042034],[14.9274066,49.3035724],[14.928188,49.3034179],[14.9287359,49.3032828],[14.9296996,49.3030851],[14.929621,49.3032618],[14.9302167,49.30336],[14.9303927,49.3038352],[14.9308418,49.3039344],[14.9314421,49.3042691],[14.931585,49.3047927],[14.9318111,49.304798],[14.9318935,49.3050291],[14.9328161,49.3050739],[14.9334761,49.3048695],[14.9339196,49.3053648],[14.9339101,49.3054603],[14.9341156,49.3054098],[14.9343679,49.3053477],[14.9346082,49.3052981],[14.9349064,49.305239],[14.9365054,49.3056007],[14.9369076,49.3054118],[14.9374273,49.3053643],[14.9376235,49.3053761],[14.9377745,49.3054037],[14.9379614,49.3054245],[14.938266,49.3054278],[14.9387183,49.3054019],[14.9397607,49.3054545],[14.9397973,49.3055585],[14.9397657,49.306179],[14.9397695,49.3063921],[14.9397819,49.3065776],[14.939558,49.3067894],[14.9394697,49.3073732],[14.9392364,49.307551],[14.9391386,49.3078402],[14.9389956,49.3081069],[14.9387728,49.3082236],[14.9372022,49.3092451],[14.9369771,49.3094243],[14.9365435,49.3096219],[14.9362002,49.3099044],[14.9349885,49.31125],[14.9347421,49.3113297],[14.9347346,49.3114801],[14.9344242,49.3116434],[14.9342699,49.3117824],[14.9342791,49.3118002],[14.9343627,49.3120177],[14.9343709,49.3120401],[14.9341705,49.3122501],[14.9337134,49.3123388],[14.9336041,49.3125705],[14.9335853,49.3127932],[14.9342845,49.3127561],[14.9338268,49.3130225],[14.9340898,49.3133348],[14.9345168,49.3136672],[14.9342674,49.313741],[14.9346462,49.3144684],[14.9347433,49.3153888],[14.9350447,49.3150533],[14.9351438,49.3151936],[14.9352802,49.3150375],[14.9354617,49.3154753],[14.9356711,49.3157012],[14.9358641,49.3159021],[14.935867,49.3160304],[14.9359245,49.3160456],[14.9360801,49.316338],[14.9367795,49.3167824],[14.9372526,49.3168246],[14.9373784,49.3168698],[14.9375081,49.3167768],[14.9377661,49.3170693],[14.9380058,49.3170018],[14.9382532,49.3171414],[14.9385096,49.3171498],[14.9389663,49.317463],[14.93947,49.3176538],[14.939726,49.317655],[14.9399785,49.3178482],[14.9403277,49.3177703],[14.9406739,49.3181249],[14.9408108,49.3181258],[14.9408653,49.3181286],[14.9410649,49.3182087],[14.9416464,49.3184951],[14.9416991,49.3185525],[14.94213,49.3184293],[14.9424469,49.3185459],[14.9425851,49.31854],[14.9426986,49.3184636],[14.9436546,49.3185656],[14.9436956,49.318556],[14.944935,49.3183346],[14.9449981,49.3187093],[14.945448,49.3186697],[14.9454436,49.31859],[14.9454754,49.3185862],[14.9458046,49.3184848],[14.9465633,49.3181015],[14.9467356,49.3179774],[14.9467747,49.3179952],[14.9471155,49.3179022],[14.9478244,49.3177846],[14.9478944,49.317773],[14.9488879,49.3170179],[14.9497355,49.3164283],[14.9501176,49.3164813],[14.9501627,49.3164886],[14.9506146,49.3165615],[14.951177,49.3166493],[14.9516681,49.3165099],[14.9520784,49.3164816],[14.9521279,49.3164933],[14.9527088,49.3162785],[14.9527339,49.3161834],[14.9527262,49.3161545],[14.9531682,49.3161244],[14.9534842,49.3168368],[14.953404,49.316873],[14.9533085,49.3175891],[14.9532717,49.3176872],[14.9530454,49.318084],[14.9530605,49.3181354],[14.9535848,49.3183318],[14.9533603,49.3185678],[14.9538809,49.3193151],[14.9543662,49.3192542],[14.9544687,49.3192187],[14.955149,49.3193878],[14.9557228,49.3194346],[14.9561282,49.319252],[14.9561317,49.3192029],[14.9571028,49.3189886],[14.9584338,49.3190868],[14.9588394,49.3191503],[14.9597035,49.318896],[14.9602383,49.3188491],[14.9603018,49.3188453],[14.961346,49.3190316],[14.9616509,49.3194351],[14.9617744,49.3192075],[14.96191,49.3191989],[14.9619669,49.3190581],[14.9622056,49.3193645],[14.9632905,49.3190126],[14.9644709,49.3192255],[14.9652115,49.3196566],[14.9666869,49.3204495],[14.9668811,49.3205457],[14.9659773,49.321021],[14.9655259,49.3210993],[14.9646983,49.3214365],[14.9639367,49.3216165],[14.9634268,49.3216882],[14.9623675,49.3218258],[14.9623133,49.3220028],[14.9605993,49.3222902],[14.9604613,49.3223674],[14.9599558,49.3225654],[14.9591862,49.322868],[14.9591467,49.3228834],[14.9587299,49.3230468],[14.9583548,49.3232465],[14.958078,49.3234776],[14.9572555,49.3241628],[14.956386,49.3248902],[14.9560826,49.3251358],[14.9550895,49.3247939],[14.9545375,49.3245945],[14.9544607,49.3249993],[14.9533025,49.3250388],[14.9533055,49.3250724],[14.9528044,49.3250473],[14.9523318,49.3250235],[14.9521435,49.3249604],[14.951893,49.324741],[14.9514588,49.3245319],[14.9513604,49.3244847],[14.9512946,49.325421],[14.9508267,49.3254575],[14.9507899,49.3254605],[14.9507291,49.3254833],[14.9504117,49.3255845],[14.9501824,49.3256286],[14.9500768,49.3256499],[14.9498923,49.3256984],[14.9496309,49.3258411],[14.9493307,49.3259678],[14.9493017,49.3259861],[14.949337,49.3260881],[14.9493405,49.326162],[14.9492278,49.3262772],[14.9488939,49.3263245],[14.9486035,49.3263969],[14.9486849,49.3265427],[14.9485493,49.3269399],[14.9483255,49.3270455],[14.9475753,49.3279123],[14.9455539,49.3290307],[14.9471209,49.3312408],[14.947607,49.3313709],[14.9480311,49.3317888],[14.9482042,49.3322442],[14.9482243,49.3322957],[14.9483458,49.3326067],[14.948716,49.3334834],[14.9484096,49.3332258],[14.9480932,49.3335094],[14.9477856,49.3332347],[14.9477537,49.3336877],[14.9473892,49.3332402],[14.9471336,49.333189],[14.9469377,49.3336622],[14.9467587,49.3336846],[14.9467138,49.3336902],[14.9465323,49.3337129],[14.9462751,49.3336112],[14.9463408,49.3343576],[14.9460967,49.3342592],[14.945881,49.3342402],[14.945763,49.334592],[14.9456211,49.3349047],[14.9454315,49.3347025],[14.9453678,49.3350227],[14.9451069,49.3349132],[14.9448223,49.334722],[14.94482,49.335192],[14.9445942,49.3351091],[14.9444339,49.3357825],[14.9444814,49.3363493],[14.9442963,49.3363747],[14.944161,49.3366349],[14.9439752,49.3366185],[14.943914,49.3371948],[14.9437883,49.3375316],[14.9437495,49.3381393],[14.943606,49.3382079],[14.9436206,49.3382341],[14.9437761,49.3389607],[14.9438076,49.3390767],[14.9435891,49.3391052],[14.9436414,49.3396608],[14.9436099,49.3400422],[14.9435044,49.3402698],[14.9438396,49.341468],[14.9443885,49.3421462],[14.945148,49.3431529],[14.9456722,49.3437258],[14.9460122,49.3439107],[14.9465463,49.3444367],[14.9465506,49.3444952],[14.9465065,49.3447932],[14.9471729,49.344955],[14.9472703,49.3451033],[14.9476049,49.3450846],[14.947697,49.3450933],[14.9476943,49.3453494],[14.9478557,49.3453979],[14.947894,49.3454752],[14.9482606,49.3455677],[14.9489431,49.3457395],[14.9491466,49.3458458],[14.9494437,49.3459507],[14.9494821,49.3460821],[14.9495222,49.3462197],[14.9493113,49.3464662],[14.9494332,49.346597],[14.9490324,49.3467214],[14.9490617,49.3467809],[14.9491087,49.3468737],[14.9492115,49.3469664],[14.9489825,49.3471054],[14.9485879,49.3474605],[14.948658,49.3477042],[14.9490666,49.3477073],[14.9485518,49.3480262],[14.9460366,49.348691],[14.9441405,49.3489375],[14.9437544,49.3488729],[14.9432349,49.3488254],[14.9428664,49.3487393],[14.9425693,49.348754],[14.9425237,49.3487519],[14.9425873,49.3486069],[14.942733,49.348314],[14.9421546,49.3483489],[14.9416857,49.3483989],[14.938955,49.3486307],[14.9373782,49.3487948],[14.9371626,49.3488235],[14.9360593,49.348785],[14.9354847,49.3486819],[14.9352311,49.3486683],[14.9349691,49.3483417],[14.9343894,49.3476939],[14.934265,49.3476832],[14.934103,49.3476684],[14.9336843,49.3474308],[14.9332893,49.3471917],[14.9329377,49.3470857],[14.9327976,49.3470637],[14.9327151,49.3469367],[14.9322155,49.346817],[14.9317514,49.3467129],[14.9314738,49.3466571],[14.930754,49.3465403],[14.9304642,49.3464908],[14.9302428,49.3464541],[14.9297254,49.3463638],[14.9289719,49.3463758],[14.929097,49.3460215],[14.9291135,49.3459695],[14.9291349,49.3459111],[14.9291542,49.3458496],[14.9286182,49.3455177],[14.929091,49.3441012],[14.9287953,49.3438745],[14.9293332,49.3437365],[14.9298298,49.34387],[14.9288681,49.3433299],[14.9286115,49.3421892],[14.9284341,49.3417966],[14.9283283,49.3413593],[14.9282493,49.3413132],[14.9278017,49.3407414],[14.9277259,49.3407276],[14.9273972,49.3396923],[14.9275452,49.3396926],[14.9280027,49.3396145],[14.9291382,49.3389309],[14.9290948,49.3368496],[14.9291197,49.3368181],[14.9293233,49.3367771],[14.9292221,49.3359417],[14.9293024,49.3357811],[14.928633,49.3346778],[14.9285671,49.334573],[14.9285109,49.3343148],[14.9283374,49.3338213],[14.9289873,49.3339388],[14.9291678,49.3339691],[14.9293283,49.3340691],[14.9294158,49.3340473],[14.929406,49.3335843],[14.9295883,49.3329653],[14.929903,49.3326012],[14.9305488,49.3333873],[14.9305359,49.3317686],[14.930989,49.3317946],[14.9309884,49.3316707],[14.9310543,49.3315654],[14.9314625,49.3312933],[14.931475,49.3311725],[14.9325591,49.3308605],[14.9319191,49.3306838],[14.9314276,49.3304283],[14.9315964,49.3302664],[14.9311429,49.3301299],[14.9311515,49.3300967],[14.9312404,49.3296615],[14.9323242,49.3295167],[14.9324503,49.329285],[14.9324461,49.329204],[14.9326793,49.3291425],[14.9335905,49.329118],[14.9333296,49.3288607],[14.9313546,49.3285902],[14.9311324,49.328448],[14.9300146,49.327854],[14.9338316,49.327896],[14.9339013,49.3276574],[14.930068,49.3268918],[14.9327267,49.3268379],[14.9303728,49.3264389],[14.9300777,49.3261639],[14.9293681,49.3254971],[14.9290405,49.3254681],[14.9290186,49.3253906],[14.9286807,49.3242642],[14.9282612,49.3239942],[14.9280988,49.3227846],[14.9276974,49.3226699],[14.9273746,49.3221998],[14.9271418,49.321541],[14.9268592,49.3220633],[14.9265395,49.3225935],[14.9260711,49.3229347],[14.9260947,49.3227334],[14.9259138,49.3227424],[14.925633,49.3223564],[14.925273,49.3225531],[14.9248523,49.3223107],[14.9244737,49.3224092],[14.9243035,49.3220885],[14.9241374,49.3222868],[14.922898,49.3221258],[14.9227871,49.3221006],[14.9227114,49.3220968],[14.9228991,49.3219308],[14.9214737,49.3218173],[14.9203059,49.3220944],[14.9202882,49.3221046],[14.9198901,49.3221395],[14.9193638,49.3218863],[14.9185492,49.3220654],[14.918089,49.3222095],[14.9178662,49.3225692],[14.9169443,49.3221982],[14.9161769,49.3191249],[14.9164894,49.3189757],[14.9166485,49.3188996],[14.9168087,49.3188231],[14.9169255,49.3186446],[14.9161908,49.3173468],[14.9160079,49.316954],[14.9160265,49.3167711],[14.9156983,49.3162721],[14.9154195,49.3158354],[14.9155351,49.3158116],[14.9153716,49.3158048],[14.9153598,49.3149012],[14.9139098,49.3145242],[14.9128502,49.3141446],[14.9128035,49.3141236],[14.9119174,49.3137521],[14.9112413,49.3134864],[14.9111859,49.3134877],[14.91114,49.3134899],[14.9107568,49.3131185],[14.9097343,49.3129779],[14.9094059,49.3128662],[14.9092335,49.3123569],[14.90892,49.3123947],[14.9087081,49.3123426],[14.9082435,49.3122427],[14.9080109,49.3122177],[14.9078222,49.3121547],[14.9073459,49.312332],[14.9071975,49.312386],[14.9064105,49.3123528],[14.9061252,49.3124187],[14.905688,49.3123032],[14.9054796,49.3122514],[14.9051402,49.3125108],[14.9048492,49.3126273],[14.9046236,49.3125609],[14.9043613,49.3126095],[14.9041417,49.3125746],[14.9038032,49.3128421],[14.903713,49.3124269],[14.9030328,49.3129314],[14.9026681,49.3130705],[14.9023493,49.3129427],[14.9023283,49.3129522],[14.9023079,49.3129507],[14.9021563,49.3128296],[14.9009626,49.3128956],[14.9002646,49.3125362],[14.9002781,49.312438],[14.8999395,49.3119559],[14.8998722,49.3118288],[14.8990793,49.311716],[14.8975372,49.3111468],[14.8974281,49.311096],[14.8965749,49.3110901],[14.8956689,49.3105238],[14.8947452,49.3101226],[14.8944596,49.3101513],[14.8941593,49.3101726],[14.8940939,49.3101323],[14.8938387,49.3101622],[14.893655,49.310223],[14.8936665,49.3102487],[14.8933261,49.3103602],[14.8930362,49.3104912],[14.8931041,49.3105389],[14.8929668,49.3106359],[14.8930373,49.3108826],[14.8926904,49.3110262],[14.8923496,49.3112059],[14.8909755,49.3112131],[14.8902553,49.311265],[14.8891756,49.3113242],[14.8886759,49.3112638],[14.8885684,49.3112124],[14.8881831,49.311125],[14.8880693,49.3110508],[14.8885907,49.3099247],[14.8883928,49.3096411],[14.8883578,49.3095055],[14.8882174,49.3086371],[14.887487,49.3081623],[14.8867603,49.3071254],[14.8864576,49.3069141],[14.8861208,49.306844],[14.8857318,49.3060927],[14.885797,49.3059885],[14.8852934,49.3052505],[14.8852346,49.3051802],[14.8850952,49.304008],[14.8842441,49.3033445],[14.8836273,49.3025614],[14.8834728,49.3024041],[14.8835202,49.302378],[14.8833194,49.3020519],[14.8828896,49.3014669],[14.8825586,49.3011048],[14.8829662,49.3008068],[14.8829808,49.300754],[14.8826993,49.3004464],[14.8822918,49.2997873],[14.8821605,49.2987794],[14.8820137,49.2982217],[14.8822702,49.2981636],[14.8822314,49.2976986],[14.8821976,49.297642],[14.8825179,49.2976657],[14.8821814,49.2967291],[14.8822724,49.2962968],[14.8823517,49.2961383],[14.882319,49.2959815],[14.8823756,49.2959968],[14.8826386,49.2959834],[14.8827203,49.2954383],[14.8827436,49.2953659]]]}},{"type":"Feature","properties":{"SKNAZEV":"oblast a osa","OBTYPNAZEV":"AKC","DRUH_O_AKC":"AOV","ID_LOKAL":50,"OZNACENI_P":"AOV50","UO":1,"VYKON":63,"UROVEN":"URP","ID_NDOK":null,"NAZEV_NDOK":null,"NAZEV":"Obrataň","ZM_CISLO_P":2,"EUP_KOD_P":22907,"ZAPIS":"ZMZA","JE_AKTUALNI":true,"STAV_VYBERU":"ponechana"},"geometry":{"type":"Polygon","coordinates":[[[14.8882836,49.4223582],[14.8882285,49.4212412],[14.8881163,49.421199],[14.8869554,49.4202377],[14.8865362,49.4192103],[14.8861109,49.4186872],[14.8856024,49.4180633],[14.8851381,49.4174929],[14.8854934,49.4171392],[14.8868306,49.4168213],[14.8861438,49.4168134],[14.8860767,49.4164378],[14.8862981,49.416363],[14.8867988,49.4161076],[14.8868514,49.4160651],[14.8867376,49.4159308],[14.8864894,49.4155053],[14.8883253,49.414818],[14.888239,49.4147103],[14.8881559,49.4146073],[14.8880913,49.4144925],[14.8880802,49.4144681],[14.8883175,49.4143718],[14.8884066,49.4142706],[14.8884138,49.4142436],[14.8883947,49.414165],[14.8883711,49.4140945],[14.8883271,49.4139742],[14.8882904,49.4138543],[14.8882339,49.4137469],[14.8881769,49.4136667],[14.8882845,49.4136293],[14.888856,49.4132155],[14.8886081,49.4130286],[14.8896338,49.4118544],[14.8895876,49.4118519],[14.889329,49.4118167],[14.8889873,49.4117796],[14.8887668,49.4117263],[14.8886918,49.4117118],[14.8887963,49.4115194],[14.8888329,49.4113015],[14.8888724,49.4111081],[14.8889782,49.4109563],[14.8890446,49.4108405],[14.8889631,49.4106811],[14.8888408,49.4106281],[14.8887012,49.4105247],[14.8899607,49.4095441],[14.8899672,49.4093957],[14.889913,49.4093122],[14.8899054,49.4092811],[14.8901633,49.4089095],[14.8901231,49.4088488],[14.8899525,49.4087539],[14.8896998,49.4086134],[14.8893089,49.4084916],[14.8877627,49.4091064],[14.8874559,49.4078026],[14.8875547,49.407667],[14.8874792,49.4076381],[14.8872846,49.4073506],[14.886848,49.4066131],[14.8851942,49.4060253],[14.885126,49.4060694],[14.8843471,49.4062984],[14.8842121,49.4059303],[14.8841373,49.4057262],[14.8839823,49.4054874],[14.8838408,49.4051876],[14.8837722,49.4047584],[14.883782,49.4046465],[14.8839611,49.4045201],[14.8843356,49.4043168],[14.8847813,49.4040853],[14.8855552,49.4036306],[14.8867906,49.4034857],[14.8884008,49.4031657],[14.8889631,49.4030316],[14.8893357,49.4029728],[14.8892226,49.4029337],[14.8897971,49.402892],[14.8899072,49.4029174],[14.8912985,49.4031105],[14.8918596,49.4032707],[14.8935174,49.4031447],[14.8937672,49.4031257],[14.893921,49.4034791],[14.8948951,49.4036056],[14.8955069,49.4039746],[14.8955639,49.4040485],[14.8955392,49.4042175],[14.8971127,49.4043957],[14.8971979,49.4045966],[14.89765,49.4045866],[14.8986657,49.404858],[14.8986847,49.4048701],[14.8988297,49.4047821],[14.8991876,49.4049188],[14.8998176,49.404972],[14.9016845,49.4069647],[14.9017082,49.4071092],[14.9017411,49.4072905],[14.9021726,49.4081163],[14.9026888,49.4086532],[14.9029805,49.4089341],[14.905152,49.4092541],[14.9058699,49.4099486],[14.9058168,49.4100775],[14.906031,49.4101943],[14.9061746,49.4103593],[14.9068207,49.4109177],[14.9068789,49.411352],[14.9069229,49.4115476],[14.907376,49.4115358],[14.9073779,49.4116029],[14.9085151,49.4123837],[14.9090166,49.4126866],[14.9092932,49.4131393],[14.9095166,49.4131354],[14.9099835,49.413398],[14.910447,49.4135796],[14.9108432,49.4139967],[14.9110996,49.4140796],[14.911515,49.4142066],[14.9117287,49.414246],[14.9116477,49.4143227],[14.9115097,49.4145365],[14.9114572,49.4148181],[14.9114621,49.4151068],[14.9115058,49.4152662],[14.9115806,49.4154354],[14.9116107,49.4154765],[14.9117456,49.4156634],[14.9119124,49.4158162],[14.9120916,49.4159594],[14.9123917,49.4161204],[14.9126422,49.4162125],[14.9117341,49.4178496],[14.9119366,49.417907],[14.9109864,49.4192386],[14.9109949,49.4193666],[14.9110423,49.4196301],[14.9110505,49.4197776],[14.9110355,49.4198524],[14.9071063,49.4207048],[14.9073133,49.4212188],[14.9074784,49.4214333],[14.9076381,49.4217098],[14.9077768,49.4218679],[14.9079454,49.4220974],[14.907513,49.4224908],[14.907472,49.4225095],[14.9072446,49.4228289],[14.9067343,49.4232045],[14.9060367,49.4261313],[14.9060936,49.4266033],[14.9060537,49.4266559],[14.9050805,49.4280345],[14.906966,49.428778],[14.9104819,49.4299291],[14.9113232,49.430124],[14.9115574,49.4302524],[14.9140469,49.4297793],[14.9154491,49.4296689],[14.9155316,49.4296413],[14.9173911,49.4290302],[14.9180973,49.4285767],[14.9192494,49.428177],[14.9192771,49.4281744],[14.9193988,49.4279219],[14.9194365,49.4278436],[14.9202659,49.4268154],[14.9202663,49.4267781],[14.9204296,49.4257517],[14.9209946,49.4254787],[14.9200599,49.4240586],[14.9196184,49.4232488],[14.9194861,49.4223302],[14.9177007,49.4214955],[14.916817,49.4200015],[14.9149789,49.4198338],[14.9146557,49.4197506],[14.9146109,49.4193234],[14.9153137,49.4185617],[14.9147934,49.4179112],[14.9149705,49.4176972],[14.9153266,49.4172665],[14.9163168,49.4175626],[14.9168408,49.4177221],[14.9172374,49.4178116],[14.9176564,49.4178718],[14.9186939,49.4179996],[14.9201853,49.4181976],[14.9208614,49.4183289],[14.9218119,49.4185568],[14.9220515,49.4186122],[14.9224498,49.4187042],[14.922774,49.4188331],[14.9232142,49.419011],[14.9234714,49.4191217],[14.9238551,49.4196812],[14.9243069,49.4198466],[14.9246672,49.4199726],[14.9249082,49.420057],[14.9254801,49.420257],[14.9258043,49.4203704],[14.9261922,49.4205062],[14.9265947,49.4206469],[14.9271839,49.4208531],[14.9277338,49.4210454],[14.9288775,49.4214455],[14.9292101,49.4215618],[14.9293878,49.421624],[14.9294611,49.4216754],[14.9299842,49.4220619],[14.9300428,49.4227066],[14.930143,49.4239114],[14.9299343,49.4263319],[14.9303492,49.4262858],[14.9305235,49.4262762],[14.9309316,49.4264236],[14.9312136,49.4264352],[14.9311425,49.4266],[14.9320418,49.4269336],[14.9333968,49.4270934],[14.9327109,49.4302402],[14.9322804,49.4302003],[14.93094,49.4309231],[14.9306216,49.4308936],[14.9296363,49.4318707],[14.9293873,49.4318123],[14.928938,49.4321281],[14.9287879,49.4320911],[14.9286096,49.4320568],[14.9277488,49.4322916],[14.9270161,49.4327797],[14.9267504,49.433037],[14.9264663,49.4334658],[14.9263331,49.433494],[14.9257116,49.4336255],[14.9255626,49.433784],[14.925514,49.4339163],[14.9254793,49.4341412],[14.925329,49.4342145],[14.9252354,49.4342182],[14.925143,49.4343427],[14.9249065,49.4343773],[14.9246714,49.4344942],[14.9245956,49.434525],[14.924269,49.4347236],[14.9236687,49.435081],[14.9236465,49.4351251],[14.9234677,49.4356382],[14.9224369,49.4362322],[14.9226172,49.4366573],[14.9225964,49.4372429],[14.9225999,49.4372644],[14.9226229,49.4374062],[14.9221799,49.4383508],[14.9224339,49.4386585],[14.9222225,49.4389047],[14.9226051,49.4398806],[14.9212675,49.4408376],[14.9209934,49.4404851],[14.9196889,49.439863],[14.9194627,49.4393315],[14.9181387,49.4390901],[14.9181619,49.4389259],[14.9133345,49.4392837],[14.9108314,49.4387464],[14.9108434,49.4385612],[14.9108289,49.438382],[14.9108077,49.4383402],[14.9097819,49.4367371],[14.9098116,49.4364783],[14.9095927,49.4364613],[14.9094853,49.4362731],[14.9094186,49.4369],[14.9094173,49.4369356],[14.9090258,49.4376469],[14.9088929,49.4377497],[14.9088234,49.4378036],[14.9087567,49.4382646],[14.9085683,49.4387011],[14.9082483,49.4393132],[14.9082824,49.439401],[14.9106501,49.4403588],[14.9106997,49.4404443],[14.9102328,49.4405214],[14.9097823,49.4419659],[14.9096991,49.4419992],[14.9092179,49.4421591],[14.9089461,49.4422367],[14.9085146,49.4423598],[14.9076514,49.4425162],[14.9068634,49.4422603],[14.9068277,49.4422524],[14.9065677,49.4422445],[14.9062945,49.4422508],[14.9052111,49.4409987],[14.9048023,49.4399801],[14.9051072,49.4399543],[14.9053351,49.4386539],[14.9052822,49.4385738],[14.9058504,49.4365142],[14.9059317,49.4363741],[14.9059474,49.4363456],[14.906008,49.4360913],[14.9060627,49.4358624],[14.9061652,49.4354353],[14.9061901,49.4353315],[14.9062536,49.4350669],[14.9035906,49.4338515],[14.9035738,49.433524],[14.902583,49.4328525],[14.9019356,49.4326926],[14.901831,49.4325783],[14.9013524,49.4323443],[14.9007636,49.4319887],[14.9007627,49.4319618],[14.9000165,49.4318321],[14.8999839,49.4317475],[14.8975362,49.4313092],[14.8974252,49.4313303],[14.8974033,49.431197],[14.8972775,49.4307515],[14.8972085,49.4304868],[14.8971432,49.4303409],[14.897036,49.4301432],[14.8969462,49.4299749],[14.8969289,49.4299426],[14.8968304,49.4297609],[14.8967991,49.4297142],[14.8967456,49.4296343],[14.8967111,49.4295696],[14.8966588,49.4294497],[14.8966094,49.4292882],[14.8966028,49.4291731],[14.8965417,49.4287286],[14.8948129,49.4277355],[14.8946052,49.4275073],[14.8945466,49.4264318],[14.8948575,49.4262947],[14.8949704,49.426245],[14.8991437,49.4240748],[14.8914728,49.4233952],[14.8912806,49.4233101],[14.8904719,49.4227335],[14.8903637,49.4227315],[14.8882836,49.4223582]]]}},{"type":"Feature","properties":{"SKNAZEV":"oblast a osa","OBTYPNAZEV":"AKC","DRUH_O_AKC":"AOV","ID_LOKAL":49,"OZNACENI_P":"AOV49","UO":1,"VYKON":84,"UROVEN":"URP","ID_NDOK":null,"NAZEV_NDOK":null,"NAZEV":"Křeč","ZM_CISLO_P":2,"EUP_KOD_P":22907,"ZAPIS":"ZMZA","JE_AKTUALNI":false,"STAV_VYBERU":"zrusena"},"geometry":{"type":"Polygon","coordinates":[[[14.9293414,49.359547],[14.9292905,49.3580932],[14.9293006,49.3569199],[14.9294186,49.3569073],[14.9295299,49.3569161],[14.9296175,49.3569439],[14.9297108,49.3568995],[14.9298077,49.3569274],[14.9299004,49.3569311],[14.9303438,49.3561641],[14.9305248,49.3562638],[14.9306942,49.3563675],[14.9307619,49.3564086],[14.930833,49.3564469],[14.9309319,49.3564932],[14.931017,49.3565283],[14.931154,49.3565756],[14.9312321,49.3566018],[14.9313073,49.3566305],[14.9313913,49.356661],[14.9325397,49.3566928],[14.9341017,49.3573106],[14.9342696,49.3573929],[14.9344881,49.3574798],[14.9345861,49.3575188],[14.9346422,49.3575411],[14.9346626,49.3575493],[14.9347358,49.3575785],[14.9347517,49.3575849],[14.9349824,49.3576769],[14.9350775,49.3577149],[14.9354019,49.3580346],[14.9355468,49.3581909],[14.9356827,49.3585465],[14.9357383,49.3583485],[14.9358928,49.3586483],[14.9360343,49.3592718],[14.9360385,49.3590545],[14.9361338,49.3590175],[14.9363462,49.359055],[14.9366103,49.3592065],[14.9368019,49.3594284],[14.9377331,49.3600082],[14.9380814,49.360009],[14.9382744,49.3600576],[14.9384617,49.3601781],[14.9387325,49.3612317],[14.9389338,49.360978],[14.9389532,49.3600888],[14.9390155,49.3600703],[14.9391422,49.3601858],[14.9395133,49.3602184],[14.939513,49.3602003],[14.9402003,49.3605286],[14.9402539,49.360547],[14.9404663,49.3606013],[14.9406571,49.3606538],[14.9411682,49.3607882],[14.9413811,49.3608403],[14.9414823,49.3608672],[14.9419211,49.360985],[14.9420084,49.3610138],[14.942233,49.3611181],[14.9423659,49.3611931],[14.9427943,49.3614352],[14.9430945,49.3614939],[14.943407,49.3612027],[14.9440889,49.361003],[14.9441198,49.3609481],[14.9444961,49.3608541],[14.9448176,49.3603722],[14.9452073,49.3603654],[14.9454661,49.3603785],[14.9455576,49.3603812],[14.9458946,49.3604073],[14.9459664,49.3604141],[14.9463293,49.3601724],[14.946558,49.3601683],[14.9468586,49.3597159],[14.9471627,49.3607489],[14.9477227,49.361649],[14.9477351,49.3616829],[14.947738,49.3616947],[14.948274,49.3617895],[14.9482461,49.3619432],[14.9481579,49.362044],[14.9480935,49.3621169],[14.9483937,49.3622119],[14.948341,49.3623501],[14.9482937,49.3624221],[14.9482572,49.3625037],[14.9482008,49.3625674],[14.9481871,49.3626473],[14.948919,49.3626907],[14.9489241,49.3627431],[14.9489579,49.3628985],[14.9489792,49.3629964],[14.9490292,49.3632263],[14.9490444,49.3632961],[14.9494592,49.3633281],[14.9495593,49.3633961],[14.9492784,49.3635402],[14.9500849,49.3636349],[14.949139,49.363731],[14.9502091,49.3636952],[14.9502327,49.3636949],[14.9503242,49.3638272],[14.9504081,49.3638137],[14.9504209,49.3639081],[14.9504403,49.3639917],[14.9504564,49.3641037],[14.9509602,49.3642504],[14.950925,49.3643325],[14.951593,49.3645515],[14.9515179,49.3646203],[14.9515714,49.3646836],[14.9509985,49.3648893],[14.9515618,49.3649652],[14.9517305,49.3650424],[14.9509671,49.3651303],[14.9521826,49.3652815],[14.9523395,49.3653443],[14.9510584,49.3654793],[14.9517356,49.3655042],[14.9519204,49.3655508],[14.9517421,49.3656152],[14.9518529,49.3657335],[14.9512347,49.3659127],[14.9513017,49.3659966],[14.9511611,49.3660477],[14.9510271,49.3660835],[14.9502677,49.3662461],[14.950221,49.3662538],[14.950186,49.3662595],[14.9497798,49.366282],[14.9481691,49.3667115],[14.9470007,49.3669231],[14.9470647,49.3669818],[14.9472185,49.3671229],[14.9472975,49.3671954],[14.9473607,49.3672535],[14.9474277,49.367315],[14.9474877,49.36737],[14.9475009,49.3673851],[14.9474213,49.367446],[14.9473424,49.3674508],[14.9463273,49.3675799],[14.9464776,49.3676853],[14.9465638,49.3677536],[14.9466438,49.3678098],[14.9467354,49.3678638],[14.9468468,49.3679222],[14.9467214,49.367918],[14.946255,49.3680064],[14.9464327,49.3680692],[14.9464858,49.3681315],[14.9464157,49.3682512],[14.9463869,49.3682933],[14.9464385,49.3683554],[14.9457073,49.3684567],[14.945322,49.3685557],[14.9444547,49.3690298],[14.9443972,49.3692382],[14.9443552,49.3693007],[14.9444836,49.3693568],[14.9444657,49.3694223],[14.9456591,49.3693848],[14.9455831,49.3694546],[14.944499,49.369626],[14.9456657,49.3696067],[14.9450779,49.3697514],[14.9450771,49.3698884],[14.9450095,49.3699585],[14.944549,49.37006],[14.9451942,49.3700592],[14.9446614,49.3702363],[14.944734,49.3702985],[14.9452298,49.3703094],[14.9447457,49.3705498],[14.9447299,49.3706106],[14.9446837,49.3707607],[14.9451196,49.3708163],[14.9446557,49.370998],[14.944918,49.3710766],[14.9447522,49.3711656],[14.9452573,49.3711625],[14.9448111,49.3712876],[14.944707,49.3713754],[14.9445073,49.371467],[14.9443961,49.3715339],[14.9456854,49.371497],[14.9456455,49.3715738],[14.9456893,49.3717259],[14.9457682,49.3717177],[14.9456204,49.3718683],[14.9455477,49.3719423],[14.9454778,49.3720134],[14.9453826,49.3721105],[14.946031,49.3722529],[14.9460157,49.3723157],[14.9459839,49.3723837],[14.9458845,49.3726141],[14.9458533,49.3727279],[14.9458917,49.3728069],[14.9460526,49.3728613],[14.9460765,49.3729326],[14.9460943,49.3729931],[14.9461875,49.3730638],[14.9462568,49.3731162],[14.9462555,49.3732542],[14.9463098,49.3733202],[14.9462927,49.3733842],[14.9462529,49.3734566],[14.946237,49.3735142],[14.9462321,49.3737249],[14.9463027,49.373797],[14.9463059,49.373876],[14.9463012,49.3739455],[14.9462937,49.3740033],[14.9462837,49.3740774],[14.9462945,49.3741397],[14.9463192,49.3742615],[14.946331,49.3743406],[14.9467239,49.3744836],[14.9467503,49.3745265],[14.9471248,49.3745074],[14.9470703,49.3745621],[14.947344,49.3746425],[14.9473567,49.3747],[14.9471948,49.3748472],[14.9471879,49.374929],[14.947596,49.3750261],[14.9474131,49.3751479],[14.9475286,49.3753265],[14.947527,49.3754548],[14.9475376,49.3755248],[14.9475881,49.3755925],[14.9475303,49.3756654],[14.9476068,49.3757305],[14.947363,49.3758322],[14.9478304,49.3758383],[14.9476825,49.3759252],[14.9473704,49.376023],[14.9473625,49.3760869],[14.9473537,49.3761576],[14.9477543,49.376214],[14.9476225,49.3763325],[14.9472439,49.3764944],[14.9472194,49.3765574],[14.9476534,49.3766524],[14.947676,49.376799],[14.9476831,49.3768611],[14.9476584,49.3769999],[14.9476792,49.3771301],[14.9476903,49.3773205],[14.9476841,49.3775859],[14.94769,49.3776573],[14.9471151,49.3779516],[14.9464038,49.3782131],[14.9463658,49.3782767],[14.9463516,49.3783416],[14.9463079,49.3785414],[14.9463029,49.3785643],[14.9461014,49.378765],[14.9459499,49.37889],[14.9459145,49.3789192],[14.9458526,49.3789695],[14.9457542,49.3790494],[14.9457213,49.379076],[14.9456719,49.3791161],[14.9456262,49.3791533],[14.9454715,49.379279],[14.9454365,49.3793074],[14.9454075,49.3793309],[14.9450845,49.3796299],[14.9450139,49.3796353],[14.9449089,49.3796411],[14.9444125,49.3793465],[14.9441544,49.3793481],[14.9439825,49.3793492],[14.9438349,49.3793501],[14.9435727,49.3793517],[14.9435686,49.3793438],[14.9428456,49.379286],[14.9417434,49.3793814],[14.9407305,49.3794408],[14.9405439,49.3795009],[14.9405067,49.3794993],[14.9403564,49.3794927],[14.9403232,49.3794913],[14.9401701,49.3794846],[14.9400759,49.3794806],[14.9396456,49.379462],[14.9395931,49.3794626],[14.9395308,49.3794633],[14.9387323,49.3795053],[14.9386973,49.3795316],[14.9383347,49.3795561],[14.938349,49.3800626],[14.9378976,49.3803042],[14.9378808,49.3803313],[14.9374333,49.3799638],[14.9375219,49.3804561],[14.9366664,49.3805564],[14.9366165,49.3805975],[14.9362186,49.3805933],[14.9359745,49.3811974],[14.9359321,49.3811995],[14.9356111,49.3815573],[14.9354868,49.3812466],[14.935003,49.3820831],[14.9348971,49.3822808],[14.9347893,49.3825593],[14.9345061,49.3825981],[14.934488,49.3827385],[14.9345799,49.3828601],[14.9345776,49.3829607],[14.9345116,49.3830314],[14.9345105,49.3831029],[14.9340276,49.3833351],[14.9341256,49.3835721],[14.9338962,49.3836826],[14.9341249,49.3837991],[14.9340829,49.3839138],[14.9339691,49.3840286],[14.9340162,49.3842631],[14.9339643,49.3843807],[14.9340693,49.3844387],[14.9337092,49.3845227],[14.934038,49.3847493],[14.9339695,49.3849817],[14.9338142,49.3851175],[14.9338104,49.3851707],[14.9331149,49.385276],[14.9335952,49.3855166],[14.9336601,49.3857586],[14.9337099,49.3858796],[14.933839,49.3860156],[14.9339771,49.3861184],[14.9330084,49.3861238],[14.9312116,49.3860447],[14.9308086,49.3860497],[14.9299004,49.3860686],[14.9290192,49.3860753],[14.9285499,49.3859332],[14.9291903,49.3858205],[14.9283156,49.3856703],[14.9280619,49.3854306],[14.9284523,49.385199],[14.9289488,49.3850673],[14.9271845,49.3849463],[14.9272177,49.3846806],[14.9268729,49.3844053],[14.9267367,49.3843324],[14.9267108,49.3842778],[14.927366,49.3841711],[14.9258344,49.3839415],[14.9258301,49.3838107],[14.9257908,49.3837173],[14.9256259,49.3837227],[14.9251841,49.3836038],[14.9253359,49.383476],[14.9245085,49.3832506],[14.9245139,49.3830033],[14.9235063,49.3829307],[14.9233741,49.3828653],[14.9218083,49.3827307],[14.9213918,49.3825968],[14.9213195,49.3825961],[14.9211785,49.3825988],[14.92113,49.3825998],[14.9206633,49.3824955],[14.9193703,49.3824232],[14.9192727,49.3823464],[14.9184634,49.3822529],[14.9184168,49.3818889],[14.9180291,49.3813011],[14.9179008,49.3819544],[14.9177353,49.3819341],[14.9173415,49.3813767],[14.9170308,49.3815647],[14.9166088,49.380668],[14.9163101,49.3810488],[14.9161328,49.3812199],[14.9159561,49.3811201],[14.9157655,49.3818939],[14.9155606,49.3813491],[14.9153117,49.3816973],[14.9149209,49.3811767],[14.9145647,49.3811641],[14.9145331,49.3811927],[14.9143157,49.3818063],[14.9139526,49.3815004],[14.9136472,49.381776],[14.9134623,49.3818125],[14.9132891,49.3818382],[14.9129152,49.381968],[14.9125769,49.3812164],[14.9125624,49.3818544],[14.9116448,49.3819743],[14.9110113,49.3824952],[14.9105079,49.3826115],[14.9100917,49.3824578],[14.9100671,49.3824641],[14.9095699,49.382585],[14.9091245,49.3826844],[14.9089465,49.3834759],[14.9087455,49.3835955],[14.9083616,49.3837054],[14.9066867,49.3835376],[14.9062205,49.3835947],[14.9069322,49.3840202],[14.9064192,49.3840597],[14.9055808,49.3839595],[14.9055059,49.3840852],[14.9051273,49.3839983],[14.9049713,49.3841399],[14.9053463,49.3843437],[14.904783,49.384312],[14.9050178,49.3844252],[14.9047423,49.384508],[14.9047699,49.384619],[14.9045454,49.3846685],[14.9043528,49.3848426],[14.9031694,49.3850016],[14.9030376,49.385063],[14.9029565,49.3851007],[14.902867,49.3851424],[14.9025883,49.3852721],[14.902263,49.3854236],[14.9023017,49.3854309],[14.9029433,49.3857147],[14.9030072,49.3858297],[14.9030702,49.3859578],[14.9031627,49.3861602],[14.9026394,49.3863059],[14.9028989,49.3864764],[14.9025034,49.3864831],[14.9023808,49.3866196],[14.9019406,49.3867339],[14.9018771,49.3867762],[14.901908,49.3869411],[14.9021244,49.3871905],[14.9018461,49.3873318],[14.9016457,49.3874074],[14.9015894,49.3874943],[14.9008726,49.3875492],[14.9011032,49.3876462],[14.9012069,49.3878111],[14.9012439,49.3879052],[14.9021377,49.3881759],[14.9017431,49.3881984],[14.9013084,49.3882134],[14.9018892,49.38843],[14.9005286,49.388484],[14.9004104,49.388659],[14.8999453,49.3889784],[14.9001883,49.3891837],[14.9022513,49.3896262],[14.9006076,49.3894576],[14.9006026,49.3896537],[14.8998882,49.3896461],[14.9021539,49.3901021],[14.9024392,49.3903685],[14.9025353,49.3905195],[14.9030964,49.3908894],[14.9031624,49.3910028],[14.903269,49.391237],[14.9037525,49.3914926],[14.9036671,49.3915473],[14.9044041,49.3923919],[14.9045372,49.3924461],[14.9046084,49.3924747],[14.9049753,49.3926156],[14.9057251,49.3928215],[14.9060377,49.3928823],[14.9060914,49.3928922],[14.9065525,49.3929374],[14.9066977,49.3933189],[14.9069754,49.393277],[14.9074029,49.3933241],[14.9074769,49.3933305],[14.9078577,49.3933276],[14.9082817,49.3933136],[14.908696,49.3934636],[14.909151,49.3935763],[14.9095896,49.3936292],[14.9100612,49.39363],[14.9103774,49.3938132],[14.9104566,49.3940918],[14.910988,49.3937077],[14.911216,49.3937645],[14.9111936,49.3938112],[14.9112958,49.3941701],[14.9113849,49.3945545],[14.911594,49.3946349],[14.9118881,49.3943981],[14.9123456,49.3943579],[14.9123149,49.3951571],[14.912894,49.394827],[14.9133242,49.3942847],[14.9133678,49.3948147],[14.913908,49.3946898],[14.914898,49.394432],[14.9149814,49.3945752],[14.9152959,49.3950487],[14.9156987,49.3952455],[14.9159064,49.3952996],[14.9161457,49.3953176],[14.9168901,49.3947067],[14.9173189,49.3948186],[14.9174261,49.3946658],[14.9183064,49.3948653],[14.9193685,49.3946292],[14.9197335,49.3943633],[14.9198082,49.3947959],[14.9200238,49.3948125],[14.9202788,49.3948502],[14.9205485,49.3953221],[14.9208129,49.3960944],[14.9207383,49.3962906],[14.9212837,49.3968976],[14.9212583,49.3969478],[14.9212338,49.3970014],[14.9210848,49.3971902],[14.9211614,49.3971998],[14.9211807,49.3973662],[14.9211941,49.3975393],[14.9210637,49.3978294],[14.9213022,49.3978118],[14.9215508,49.3982749],[14.92158,49.398294],[14.9213775,49.3985898],[14.9219784,49.3985505],[14.9216032,49.3988149],[14.9216427,49.3988386],[14.9222125,49.3989017],[14.9222802,49.3989178],[14.9219857,49.3990659],[14.921662,49.3991164],[14.9223336,49.3993391],[14.9224198,49.3993502],[14.9224347,49.3994209],[14.9225206,49.3994407],[14.9227671,49.3998492],[14.9230092,49.3998531],[14.9214876,49.4002828],[14.919621,49.4008546],[14.9194611,49.400833],[14.9186057,49.4016375],[14.918338,49.4020337],[14.9181566,49.4022647],[14.9178542,49.4023906],[14.9178022,49.4025948],[14.9177696,49.4025915],[14.9175548,49.4025853],[14.9175324,49.4027025],[14.9175662,49.4029414],[14.9170563,49.4029317],[14.9160442,49.4028441],[14.9160688,49.4028206],[14.9156427,49.4026208],[14.9156356,49.4025945],[14.9151953,49.4023058],[14.9151893,49.4022904],[14.9148347,49.4020858],[14.9148376,49.4020635],[14.9147149,49.4018392],[14.9146743,49.4018145],[14.913851,49.4010881],[14.9138508,49.4010683],[14.9140785,49.4008343],[14.9129742,49.4007594],[14.9121728,49.4004979],[14.9121809,49.4004755],[14.9122157,49.400178],[14.9109415,49.3997545],[14.9107302,49.3998843],[14.9105833,49.3998381],[14.910467,49.3998174],[14.9104944,49.3998001],[14.9091529,49.3995715],[14.9085197,49.3994639],[14.9082687,49.3994065],[14.9081074,49.3993382],[14.9069222,49.3991526],[14.9067993,49.3992276],[14.9067735,49.3992435],[14.905871,49.3988424],[14.9058393,49.3985816],[14.9057342,49.3986145],[14.9053402,49.3977675],[14.9051112,49.3976202],[14.9052521,49.397423],[14.9042408,49.3961752],[14.9039889,49.3961943],[14.9037753,49.3962313],[14.9035567,49.3962464],[14.9033097,49.3959746],[14.9015349,49.39497],[14.9013195,49.3949608],[14.9006887,49.3950576],[14.9003005,49.3950666],[14.8996539,49.3950136],[14.8993294,49.3949635],[14.8987938,49.3947801],[14.8938553,49.395343],[14.8937221,49.3951496],[14.893616,49.3948741],[14.8934216,49.3939728],[14.8930701,49.3927194],[14.8931393,49.3925154],[14.8931797,49.3924319],[14.8932371,49.3923222],[14.8933428,49.3921536],[14.8932634,49.3919684],[14.8931586,49.3917987],[14.8925463,49.3913448],[14.8925326,49.3901431],[14.8925576,49.3898616],[14.8925258,49.3895743],[14.8925365,49.3895091],[14.8946384,49.3880802],[14.8945393,49.3876505],[14.8931369,49.387034],[14.8930828,49.3869755],[14.893021,49.3866787],[14.8931778,49.3866199],[14.893339,49.3865975],[14.8931565,49.3861658],[14.8924109,49.3860702],[14.8923419,49.3856836],[14.8921032,49.3854469],[14.8920418,49.3853894],[14.8920649,49.3852698],[14.8920005,49.3851435],[14.8919184,49.3850341],[14.8915684,49.3847351],[14.8909915,49.3843943],[14.8910458,49.3843317],[14.8906931,49.3840909],[14.890139,49.3837579],[14.8900284,49.3837214],[14.8887082,49.3827237],[14.8884547,49.3827995],[14.8881894,49.3828201],[14.8881143,49.3827431],[14.8880613,49.3827393],[14.8878532,49.3827443],[14.8876869,49.3827484],[14.8874721,49.3827979],[14.8868113,49.3824151],[14.8865869,49.3824331],[14.8865733,49.3827503],[14.8858708,49.3823573],[14.8855671,49.3822508],[14.885514,49.3824832],[14.8848974,49.3822536],[14.8845876,49.3824249],[14.8843378,49.3827319],[14.8840189,49.3829263],[14.8833998,49.3826687],[14.8832886,49.3828423],[14.8831716,49.383021],[14.8814592,49.3830651],[14.8812719,49.3834794],[14.8810216,49.3837881],[14.8806992,49.3841688],[14.8804103,49.3842406],[14.8802379,49.384294],[14.880069,49.3843288],[14.8791564,49.3828792],[14.8793915,49.3829302],[14.8794333,49.3826464],[14.8794199,49.3820622],[14.8794783,49.3819625],[14.8794955,49.3813956],[14.8798987,49.380856],[14.8793785,49.3807843],[14.8791481,49.3798232],[14.8790256,49.379669],[14.8791106,49.3794091],[14.8788028,49.3793097],[14.8791212,49.3788553],[14.8789652,49.3788075],[14.8785579,49.3787655],[14.8789625,49.3782851],[14.8797544,49.3773388],[14.8800803,49.376898],[14.8807448,49.376146],[14.8809467,49.3761946],[14.8811555,49.3762448],[14.8813104,49.376373],[14.8815813,49.37643],[14.8816457,49.3765974],[14.8817449,49.3766412],[14.8819161,49.376748],[14.8828956,49.3774098],[14.8832183,49.3774992],[14.883457,49.3777623],[14.8836822,49.3777321],[14.8841788,49.3778121],[14.8844842,49.3781316],[14.8845507,49.3781204],[14.8849466,49.378307],[14.8852931,49.3782291],[14.8856866,49.3781825],[14.8860713,49.3785541],[14.8864663,49.3785342],[14.886946,49.3784521],[14.8870253,49.3785018],[14.8872017,49.378423],[14.8876065,49.3784312],[14.8885174,49.3785459],[14.8889514,49.3786169],[14.8908037,49.3777457],[14.8908451,49.377744],[14.8911592,49.3780325],[14.8914346,49.3782351],[14.8921636,49.3778995],[14.8921437,49.3778541],[14.8930317,49.3782463],[14.8935208,49.3784624],[14.8938927,49.3786268],[14.8939919,49.3786837],[14.8946096,49.3790323],[14.8949174,49.3792737],[14.8957037,49.3794432],[14.8957357,49.3795128],[14.8958407,49.3794107],[14.8961264,49.3788666],[14.8962978,49.37854],[14.8964908,49.3782074],[14.8966785,49.3776938],[14.8968068,49.3774976],[14.897011,49.3772508],[14.8972288,49.376985],[14.897279,49.3769238],[14.8973618,49.3767788],[14.8995075,49.3765682],[14.9000022,49.3763505],[14.9015537,49.3781824],[14.901735,49.3780805],[14.9021829,49.3779442],[14.9022595,49.3779211],[14.9025789,49.3778157],[14.9030446,49.3776808],[14.9033832,49.3776328],[14.9038587,49.3775472],[14.9042222,49.3774478],[14.9045063,49.377391],[14.9046049,49.3773713],[14.9051852,49.3772334],[14.9058217,49.3770733],[14.9060335,49.37702],[14.906258,49.3769515],[14.9064679,49.3769116],[14.9066678,49.376875],[14.9067915,49.3768645],[14.9071265,49.3768361],[14.9077913,49.3776137],[14.9079783,49.3774179],[14.9079315,49.3772006],[14.9084861,49.377186],[14.9085293,49.3771848],[14.9091293,49.3771745],[14.9092029,49.3771732],[14.9093699,49.3769962],[14.9094611,49.3768996],[14.9096085,49.3768041],[14.9098708,49.3766341],[14.9101194,49.376473],[14.9105746,49.3755953],[14.9111875,49.375488],[14.9108374,49.3735274],[14.9111948,49.3730128],[14.9112411,49.3729725],[14.9113438,49.3731813],[14.9116138,49.372667],[14.912367,49.3734285],[14.9127334,49.3733558],[14.9128485,49.3733484],[14.9128949,49.3733454],[14.9129696,49.3733406],[14.9129613,49.3730177],[14.9132009,49.373032],[14.913257,49.3727822],[14.9135194,49.3728239],[14.9137634,49.3728402],[14.9140061,49.3728651],[14.9140287,49.3728661],[14.9140753,49.3728683],[14.9142681,49.3731225],[14.9148595,49.3733862],[14.914618,49.3716668],[14.9148387,49.3714361],[14.9151256,49.3704897],[14.9156719,49.3704018],[14.9164669,49.3697842],[14.9173021,49.3693738],[14.9178094,49.3679336],[14.9195535,49.367773],[14.9203074,49.3676682],[14.9206659,49.3675894],[14.9228398,49.369246],[14.9233264,49.3692993],[14.9239468,49.369739],[14.9243191,49.3690738],[14.9246472,49.3683707],[14.9253882,49.3683824],[14.925705,49.3685987],[14.9263834,49.3683105],[14.9284069,49.3677009],[14.9284704,49.3676323],[14.9296665,49.3673275],[14.9295526,49.3672021],[14.9293188,49.3671887],[14.930618,49.3669754],[14.9307523,49.3669016],[14.9299563,49.366884],[14.9305789,49.3667129],[14.9306367,49.3664363],[14.9305826,49.3663194],[14.9305526,49.3662614],[14.9305832,49.3661979],[14.9324033,49.3659713],[14.9329918,49.3657941],[14.9328613,49.3657454],[14.9328305,49.3656164],[14.9328871,49.3654818],[14.9328437,49.3654115],[14.932723,49.3653503],[14.9328259,49.3652638],[14.9327736,49.3652096],[14.9328104,49.3650774],[14.9326853,49.3649482],[14.9326981,49.3648704],[14.9327036,49.3647991],[14.9328476,49.3647233],[14.9324387,49.3647024],[14.9326668,49.3646119],[14.9325772,49.364565],[14.9326399,49.3644209],[14.9326914,49.3643124],[14.9325477,49.3642225],[14.9325449,49.3640559],[14.9322598,49.3640386],[14.9318723,49.3640026],[14.9324556,49.3638763],[14.9324701,49.3638101],[14.9324831,49.363747],[14.9316531,49.3636713],[14.9324722,49.3635533],[14.9324482,49.363482],[14.9324664,49.3634122],[14.9324535,49.3633331],[14.9316402,49.3632462],[14.9316317,49.3631679],[14.9316001,49.3630657],[14.9315394,49.3626549],[14.9315237,49.3626025],[14.9311777,49.3619832],[14.9310791,49.361977],[14.9308683,49.360851],[14.9307499,49.3608487],[14.9306228,49.3608595],[14.9305224,49.360821],[14.9304318,49.3608268],[14.9302763,49.360345],[14.9300555,49.3603455],[14.9299253,49.3603333],[14.929886,49.3603197],[14.9296485,49.3602378],[14.9295645,49.3601386],[14.9294569,49.3605008],[14.9293594,49.3601271],[14.9292671,49.3601208],[14.9293414,49.359547]]]}},{"type":"Feature","properties":{"SKNAZEV":"oblast a osa","OBTYPNAZEV":"AKC","DRUH_O_AKC":"AOV","ID_LOKAL":52,"OZNACENI_P":"AOV52","UO":1,"VYKON":28,"UROVEN":"URP","ID_NDOK":null,"NAZEV_NDOK":null,"NAZEV":"Albrechtice","ZM_CISLO_P":2,"EUP_KOD_P":22907,"ZAPIS":"ZMZA","JE_AKTUALNI":true,"STAV_VYBERU":"ponechana"},"geometry":{"type":"Polygon","coordinates":[[[17.3270168,49.8931356],[17.3282734,49.8932003],[17.3283279,49.8930902],[17.3283814,49.892845],[17.3304829,49.8924423],[17.332307,49.8922018],[17.3331101,49.8920838],[17.3342314,49.891975],[17.3345563,49.8919284],[17.3349959,49.8918346],[17.3359099,49.8916476],[17.3362509,49.8915746],[17.3366799,49.8915108],[17.3369415,49.8914973],[17.3367329,49.8899751],[17.3369359,49.8899658],[17.3371423,49.8899558],[17.3376317,49.8899465],[17.3383661,49.8899314],[17.3389451,49.8899077],[17.3392343,49.8898998],[17.339695,49.8899081],[17.3398845,49.889915],[17.3402311,49.8899505],[17.3407269,49.8899948],[17.3409269,49.8900189],[17.3410056,49.8900304],[17.3411116,49.8900488],[17.34124,49.8900762],[17.3414415,49.8901241],[17.3417858,49.8916468],[17.3420093,49.8916687],[17.3426076,49.8917875],[17.3441618,49.8922117],[17.3441602,49.8922345],[17.3441713,49.893126],[17.3438412,49.8940473],[17.3438184,49.8940613],[17.3434812,49.8947549],[17.3431125,49.8946241],[17.3431405,49.8947272],[17.3433912,49.8948797],[17.3433783,49.8949128],[17.3432495,49.8952429],[17.3434482,49.8953312],[17.3436801,49.8953869],[17.3441006,49.8954571],[17.3440914,49.8954892],[17.3440731,49.8955678],[17.344079,49.8956689],[17.3441011,49.8957781],[17.3441526,49.8959733],[17.3441585,49.8960499],[17.3441473,49.8961028],[17.3441216,49.8961362],[17.3440518,49.8961937],[17.3439585,49.8962496],[17.3438515,49.8962873],[17.3437256,49.8963115],[17.3436423,49.8963181],[17.3433696,49.8963364],[17.3431382,49.8963568],[17.3428434,49.8963789],[17.3426669,49.8964037],[17.3426047,49.8964082],[17.3421622,49.8963498],[17.3421565,49.8963712],[17.3421812,49.8963946],[17.3418138,49.8962964],[17.3413587,49.8961998],[17.3410241,49.8961148],[17.340266,49.8960502],[17.3380244,49.8958792],[17.3375099,49.8958894],[17.3364641,49.8959102],[17.3363214,49.8960767],[17.3362352,49.8961268],[17.3362345,49.8961276],[17.3361509,49.896226],[17.3361556,49.8962591],[17.3361571,49.8962694],[17.3361191,49.8963905],[17.3360829,49.8965065],[17.3361603,49.8965013],[17.3361747,49.8965803],[17.3362375,49.8969226],[17.3362097,49.8969148],[17.3361182,49.8968894],[17.3360392,49.8968803],[17.3359266,49.8968899],[17.335773,49.8968939],[17.3355955,49.8968739],[17.3354196,49.8968369],[17.3350747,49.8967981],[17.3348077,49.8967862],[17.3347145,49.8967898],[17.3347062,49.8967916],[17.33483,49.8971558],[17.3343126,49.8974541],[17.333602,49.897748],[17.3323623,49.89827],[17.3319411,49.8987847],[17.3319051,49.8988099],[17.3315441,49.8989504],[17.3313956,49.898986],[17.330947,49.8990471],[17.3306889,49.8989714],[17.330242,49.8989324],[17.3300143,49.8989946],[17.329784,49.8989651],[17.3293926,49.8988846],[17.3294213,49.8989393],[17.3295067,49.8990408],[17.3295386,49.8990885],[17.329657,49.8992376],[17.3300798,49.8996248],[17.3285672,49.9002714],[17.3285256,49.9002757],[17.3284932,49.9002851],[17.3283024,49.9009999],[17.3280339,49.900779],[17.3273761,49.9007019],[17.3266161,49.9006685],[17.3268471,49.9008817],[17.3247621,49.9013447],[17.3226951,49.9012982],[17.3234018,49.9019691],[17.3232724,49.9019526],[17.3230638,49.9019558],[17.3229099,49.9019676],[17.3228159,49.9019888],[17.3227453,49.9020045],[17.3225316,49.90203],[17.3223265,49.9020904],[17.3222498,49.9021177],[17.3221535,49.9021502],[17.3225459,49.9025528],[17.3225448,49.9025539],[17.3225448,49.902553],[17.3224167,49.9025603],[17.3223288,49.9025686],[17.322201,49.9026024],[17.322035,49.9026296],[17.3217799,49.9026966],[17.3215965,49.9027799],[17.321463,49.90284],[17.3213059,49.902885],[17.3213193,49.9028946],[17.3215972,49.903142],[17.3204941,49.9041163],[17.3203442,49.9039176],[17.3203157,49.9039046],[17.3201797,49.903858],[17.3201093,49.9038424],[17.3200329,49.9038215],[17.3198004,49.9037382],[17.3193678,49.9035743],[17.3192158,49.9035214],[17.3190735,49.9034796],[17.3188399,49.9034222],[17.3185784,49.9033514],[17.3184559,49.9033279],[17.3183332,49.9033173],[17.3181582,49.9033213],[17.3180437,49.903336],[17.3179889,49.9033591],[17.3177699,49.9034905],[17.317716,49.9035486],[17.317609,49.9037017],[17.3175611,49.9037908],[17.3175384,49.903893],[17.317467,49.9042099],[17.3174233,49.9043267],[17.3173863,49.9044334],[17.3173725,49.9045397],[17.3174491,49.9046115],[17.3175575,49.9047899],[17.3176536,49.9050163],[17.3177653,49.9053531],[17.3163847,49.9061664],[17.3162086,49.9062812],[17.3160124,49.9064514],[17.3159727,49.9064544],[17.3152238,49.9073952],[17.3149081,49.9076194],[17.3135732,49.9087118],[17.3131138,49.9099825],[17.3123636,49.9125135],[17.3137669,49.9144392],[17.3139357,49.91467],[17.3118617,49.9152216],[17.3116125,49.9153037],[17.3115615,49.9153205],[17.3098096,49.9157859],[17.3089267,49.9159974],[17.306099,49.9163423],[17.3050072,49.9164469],[17.3046736,49.9164942],[17.3031045,49.9166519],[17.3028072,49.9166846],[17.3020194,49.916846],[17.3016771,49.9168545],[17.3010958,49.9168074],[17.3009293,49.916794],[17.2998465,49.9166885],[17.299818,49.916663],[17.2999257,49.9166364],[17.3002962,49.9165065],[17.3005381,49.9164311],[17.3007901,49.9164457],[17.3008373,49.9164316],[17.3016651,49.9162077],[17.3018604,49.9161418],[17.3027294,49.915848],[17.3030441,49.9157481],[17.3031891,49.915702],[17.3035404,49.9155051],[17.3037354,49.9152935],[17.3039816,49.9148844],[17.3041842,49.9146453],[17.3042317,49.9143921],[17.3043068,49.9141774],[17.3043488,49.9139192],[17.3043201,49.9135339],[17.3042958,49.9132814],[17.3042898,49.9132423],[17.3043892,49.9129802],[17.3041899,49.9126493],[17.304151,49.9124673],[17.3040249,49.9121275],[17.3039871,49.9120443],[17.3038544,49.9117517],[17.3038395,49.9117188],[17.3038472,49.9116478],[17.3034611,49.9107815],[17.3033061,49.9104513],[17.3022762,49.9081499],[17.3022609,49.9080929],[17.3024321,49.9064528],[17.3025958,49.9047954],[17.3026075,49.9046422],[17.3026773,49.9037289],[17.3027688,49.903146],[17.3027759,49.9031],[17.3028565,49.9025857],[17.3028913,49.9024802],[17.3036326,49.9013302],[17.3054145,49.9021279],[17.307411,49.9028688],[17.3102965,49.9032281],[17.3124379,49.9029839],[17.3132841,49.9029941],[17.3133969,49.9029358],[17.3136524,49.9031295],[17.3151549,49.9024978],[17.3151871,49.9023577],[17.3153714,49.9022239],[17.3153608,49.9021281],[17.3154221,49.9019912],[17.3154406,49.902022],[17.3160588,49.9018301],[17.3160836,49.9018514],[17.3161021,49.901826],[17.3164036,49.9014093],[17.3165734,49.9012441],[17.3169155,49.9010065],[17.3171646,49.9008626],[17.3174556,49.9007159],[17.31811,49.8999848],[17.3179802,49.899555],[17.3179528,49.8993615],[17.3179644,49.8988795],[17.31796,49.8988013],[17.3179685,49.8987382],[17.3179628,49.8986502],[17.3179632,49.8985713],[17.3175866,49.8976844],[17.3172952,49.8968138],[17.3173791,49.8967073],[17.3174445,49.8966243],[17.3171544,49.8958142],[17.3163422,49.8946183],[17.3165555,49.8942954],[17.3171906,49.8935501],[17.317577,49.8931994],[17.3186261,49.8924849],[17.3188292,49.8923186],[17.3193867,49.8918947],[17.3197401,49.8915706],[17.320892,49.8923458],[17.3214354,49.8919602],[17.3220816,49.8915413],[17.3231398,49.8919735],[17.3239364,49.8924766],[17.3258185,49.8926493],[17.3270168,49.8931356]]]}},{"type":"Feature","properties":{"SKNAZEV":"oblast a osa","OBTYPNAZEV":"AKC","DRUH_O_AKC":"AOV","ID_LOKAL":53,"OZNACENI_P":"AOV53","UO":1,"VYKON":42,"UROVEN":"URP","ID_NDOK":null,"NAZEV_NDOK":null,"NAZEV":"Záborná","ZM_CISLO_P":2,"EUP_KOD_P":22907,"ZAPIS":"ZMZA","JE_AKTUALNI":true,"STAV_VYBERU":"ponechana"},"geometry":{"type":"Polygon","coordinates":[[[15.7468078,49.4988213],[15.746774,49.4976928],[15.7467461,49.4972607],[15.7467603,49.4969427],[15.7467695,49.4967356],[15.7468543,49.4963801],[15.7468288,49.4961906],[15.7466924,49.4957443],[15.7467447,49.4956814],[15.7468994,49.4955481],[15.7470413,49.4953033],[15.7472737,49.4950724],[15.7474931,49.4948458],[15.7475545,49.4948226],[15.7484698,49.4918251],[15.7503782,49.4925371],[15.7524191,49.4918958],[15.7525274,49.4919018],[15.7534725,49.4921707],[15.7540149,49.4921036],[15.7544524,49.4921986],[15.754699,49.4922617],[15.7558168,49.4922934],[15.7559909,49.4940769],[15.7599153,49.4937478],[15.7596233,49.4931894],[15.7594383,49.4926641],[15.7592599,49.4922064],[15.7593116,49.4922092],[15.7604543,49.4923507],[15.7637681,49.4942373],[15.7639192,49.4944286],[15.763987,49.4946993],[15.7635202,49.4958704],[15.7678886,49.4974028],[15.7692863,49.4977553],[15.7706139,49.4978597],[15.7717016,49.498267],[15.772887,49.4979744],[15.7750384,49.4972569],[15.775186,49.4974789],[15.7752847,49.4975966],[15.7755738,49.4979411],[15.775607,49.4979806],[15.7758165,49.4980801],[15.7762187,49.4979033],[15.7764231,49.4977933],[15.776647,49.4974636],[15.7765949,49.4970922],[15.7770121,49.4969162],[15.77695,49.4962152],[15.7778231,49.4957526],[15.7778529,49.4957239],[15.7786607,49.4954921],[15.7796181,49.4946377],[15.7791302,49.4938216],[15.7790437,49.4936817],[15.7790086,49.4936574],[15.7854573,49.4942562],[15.7858369,49.4937077],[15.784756,49.4933103],[15.781148,49.4919593],[15.7803695,49.4920281],[15.7792628,49.4922688],[15.7792111,49.4922141],[15.7809137,49.4897277],[15.781387,49.4896242],[15.7822291,49.489765],[15.7827742,49.4898095],[15.7828528,49.4894321],[15.7829687,49.4891338],[15.7832538,49.4889875],[15.7835868,49.4889287],[15.7838812,49.4888414],[15.7840498,49.4887708],[15.7843029,49.4886015],[15.7842324,49.488562],[15.7839885,49.4884258],[15.7837004,49.4881659],[15.7836448,49.4881365],[15.783614,49.4881201],[15.7830493,49.4878209],[15.7832346,49.4876013],[15.783358,49.4874768],[15.7834869,49.4874068],[15.7838045,49.4872059],[15.7840099,49.487],[15.7844859,49.4864373],[15.7849715,49.4860293],[15.7850938,49.4859219],[15.786658,49.4858594],[15.7867058,49.4858729],[15.7869929,49.4859376],[15.7874559,49.4860686],[15.7879641,49.4862844],[15.788175,49.4863201],[15.7884051,49.4859896],[15.7895756,49.4860885],[15.7897229,49.4862321],[15.7902103,49.4864883],[15.7904096,49.4866737],[15.790503,49.4867063],[15.7908008,49.4867853],[15.7909492,49.4868217],[15.7911313,49.4868622],[15.7913031,49.4868668],[15.7920428,49.4869766],[15.7921481,49.4869906],[15.7921508,49.4869819],[15.7921956,49.4869907],[15.7922169,49.4869475],[15.7922881,49.4869578],[15.7931428,49.4868916],[15.7927754,49.4860073],[15.7931772,49.4858636],[15.7938447,49.4859824],[15.7941537,49.485986],[15.7948894,49.485931],[15.7953114,49.4858203],[15.7953375,49.4851788],[15.7966891,49.4851693],[15.7971774,49.4853552],[15.797536,49.4854613],[15.7980431,49.4857726],[15.7990604,49.4862284],[15.7995914,49.4864199],[15.8005222,49.4863663],[15.8007332,49.4864392],[15.8007185,49.4867104],[15.8007094,49.486872],[15.800669,49.4869746],[15.8006525,49.4870745],[15.8005802,49.4873035],[15.8005192,49.4875773],[15.8004459,49.4878646],[15.8003506,49.4882793],[15.8003274,49.4883957],[15.8002766,49.4886006],[15.8002107,49.4888404],[15.8001333,49.4891464],[15.8000925,49.4892792],[15.8000373,49.489436],[15.8000031,49.4895335],[15.7998757,49.4897373],[15.7997387,49.4900099],[15.7996944,49.4899999],[15.7996112,49.490202],[15.7996067,49.4905889],[15.7996778,49.490814],[15.7996845,49.4908942],[15.7996777,49.491006],[15.7996543,49.4911025],[15.7996359,49.4911485],[15.7995814,49.4912658],[15.7994128,49.4915991],[15.7993545,49.4917143],[15.7992241,49.4919721],[15.7992041,49.4920117],[15.7991649,49.4920891],[15.7987756,49.492859],[15.7986435,49.4930961],[15.7985503,49.4932387],[15.7982836,49.493647],[15.7982118,49.4937569],[15.7980285,49.4940418],[15.7979703,49.4942034],[15.797943,49.494319],[15.797527,49.4960742],[15.797498,49.4961271],[15.7974812,49.4961918],[15.797485,49.4962354],[15.7974304,49.4964591],[15.7973705,49.4965968],[15.7972676,49.4967271],[15.7971051,49.4968895],[15.7969737,49.4970215],[15.7968495,49.4971716],[15.7967589,49.4973316],[15.7963421,49.4983695],[15.7962856,49.498559],[15.7961431,49.4985776],[15.7955574,49.4990237],[15.7955351,49.4991435],[15.7954957,49.4991314],[15.7951914,49.4996633],[15.7951102,49.4997641],[15.7951464,49.4998647],[15.7950692,49.4999452],[15.7950742,49.4999859],[15.7950808,49.500035],[15.7946236,49.5003867],[15.7932235,49.5011164],[15.792956,49.501347],[15.7929126,49.5018657],[15.7923091,49.5020608],[15.79217,49.502333],[15.7916032,49.5035943],[15.7914656,49.5036927],[15.7906544,49.5045841],[15.790302,49.5052753],[15.7901082,49.5072993],[15.7901792,49.5073659],[15.7895612,49.5076678],[15.7890267,49.507891],[15.7869791,49.508602],[15.7867635,49.508567],[15.7829084,49.5072287],[15.7792768,49.5068053],[15.7722635,49.5051732],[15.7710641,49.5049005],[15.7706221,49.5045257],[15.7698576,49.5043594],[15.7697424,49.5040405],[15.7693066,49.5022941],[15.7667197,49.503844],[15.7650051,49.5034445],[15.7647867,49.5028716],[15.7634905,49.50302],[15.7614117,49.5024976],[15.7603107,49.5021342],[15.759227,49.5014077],[15.7590619,49.5014171],[15.7580614,49.5016539],[15.7570333,49.5014626],[15.7566542,49.5014102],[15.7561632,49.5013118],[15.756099,49.5013035],[15.7557065,49.5011992],[15.7552248,49.5010828],[15.7545853,49.5008965],[15.7542346,49.5007775],[15.7533215,49.5005877],[15.7532865,49.5005745],[15.7527581,49.5003214],[15.7510333,49.4999521],[15.7495144,49.4996877],[15.7494132,49.4996584],[15.7487193,49.4994824],[15.7476081,49.4992184],[15.7467907,49.498905],[15.7468078,49.4988213]]]}},{"type":"Feature","properties":{"SKNAZEV":"oblast a osa","OBTYPNAZEV":"AKC","DRUH_O_AKC":"AOV","ID_LOKAL":55,"OZNACENI_P":"AOV55","UO":1,"VYKON":28,"UROVEN":"URP","ID_NDOK":null,"NAZEV_NDOK":null,"NAZEV":"Košetice","ZM_CISLO_P":2,"EUP_KOD_P":22907,"ZAPIS":"ZMZA","JE_AKTUALNI":true,"STAV_VYBERU":"ponechana"},"geometry":{"type":"Polygon","coordinates":[[[13.1835741,49.8219717],[13.1836025,49.8219363],[13.1832657,49.8208754],[13.1820193,49.8197163],[13.1846482,49.8192789],[13.1846735,49.8194171],[13.186623,49.8183607],[13.1868685,49.8182046],[13.1879183,49.8175938],[13.1879712,49.8175955],[13.1921366,49.8169211],[13.1924226,49.8161938],[13.1925432,49.8154734],[13.1925728,49.8154222],[13.1953431,49.8138504],[13.1954198,49.8138502],[13.1966102,49.8140625],[13.1970164,49.8125259],[13.1970393,49.8124977],[13.1971141,49.8124756],[13.1971587,49.8124625],[13.1971793,49.8124564],[13.1988994,49.8114319],[13.1990762,49.8109671],[13.1991887,49.8109263],[13.1992226,49.8108938],[13.2000078,49.8105733],[13.2004899,49.8105432],[13.2018828,49.8080819],[13.2027281,49.8075727],[13.202482,49.8071497],[13.2023731,49.8070283],[13.2019321,49.8071037],[13.2016451,49.8069134],[13.2012742,49.8066244],[13.2007824,49.8063516],[13.2002525,49.8060337],[13.1999027,49.8058844],[13.1998654,49.8058684],[13.199989,49.8057083],[13.2024532,49.8040949],[13.2059767,49.80179],[13.206266,49.8008618],[13.2062551,49.8008483],[13.206258,49.8008314],[13.2063642,49.8001356],[13.206566,49.8001065],[13.2083299,49.7990278],[13.2081132,49.7967144],[13.2081153,49.796706],[13.2085515,49.7967796],[13.2094859,49.7965515],[13.2119103,49.7967503],[13.2119925,49.7969214],[13.2120284,49.796925],[13.2129731,49.7973864],[13.2134463,49.7976094],[13.2135891,49.7976892],[13.2137177,49.7977777],[13.2137796,49.7978423],[13.2145026,49.7988017],[13.2146593,49.7990232],[13.2165092,49.8001368],[13.2168271,49.8000063],[13.2172597,49.8006049],[13.2174282,49.8010231],[13.2199686,49.8068827],[13.2200773,49.8071318],[13.2194621,49.8070453],[13.2194903,49.8081671],[13.2198299,49.8087803],[13.2199122,49.8088409],[13.2198774,49.8088668],[13.2203301,49.8098705],[13.2208637,49.8107617],[13.2208316,49.8108741],[13.220476,49.8111703],[13.2200481,49.8114805],[13.2198073,49.8116424],[13.2189674,49.8118146],[13.2186512,49.8116113],[13.2178545,49.8111275],[13.2171697,49.8108765],[13.2171101,49.8108481],[13.2169398,49.8107648],[13.216662,49.8106665],[13.2161987,49.8104915],[13.213529,49.8106084],[13.2133341,49.8105167],[13.2125802,49.8102944],[13.2124578,49.8103541],[13.2124045,49.8104233],[13.212527,49.8106661],[13.2102467,49.8107867],[13.2094106,49.8114023],[13.2081789,49.8117268],[13.2081349,49.8118962],[13.2076093,49.8120723],[13.2058207,49.8130064],[13.2055067,49.8139469],[13.2052223,49.8142006],[13.2052636,49.8142317],[13.2052939,49.8143182],[13.2041908,49.8149795],[13.2043417,49.8155468],[13.2043219,49.8157464],[13.2044271,49.8157918],[13.2047919,49.8158748],[13.2048561,49.8159278],[13.2050249,49.8162046],[13.2048885,49.8162266],[13.2055382,49.8173982],[13.2054077,49.8174598],[13.20478,49.8175967],[13.203812,49.8175693],[13.2028162,49.8175767],[13.2027061,49.8177233],[13.2027245,49.8177989],[13.2031752,49.8180659],[13.2036893,49.818263],[13.2035555,49.8183677],[13.2032119,49.8188269],[13.2032606,49.818872],[13.2030456,49.8189408],[13.2026647,49.8191225],[13.2016594,49.8194308],[13.2009225,49.8196341],[13.2002031,49.8197538],[13.1998453,49.8198319],[13.1995649,49.819822],[13.1994962,49.8197921],[13.1994566,49.8197489],[13.1992756,49.8195076],[13.1987215,49.8186073],[13.1981147,49.8183703],[13.1980672,49.818379],[13.1983577,49.8189477],[13.198499,49.8192825],[13.1982753,49.8193221],[13.1978085,49.8194772],[13.1960376,49.8201579],[13.1958268,49.8201333],[13.1957984,49.8202098],[13.1960897,49.820529],[13.1957005,49.8207315],[13.1956328,49.8208416],[13.194668,49.8213106],[13.1936272,49.8220588],[13.1935217,49.8221809],[13.1934265,49.8222074],[13.1933121,49.8221412],[13.1933049,49.8221371],[13.1932176,49.8221446],[13.1929393,49.8220314],[13.1928836,49.8220088],[13.1924207,49.8217301],[13.1901611,49.8220709],[13.1882903,49.822746],[13.1880972,49.82277],[13.1870702,49.8228778],[13.1865225,49.8229578],[13.1854916,49.8230976],[13.185477,49.8230735],[13.1835741,49.8219717]]]}},{"type":"Feature","properties":{"SKNAZEV":"oblast a osa","OBTYPNAZEV":"AKC","DRUH_O_AKC":"AOV","ID_LOKAL":46,"OZNACENI_P":"AOV46","UO":1,"VYKON":28,"UROVEN":"URP","ID_NDOK":null,"NAZEV_NDOK":null,"NAZEV":"Hříšice","ZM_CISLO_P":2,"EUP_KOD_P":22907,"ZAPIS":"ZMZA","JE_AKTUALNI":false,"STAV_VYBERU":"zrusena"},"geometry":{"type":"Polygon","coordinates":[[[15.468068,49.1048376],[15.4678392,49.1040502],[15.46784,49.1037392],[15.4665046,49.1030535],[15.4662605,49.1029793],[15.4651554,49.1021168],[15.4651496,49.1019283],[15.4651733,49.1017686],[15.4651909,49.1016465],[15.4651929,49.1015016],[15.4651771,49.1012788],[15.4651753,49.101236],[15.4651646,49.1009818],[15.4651624,49.1009269],[15.4651908,49.1007473],[15.4652468,49.1005469],[15.4653774,49.1002032],[15.466735,49.1002443],[15.4672672,49.1004896],[15.4676106,49.1003887],[15.4684928,49.100695],[15.4685233,49.100599],[15.4695405,49.1003306],[15.4703367,49.1005794],[15.4719387,49.1000716],[15.4734026,49.0998815],[15.4736472,49.0997186],[15.4738287,49.0996031],[15.4754568,49.09961],[15.4768921,49.0998307],[15.4772003,49.0996746],[15.4778048,49.0998053],[15.4783608,49.0997182],[15.4786226,49.0996756],[15.4783226,49.0999461],[15.4786251,49.0999958],[15.4792815,49.0998509],[15.480115,49.0997879],[15.480407,49.100051],[15.4808784,49.0998669],[15.4809254,49.0999596],[15.4810295,49.1001349],[15.4830477,49.0997588],[15.4831411,49.0999022],[15.484456,49.099738],[15.4848301,49.0999635],[15.4850297,49.0999308],[15.4852274,49.0999229],[15.4858438,49.1000507],[15.4857018,49.100219],[15.4859697,49.1005184],[15.4854501,49.1007245],[15.4859376,49.1008528],[15.4857651,49.1010203],[15.485572,49.1013347],[15.4856255,49.1014916],[15.4853528,49.1014965],[15.4850154,49.1015683],[15.4850172,49.1016466],[15.4850111,49.1016995],[15.4850143,49.101762],[15.4851289,49.1018585],[15.4851821,49.1018862],[15.4851156,49.1019055],[15.4853005,49.1021685],[15.4851671,49.1022037],[15.4850561,49.102232],[15.4850275,49.1022475],[15.4848796,49.1023167],[15.4847404,49.1023823],[15.4844718,49.1025151],[15.4854946,49.1035929],[15.4857089,49.103896],[15.4856047,49.1039922],[15.4862071,49.1048924],[15.4860313,49.1051712],[15.4862371,49.105164],[15.486451,49.1053233],[15.4862301,49.1057444],[15.4857616,49.1063261],[15.4866026,49.1062127],[15.4871793,49.1062513],[15.4874358,49.1065215],[15.4874863,49.1067445],[15.4874175,49.1070601],[15.4875521,49.1071879],[15.4878757,49.1072096],[15.48788,49.1076464],[15.4884962,49.1073343],[15.488551,49.1074802],[15.4882767,49.107834],[15.4890835,49.1077505],[15.4891527,49.1079375],[15.4893002,49.1080725],[15.4896115,49.1083266],[15.4905518,49.1085985],[15.4906605,49.1087627],[15.4910241,49.108719],[15.491152,49.1087626],[15.4913327,49.1087855],[15.4915477,49.1088534],[15.4914482,49.1090448],[15.4919354,49.1090743],[15.4927719,49.1091117],[15.4928195,49.109245],[15.4930901,49.1092675],[15.4931502,49.1094964],[15.4937706,49.1092488],[15.49408,49.1092191],[15.4944022,49.1092092],[15.4944432,49.1094484],[15.4946869,49.1093578],[15.4950209,49.1091657],[15.4951643,49.1092681],[15.4952476,49.1093771],[15.4955438,49.109299],[15.4954836,49.1096012],[15.4957937,49.1095217],[15.4964466,49.1090135],[15.4964538,49.1093402],[15.4972179,49.1087225],[15.4976031,49.1086166],[15.4977972,49.1087257],[15.4980247,49.1088102],[15.4982783,49.1088165],[15.4988512,49.1085283],[15.499321,49.1083726],[15.4998776,49.1081851],[15.5000901,49.108168],[15.5001919,49.1082323],[15.5009129,49.1080898],[15.5018105,49.1086388],[15.5030132,49.1082802],[15.5050277,49.1092499],[15.5057874,49.1088984],[15.5047652,49.107394],[15.5049441,49.1070582],[15.5065649,49.1060395],[15.5073451,49.105207],[15.5071407,49.1049149],[15.5071559,49.1048522],[15.5076269,49.1042755],[15.507939,49.1038012],[15.5079802,49.1037701],[15.508139,49.1036543],[15.5084047,49.1036438],[15.5086451,49.1036385],[15.5090426,49.1036243],[15.5091486,49.1036068],[15.5096046,49.1035097],[15.5098689,49.1034682],[15.5100803,49.1035078],[15.5102331,49.1034871],[15.5106711,49.1034618],[15.5106975,49.1033995],[15.5110055,49.1034614],[15.5111538,49.1034426],[15.5111823,49.103363],[15.5114575,49.1032978],[15.5117432,49.1032376],[15.5122496,49.1032244],[15.5127347,49.1032465],[15.5129669,49.1032869],[15.5132336,49.1032848],[15.5133884,49.1032787],[15.5137418,49.1032732],[15.5138159,49.1032251],[15.5139289,49.103262],[15.5139777,49.1032878],[15.5142571,49.1034412],[15.5146076,49.1036253],[15.5148881,49.1037741],[15.5151689,49.1038609],[15.5153251,49.1039135],[15.5156347,49.1040148],[15.51589,49.1040754],[15.5161447,49.1041359],[15.5166179,49.1042395],[15.5167827,49.1043532],[15.5170372,49.1043135],[15.5171897,49.1044666],[15.5172413,49.1044835],[15.5174935,49.1047479],[15.5174353,49.1047612],[15.5176311,49.1048336],[15.5177147,49.1049101],[15.5174403,49.1056096],[15.5177268,49.1057223],[15.517669,49.1059038],[15.5176886,49.1060634],[15.5177131,49.1061937],[15.5179618,49.106302],[15.5182001,49.1064097],[15.5184006,49.1064571],[15.5183793,49.1064928],[15.5181339,49.1074184],[15.5180531,49.1082741],[15.5181781,49.1086901],[15.5184979,49.1091342],[15.5187747,49.1096427],[15.5190617,49.1101523],[15.5190801,49.1101772],[15.5190928,49.1101819],[15.5189758,49.1103431],[15.5188599,49.1104647],[15.5187635,49.1105458],[15.5187278,49.1105689],[15.5190248,49.1108651],[15.5191561,49.1110013],[15.5192933,49.1111321],[15.5194277,49.1112686],[15.5161059,49.1123317],[15.5156374,49.1116879],[15.5156221,49.1116665],[15.515615,49.1116684],[15.5156033,49.1116263],[15.514385,49.1118762],[15.5137489,49.1120285],[15.5135772,49.1120555],[15.5136094,49.1120631],[15.5136189,49.1120693],[15.5133336,49.1121081],[15.5124523,49.1123089],[15.5123954,49.1124433],[15.5124499,49.1128566],[15.5123808,49.1130963],[15.5124775,49.1132577],[15.5124467,49.1134374],[15.5124197,49.1135949],[15.5124113,49.1136433],[15.5122311,49.1138577],[15.5121537,49.1139499],[15.5120143,49.114124],[15.5118099,49.1143757],[15.5117887,49.1144018],[15.5113958,49.1142329],[15.5112681,49.1141844],[15.5111625,49.1141696],[15.510839,49.1141719],[15.5093647,49.1141642],[15.5087237,49.1141572],[15.5083648,49.1141493],[15.507105,49.1141118],[15.5068465,49.1141033],[15.5065988,49.114095],[15.5065192,49.1140858],[15.5062639,49.1141211],[15.5062119,49.1141054],[15.5061938,49.114099],[15.5061332,49.1141163],[15.5060816,49.1141265],[15.505514,49.1140495],[15.5054594,49.1139245],[15.5041045,49.1137395],[15.5030961,49.113558],[15.5025852,49.1133821],[15.5027345,49.1132649],[15.5027069,49.113262],[15.5026275,49.1132579],[15.5021787,49.1131472],[15.5014959,49.1131038],[15.5009966,49.1130749],[15.5006732,49.1129623],[15.5003697,49.1129975],[15.5003307,49.1129924],[15.5003441,49.1129677],[15.4998069,49.1128736],[15.4993811,49.11261],[15.4990052,49.1124535],[15.4988889,49.1124487],[15.4987136,49.1123954],[15.4983706,49.112357],[15.497319,49.1123221],[15.4971907,49.1123695],[15.4971062,49.1123834],[15.4966366,49.1123477],[15.4963068,49.1124012],[15.4960331,49.1124307],[15.4959,49.1124196],[15.4956244,49.1124009],[15.4950947,49.1119404],[15.4946955,49.1120729],[15.4957548,49.1111715],[15.4944899,49.111645],[15.4942667,49.1116591],[15.4946391,49.1113372],[15.4945746,49.1112861],[15.494601,49.1111629],[15.4940849,49.1112346],[15.4935727,49.1113337],[15.4937213,49.1110326],[15.4929489,49.1112146],[15.4930088,49.1109543],[15.492913,49.1108997],[15.4931803,49.1106445],[15.4925149,49.1109318],[15.4925268,49.1108899],[15.4924864,49.1107939],[15.492511,49.1105756],[15.4925281,49.1103721],[15.4920073,49.1105121],[15.4927029,49.1098174],[15.4920588,49.1100235],[15.4918273,49.109917],[15.4918221,49.1096867],[15.4906331,49.1101982],[15.4906362,49.109942],[15.4905733,49.1098856],[15.4904562,49.1098227],[15.4903067,49.1096532],[15.4902615,49.1096806],[15.489443,49.1099651],[15.4894255,49.1099465],[15.4894095,49.1099319],[15.4888709,49.1099252],[15.4883796,49.1098643],[15.487498,49.1093929],[15.4863873,49.1094939],[15.4860983,49.1094027],[15.4857497,49.1092625],[15.4856321,49.1092348],[15.4855719,49.1092364],[15.4845943,49.1092186],[15.4856407,49.1087126],[15.484156,49.1089833],[15.4826333,49.1087522],[15.48226,49.1083691],[15.4802364,49.1084896],[15.4780924,49.108084],[15.4780116,49.1078862],[15.4779899,49.1077851],[15.4754478,49.1078285],[15.4754083,49.1076882],[15.4736654,49.1075838],[15.471184,49.1063285],[15.4698923,49.107215],[15.469445,49.1071669],[15.468348,49.1062924],[15.4682497,49.1062521],[15.468068,49.1048376]]]}},{"type":"Feature","properties":{"SKNAZEV":"oblast a osa","OBTYPNAZEV":"AKC","DRUH_O_AKC":"AOV","ID_LOKAL":54,"OZNACENI_P":"AOV54","UO":1,"VYKON":53,"UROVEN":"URP","ID_NDOK":null,"NAZEV_NDOK":null,"NAZEV":"Dobroutov","ZM_CISLO_P":2,"EUP_KOD_P":22907,"ZAPIS":"ZMZA","JE_AKTUALNI":true,"STAV_VYBERU":"ponechana"},"geometry":{"type":"Polygon","coordinates":[[[15.718187,49.4729226],[15.7171572,49.4720043],[15.7169306,49.4720514],[15.7171649,49.4711962],[15.7166634,49.4708159],[15.716414,49.4707507],[15.7163042,49.4707294],[15.7162818,49.4703587],[15.7168024,49.4695464],[15.7169833,49.4694238],[15.7172634,49.4691292],[15.7173936,49.4690672],[15.7175914,49.4688914],[15.7177822,49.4686808],[15.7173843,49.4682068],[15.7173145,49.4680633],[15.7172651,49.4680248],[15.7168713,49.4676706],[15.7167528,49.46755],[15.7166651,49.4675392],[15.716645,49.4673097],[15.7166216,49.4672043],[15.7165593,49.466958],[15.7164085,49.4663011],[15.7163507,49.4662555],[15.7160638,49.465128],[15.7156734,49.4645265],[15.715662,49.4640434],[15.715571,49.4636137],[15.7155566,49.4634498],[15.7155836,49.4634521],[15.7156101,49.4629399],[15.7150645,49.4627356],[15.7150961,49.4627264],[15.7150284,49.4622018],[15.7159588,49.461572],[15.7157604,49.4612995],[15.7161172,49.4606966],[15.7161285,49.4606532],[15.7164149,49.4600587],[15.7164044,49.460036],[15.7165724,49.4591245],[15.7175822,49.4587071],[15.7172322,49.4583773],[15.7165096,49.4586698],[15.7164819,49.4586439],[15.7159066,49.4577164],[15.7158814,49.4577019],[15.7156297,49.457639],[15.7153613,49.4574889],[15.7152907,49.4566855],[15.714827,49.456371],[15.7141635,49.4561237],[15.7138595,49.4556166],[15.7137141,49.4555153],[15.7133949,49.4551711],[15.7140016,49.454872],[15.7144944,49.4546607],[15.7151232,49.4544353],[15.715243,49.4543634],[15.7192728,49.4541697],[15.7193019,49.4541884],[15.7195742,49.4547536],[15.7213748,49.4541032],[15.7219957,49.454074],[15.7220063,49.4544375],[15.7219834,49.4545093],[15.7223959,49.4544342],[15.722933,49.4544556],[15.7236637,49.4546606],[15.7238166,49.454707],[15.7238975,49.4549442],[15.7241812,49.4550113],[15.7245094,49.4550135],[15.7248389,49.4550825],[15.7257156,49.45523],[15.725744,49.4552263],[15.7257771,49.4552204],[15.7259714,49.4551853],[15.726256,49.4551984],[15.7263388,49.4551795],[15.7265498,49.4551314],[15.7280209,49.4549485],[15.7280199,49.4551836],[15.7281111,49.4556732],[15.7281837,49.4562678],[15.7281912,49.4564752],[15.7285029,49.4571195],[15.7282257,49.4574039],[15.7280289,49.4575022],[15.7278741,49.4575188],[15.7278138,49.4575184],[15.7276052,49.4576433],[15.7275447,49.457657],[15.7274573,49.4577039],[15.7271091,49.4578376],[15.7270367,49.4579837],[15.7268148,49.4581679],[15.7267054,49.4583985],[15.7265716,49.4585284],[15.7264118,49.4588342],[15.7262368,49.4590808],[15.7261602,49.4591142],[15.7247573,49.4599275],[15.7246215,49.4605897],[15.7245726,49.4607228],[15.7244426,49.4610765],[15.7243324,49.4611113],[15.7239211,49.4611171],[15.7236537,49.4611948],[15.7236143,49.4615657],[15.7237839,49.4615097],[15.724329,49.4614624],[15.724612,49.4621882],[15.7246566,49.4627961],[15.7239207,49.463294],[15.7235977,49.4633128],[15.7232474,49.4633544],[15.7222904,49.4651807],[15.7219191,49.4651891],[15.7219121,49.4662672],[15.722239,49.46655],[15.7224195,49.4667092],[15.722413,49.4667207],[15.7222965,49.4670666],[15.7224319,49.4672348],[15.7224053,49.4672795],[15.7230274,49.4685042],[15.7230662,49.4685322],[15.7234912,49.4691396],[15.7235121,49.4691502],[15.7235681,49.469185],[15.7236762,49.4692748],[15.7242784,49.4697631],[15.724325,49.4697729],[15.7243567,49.4697789],[15.7248784,49.4700064],[15.7249483,49.4699721],[15.7258559,49.4704576],[15.7259731,49.4705744],[15.7273718,49.4707895],[15.7274112,49.4707937],[15.7279793,49.471043],[15.7285418,49.4710441],[15.7291891,49.4710162],[15.7299841,49.4710703],[15.7300592,49.471054],[15.730195,49.4709682],[15.7302451,49.4710183],[15.7302746,49.4710451],[15.7312421,49.4709268],[15.7312793,49.4709299],[15.732673,49.4705032],[15.7341542,49.4702574],[15.7381635,49.4695659],[15.7383894,49.4692655],[15.7388239,49.4688936],[15.7389027,49.4688384],[15.7389297,49.4688203],[15.7392305,49.4686679],[15.7420619,49.4680785],[15.7422706,49.4682287],[15.7427418,49.468515],[15.7428098,49.4684563],[15.7426434,49.4683351],[15.7423715,49.4681972],[15.7418515,49.4676767],[15.7415929,49.4673842],[15.7415153,49.4673373],[15.7414783,49.4673148],[15.7417574,49.4671576],[15.7422006,49.4669368],[15.7424956,49.4667843],[15.7427418,49.466685],[15.7426813,49.4664278],[15.7430796,49.4660829],[15.7436617,49.4655263],[15.7447768,49.4648976],[15.7462226,49.4640257],[15.7465473,49.4637383],[15.7469648,49.4634106],[15.7471081,49.4633296],[15.7480045,49.4636533],[15.7484128,49.4638035],[15.7499513,49.4643691],[15.7517356,49.4650427],[15.752573,49.4653473],[15.7526601,49.4653789],[15.7534108,49.4656518],[15.7538801,49.4657618],[15.7541376,49.4657645],[15.7541927,49.4657651],[15.7543911,49.4657673],[15.7557926,49.4655872],[15.7558528,49.4655795],[15.7558762,49.4655764],[15.7559542,49.4655665],[15.7573406,49.4653681],[15.7575248,49.4653862],[15.7575521,49.4653888],[15.7583816,49.4654399],[15.7584695,49.4654573],[15.7581523,49.4652324],[15.7577584,49.4650804],[15.7580082,49.4649596],[15.7579182,49.4649004],[15.7582781,49.4648273],[15.7580466,49.4645166],[15.7580242,49.4644813],[15.7581814,49.4643303],[15.7578968,49.4642001],[15.7575741,49.4640475],[15.7573586,49.4638867],[15.7571966,49.4638178],[15.7572876,49.4637241],[15.7577123,49.4634247],[15.7580254,49.4632026],[15.7588362,49.4626262],[15.7597688,49.4619632],[15.7599784,49.4620268],[15.7604402,49.4622108],[15.7609624,49.4624005],[15.761507,49.4625484],[15.7617709,49.4625463],[15.7620865,49.4625069],[15.7624716,49.4624549],[15.7631999,49.4627683],[15.7638554,49.4629328],[15.764156,49.4628042],[15.7641677,49.4627824],[15.7641792,49.4627607],[15.7643673,49.4627538],[15.7645449,49.4627189],[15.7649043,49.4626259],[15.7654376,49.46243],[15.7656661,49.4623431],[15.7689016,49.4636301],[15.7698149,49.4647171],[15.7707599,49.4649279],[15.7707225,49.465122],[15.7692992,49.4654548],[15.7691534,49.4655706],[15.7683706,49.46579],[15.7670072,49.4661721],[15.7705655,49.4677772],[15.7710044,49.4684892],[15.7712238,49.4685136],[15.7711723,49.4689926],[15.7712369,49.4694946],[15.7720442,49.4697376],[15.7726792,49.4693772],[15.7729505,49.4693797],[15.7729586,49.4693418],[15.773526,49.469403],[15.7740432,49.4694533],[15.774542,49.469518],[15.7748188,49.4695459],[15.7753227,49.4692482],[15.7754054,49.469245],[15.7763309,49.4696656],[15.7772409,49.4692731],[15.777405,49.4692768],[15.7776041,49.4697759],[15.7790129,49.4699476],[15.7794982,49.4699637],[15.7791518,49.4701773],[15.7790936,49.4702131],[15.7790305,49.4702521],[15.7789452,49.4703006],[15.7788826,49.4703161],[15.7786996,49.4704416],[15.7786505,49.4704925],[15.7780477,49.4708751],[15.77782,49.4710184],[15.7776118,49.4711392],[15.7772728,49.4713531],[15.7770439,49.4714983],[15.7769054,49.4715628],[15.7763749,49.4719015],[15.775233,49.472633],[15.7750001,49.4727796],[15.7738744,49.4734923],[15.772983,49.4740523],[15.7724296,49.4744075],[15.7709239,49.4753544],[15.7705364,49.4756031],[15.7703165,49.4757451],[15.7701895,49.475845],[15.7701548,49.475932],[15.7700892,49.4760389],[15.7700385,49.4761725],[15.7699256,49.4766273],[15.7694675,49.4784164],[15.7694571,49.4784895],[15.7694028,49.4786186],[15.7692936,49.4788179],[15.7691676,49.4789344],[15.7686175,49.4793689],[15.7676722,49.4801331],[15.7673682,49.4803546],[15.76698,49.4805981],[15.7631857,49.4798057],[15.7606046,49.4800822],[15.7580942,49.4805126],[15.7558992,49.4802335],[15.7558444,49.4802843],[15.7556943,49.4804637],[15.7542017,49.4799998],[15.7540038,49.4801384],[15.7500201,49.4803301],[15.7498964,49.4805177],[15.7498849,49.4805537],[15.7498587,49.4806043],[15.7498077,49.4807427],[15.7497121,49.4807206],[15.7492524,49.4809229],[15.7482619,49.4809592],[15.7477209,49.4808224],[15.7474285,49.4807567],[15.7467443,49.4807298],[15.7465475,49.4807377],[15.7464614,49.480663],[15.7464343,49.4806353],[15.7463,49.4805254],[15.7462978,49.4804513],[15.7460978,49.4802706],[15.7453882,49.479841],[15.7450925,49.479662],[15.7445813,49.4786344],[15.7444812,49.4784849],[15.745433,49.4777856],[15.7457445,49.4774178],[15.7454196,49.4773666],[15.7453962,49.4773579],[15.7454072,49.4773273],[15.7450635,49.477301],[15.7450629,49.4770114],[15.744948,49.4768521],[15.7445669,49.4765976],[15.7442176,49.4762573],[15.7423742,49.4746514],[15.7423473,49.4746279],[15.7416393,49.4747439],[15.7412611,49.4747636],[15.7391633,49.474635],[15.7363701,49.4741877],[15.7357848,49.4741795],[15.7357691,49.4744572],[15.7334426,49.475273],[15.7331476,49.4750811],[15.7326889,49.4747721],[15.7322242,49.4757865],[15.7320651,49.4759079],[15.7312491,49.4765972],[15.7307096,49.4770505],[15.7297287,49.4770427],[15.7281444,49.4762183],[15.7266396,49.4757504],[15.7262842,49.4755594],[15.7246188,49.4753603],[15.724438,49.4754128],[15.7209977,49.474929],[15.720702,49.474516],[15.7206342,49.4745041],[15.7203078,49.4740959],[15.7203314,49.4740496],[15.7203209,49.4740011],[15.7200776,49.4736707],[15.7198086,49.4735482],[15.7190383,49.4731568],[15.7182636,49.4729514],[15.7182405,49.4729305],[15.718187,49.4729226]]]}},{"type":"Feature","properties":{"SKNAZEV":"oblast a osa","OBTYPNAZEV":"AKC","DRUH_O_AKC":"AOV","ID_LOKAL":51,"OZNACENI_P":"AOV51","UO":1,"VYKON":88,"UROVEN":"URP","ID_NDOK":null,"NAZEV_NDOK":null,"NAZEV":"Řenče","ZM_CISLO_P":2,"EUP_KOD_P":22907,"ZAPIS":"ZMZA","JE_AKTUALNI":true,"STAV_VYBERU":"ponechana"},"geometry":{"type":"Polygon","coordinates":[[[13.4309087,49.5268567],[13.4311856,49.5249571],[13.4313331,49.5242063],[13.4317704,49.5239698],[13.436173,49.5221395],[13.4362185,49.522118],[13.4378885,49.520553],[13.4387084,49.5199388],[13.4385664,49.5196899],[13.4392563,49.5191268],[13.4395816,49.5190957],[13.4404303,49.5190125],[13.4407595,49.5164826],[13.4416353,49.5163872],[13.4415629,49.5163433],[13.4415015,49.5162783],[13.4418102,49.513851],[13.4418415,49.5137449],[13.4413111,49.512314],[13.4413494,49.5120179],[13.4413856,49.5117374],[13.4414324,49.5113761],[13.441471,49.5110763],[13.4419452,49.5110567],[13.4422526,49.511041],[13.442877,49.5110953],[13.4436592,49.5111766],[13.445094,49.511128],[13.4452246,49.510868],[13.4467095,49.5104537],[13.4468824,49.5104773],[13.4469995,49.5103967],[13.4484157,49.5105203],[13.4485728,49.510654],[13.4496367,49.5110053],[13.4496397,49.5110339],[13.4499204,49.511081],[13.4541839,49.5106466],[13.45516,49.5103363],[13.4552379,49.5103237],[13.458927,49.5102141],[13.4615384,49.5100801],[13.4622392,49.5107011],[13.4622811,49.5107187],[13.4621919,49.5108141],[13.4622107,49.511476],[13.4624125,49.511717],[13.4624005,49.5117354],[13.4626411,49.5124231],[13.4626048,49.5130674],[13.462824,49.5131661],[13.4628868,49.5131945],[13.4630406,49.5132797],[13.4630916,49.513308],[13.463269,49.5133687],[13.4634648,49.5134358],[13.4635594,49.5135152],[13.4634479,49.5138024],[13.4632765,49.5138298],[13.4626729,49.5138384],[13.4621995,49.5138025],[13.4620696,49.5138063],[13.4610142,49.5152812],[13.4602158,49.5168975],[13.4599304,49.5169375],[13.4589471,49.5188634],[13.4589056,49.5189452],[13.4588773,49.5190008],[13.4589124,49.5190974],[13.4591165,49.5191992],[13.4585284,49.5197531],[13.4583679,49.5199631],[13.4583947,49.520021],[13.4584194,49.5200742],[13.4584787,49.5202021],[13.4586159,49.5204984],[13.4585719,49.5206513],[13.4584146,49.5208523],[13.4580655,49.5216933],[13.4576949,49.5218545],[13.4575152,49.5218056],[13.4486726,49.521387],[13.4485652,49.5213507],[13.4442187,49.5205325],[13.444201,49.5206401],[13.444188,49.5207196],[13.4441379,49.5207947],[13.443946,49.5210826],[13.4439044,49.5211451],[13.4438596,49.5213335],[13.4437959,49.5214995],[13.4437593,49.5215622],[13.4435676,49.5215803],[13.4431336,49.5216117],[13.4426558,49.5216414],[13.4420536,49.5217103],[13.4417616,49.5217571],[13.4411954,49.5218477],[13.4411887,49.5219115],[13.4411328,49.5221725],[13.4411129,49.5222602],[13.441108,49.522471],[13.4408229,49.5226691],[13.4394748,49.5237778],[13.4408309,49.5240259],[13.441088,49.524213],[13.4410334,49.524394],[13.4409377,49.5247117],[13.4408418,49.5250205],[13.4407453,49.5250619],[13.4406978,49.5251297],[13.4415555,49.5261335],[13.4426904,49.5274188],[13.443093,49.5278949],[13.4435782,49.528439],[13.4438714,49.5287468],[13.4444148,49.529365],[13.4449195,49.5299914],[13.4453133,49.5299319],[13.4457087,49.53011],[13.4448516,49.530388],[13.4448043,49.5304034],[13.4446723,49.5304424],[13.4438298,49.5306971],[13.4424975,49.5311189],[13.4424694,49.5310949],[13.4423287,49.5311405],[13.4422586,49.5311758],[13.4422865,49.5312124],[13.4411667,49.5315467],[13.4408454,49.5316494],[13.4404946,49.5317616],[13.4402012,49.5318553],[13.4398697,49.5319614],[13.4408237,49.5327543],[13.441153,49.5326352],[13.4414282,49.5325357],[13.4417738,49.5324107],[13.4420821,49.5323016],[13.4429078,49.532478],[13.4429608,49.532509],[13.4429821,49.5325324],[13.4429909,49.5325421],[13.4435105,49.5323707],[13.4439722,49.5322235],[13.4450101,49.533363],[13.445033,49.5333882],[13.4461507,49.5340157],[13.4468121,49.5338199],[13.4471281,49.5340151],[13.447462,49.5342215],[13.4477829,49.5344198],[13.4465864,49.5355497],[13.4453651,49.5356387],[13.443286,49.5362919],[13.4432438,49.5362394],[13.4431379,49.5361072],[13.441985,49.5357736],[13.4401047,49.5361729],[13.4400582,49.5361586],[13.4385875,49.5366994],[13.4380135,49.5364407],[13.4374059,49.5368467],[13.4372438,49.5366285],[13.4371678,49.536505],[13.4370213,49.5362667],[13.436907,49.5360807],[13.43684,49.5359721],[13.4367592,49.5358414],[13.4366659,49.5356903],[13.4366523,49.5356683],[13.4360812,49.5348701],[13.4328137,49.539018],[13.4320182,49.5391691],[13.4315105,49.5392185],[13.4313811,49.5411613],[13.4312016,49.5416254],[13.4310041,49.541962],[13.4311077,49.5420735],[13.4310912,49.5430557],[13.4310858,49.5435517],[13.4311839,49.5438415],[13.4314035,49.5440338],[13.431347,49.5444771],[13.4316983,49.5444134],[13.4317338,49.5444532],[13.4317695,49.5448502],[13.4318044,49.54487],[13.4319032,49.5448714],[13.4319077,49.5449153],[13.4319745,49.5449446],[13.4324459,49.5453315],[13.4324531,49.5454168],[13.4332799,49.5463466],[13.4332909,49.5463606],[13.4333157,49.5463731],[13.433356,49.5463825],[13.4339646,49.5468344],[13.4350486,49.5469727],[13.4349341,49.5474004],[13.4350181,49.5472437],[13.4351673,49.5470112],[13.4352033,49.5470193],[13.43635,49.5474682],[13.43673,49.5473986],[13.4374297,49.5474586],[13.4374559,49.5474654],[13.4378536,49.54751],[13.4379721,49.5474855],[13.4387208,49.5475112],[13.4387271,49.5475862],[13.4401292,49.5475623],[13.4401626,49.5475996],[13.4401602,49.5473773],[13.440282,49.5475922],[13.4407971,49.5479326],[13.4410687,49.5477647],[13.4421465,49.5472162],[13.4425297,49.5468783],[13.4446458,49.5469288],[13.4446757,49.5469277],[13.4447166,49.5469073],[13.4453351,49.5468966],[13.4455191,49.5468588],[13.4459665,49.5469704],[13.446404,49.5471164],[13.4464212,49.5471496],[13.4464579,49.547148],[13.4465528,49.5475478],[13.4471877,49.5478453],[13.4490162,49.5484204],[13.449102,49.5484813],[13.4440163,49.5512228],[13.4436642,49.5514134],[13.4409013,49.5529051],[13.4428586,49.5565379],[13.4429026,49.556789],[13.4425633,49.5579197],[13.4424444,49.5582228],[13.4419688,49.5593625],[13.4418657,49.5597005],[13.4417231,49.5599319],[13.4413834,49.5605966],[13.4374234,49.5600972],[13.4360738,49.5601586],[13.4348448,49.5600909],[13.4347772,49.5601158],[13.4342175,49.5602073],[13.4327951,49.5602804],[13.4322756,49.5602061],[13.4303246,49.5598695],[13.4293002,49.5598575],[13.4272105,49.5599275],[13.4256463,49.560276],[13.4255864,49.5602695],[13.4247918,49.5604503],[13.422159,49.5617127],[13.421781,49.561881],[13.4208847,49.5627802],[13.4209155,49.5628239],[13.4207105,49.5628174],[13.4205771,49.5627903],[13.4197487,49.5647745],[13.4197533,49.5649217],[13.4196601,49.5650622],[13.419946,49.5667652],[13.4198731,49.5668398],[13.4201224,49.5670068],[13.4202845,49.5671166],[13.4204188,49.5674998],[13.4211561,49.5684046],[13.4215698,49.5687732],[13.4227913,49.5694871],[13.4232187,49.5695767],[13.4232609,49.5696799],[13.4249394,49.5700832],[13.4262819,49.5703355],[13.4268045,49.5704821],[13.4281904,49.5712495],[13.4292596,49.571837],[13.4294105,49.5718997],[13.4302145,49.5722492],[13.4307181,49.5723494],[13.431927,49.5725395],[13.4325429,49.5728216],[13.4326815,49.5728307],[13.4327163,49.5728333],[13.4331384,49.5729415],[13.4332907,49.5729152],[13.4342805,49.5727976],[13.4344226,49.5727725],[13.4350841,49.5726486],[13.4360032,49.5723988],[13.4372983,49.571975],[13.4376591,49.5719488],[13.4378508,49.5714726],[13.4377513,49.5713072],[13.4393904,49.5704794],[13.4405963,49.5697464],[13.4415981,49.5692151],[13.4419276,49.5686986],[13.4421603,49.568462],[13.4423313,49.5682838],[13.4427471,49.5679797],[13.4436798,49.5664085],[13.4436143,49.566304],[13.4435582,49.5657558],[13.4437672,49.565369],[13.4437995,49.5653204],[13.4438793,49.5652408],[13.443966,49.5651531],[13.4440881,49.5650706],[13.4446478,49.5648007],[13.4456831,49.5643795],[13.4460597,49.5642361],[13.4465516,49.5641194],[13.4467944,49.5641364],[13.4471629,49.5649415],[13.4471821,49.5649326],[13.4476864,49.565065],[13.4480217,49.5651456],[13.4484243,49.5651619],[13.4487777,49.5651953],[13.4491441,49.5652612],[13.449242,49.5652999],[13.4494302,49.5654427],[13.4495034,49.5655226],[13.4500697,49.5659358],[13.4503638,49.5660602],[13.4504882,49.566157],[13.4508083,49.5662475],[13.4508394,49.5664234],[13.450864,49.5664583],[13.4508086,49.5666531],[13.4509173,49.5668421],[13.4509723,49.5668912],[13.4513487,49.5671928],[13.4520617,49.5677093],[13.4527995,49.5692702],[13.4512429,49.5715295],[13.451146,49.5715373],[13.4501638,49.5717761],[13.4499126,49.5718459],[13.4497685,49.5719338],[13.4497106,49.571962],[13.4494851,49.5720733],[13.4487699,49.5714768],[13.4484418,49.5718768],[13.4483234,49.5721794],[13.4480986,49.5723145],[13.4477126,49.5720257],[13.447574,49.5722322],[13.4474405,49.57249],[13.4472619,49.5726048],[13.44712,49.5728444],[13.4471007,49.5728592],[13.4462911,49.5733556],[13.4457752,49.5737434],[13.4454058,49.5741488],[13.445346,49.5741462],[13.4450175,49.5741407],[13.4446684,49.5748876],[13.4447456,49.5749106],[13.444662,49.5750604],[13.4444488,49.5752444],[13.4443741,49.5753536],[13.4443129,49.5761174],[13.4438718,49.5768901],[13.4443826,49.5769691],[13.4444614,49.5776598],[13.4445195,49.5783402],[13.4447227,49.5784241],[13.4448565,49.578425],[13.4447811,49.5785263],[13.4433271,49.5790364],[13.4388167,49.5790924],[13.4387337,49.5788406],[13.4381683,49.5798671],[13.4380702,49.5801313],[13.4376554,49.5801024],[13.4372615,49.5800623],[13.4356052,49.5796521],[13.4344961,49.5794942],[13.4323353,49.5795762],[13.4311743,49.5795604],[13.431181,49.5795236],[13.4296227,49.5765497],[13.4294978,49.5764722],[13.4291976,49.5764721],[13.4289468,49.576467],[13.4288074,49.5763286],[13.4288257,49.5759421],[13.4284802,49.5753037],[13.4279703,49.5749425],[13.427826,49.5749168],[13.4273308,49.5748234],[13.4271777,49.5747738],[13.4271093,49.5748034],[13.4270554,49.5748253],[13.4269544,49.5748744],[13.426257,49.5745854],[13.4253899,49.5742503],[13.4251982,49.574259],[13.4248926,49.5741123],[13.4249791,49.5739771],[13.4209333,49.5732352],[13.4191918,49.573349],[13.4188279,49.5731986],[13.4187442,49.5731674],[13.4183625,49.5730121],[13.4178563,49.5729479],[13.4173318,49.5729163],[13.4169202,49.5727606],[13.41676,49.5727116],[13.4165039,49.5724458],[13.4166018,49.5723362],[13.4166663,49.5722779],[13.4169097,49.5719785],[13.4171117,49.571681],[13.4173274,49.5713248],[13.4169744,49.570652],[13.4165297,49.5706422],[13.4159717,49.5706233],[13.4156718,49.5705733],[13.4154614,49.5705373],[13.4152923,49.5704629],[13.4149491,49.5703381],[13.414744,49.5702682],[13.4145616,49.5702714],[13.4137117,49.5708753],[13.4131788,49.5708069],[13.4131481,49.5707203],[13.4127621,49.5709461],[13.4112375,49.5709149],[13.4111731,49.5710326],[13.410471,49.5709711],[13.4104202,49.5709349],[13.4095246,49.5707773],[13.4093569,49.5707089],[13.4070601,49.5713945],[13.4069684,49.5714933],[13.4067466,49.5713092],[13.4067209,49.5711852],[13.4066624,49.5709105],[13.4064978,49.5707645],[13.4064772,49.5705962],[13.4063326,49.5703023],[13.4063239,49.5702829],[13.4062959,49.5702318],[13.4063133,49.5702042],[13.4063644,49.5701227],[13.4063098,49.570093],[13.4063158,49.5700342],[13.4064514,49.569933],[13.4063829,49.5696032],[13.4064153,49.5695974],[13.4071118,49.5679897],[13.4070531,49.5678951],[13.4070736,49.5677339],[13.4070823,49.5675962],[13.4070574,49.5674697],[13.4074749,49.5672458],[13.4075346,49.5671174],[13.4075242,49.5670122],[13.4075129,49.566918],[13.4076511,49.5667677],[13.4076117,49.566653],[13.4078268,49.566569],[13.4080404,49.5664332],[13.4082295,49.5663662],[13.4084319,49.5664089],[13.4084596,49.5662559],[13.4086306,49.5659694],[13.4090287,49.5663149],[13.4091609,49.5661676],[13.4092988,49.5661075],[13.4097282,49.5661277],[13.4101916,49.5660831],[13.410495,49.5661989],[13.4106055,49.566059],[13.4108556,49.5661126],[13.4112312,49.566209],[13.4114689,49.5661447],[13.4116974,49.5660829],[13.4120905,49.5659483],[13.4129619,49.5657584],[13.4131436,49.5657351],[13.4133095,49.5657139],[13.4134839,49.5656903],[13.4136448,49.5656634],[13.4138316,49.5656321],[13.413981,49.5656071],[13.4141536,49.5655762],[13.4144633,49.5655143],[13.4147052,49.5654576],[13.4149896,49.5653893],[13.4152436,49.5653269],[13.4152692,49.5651956],[13.4152583,49.564882],[13.4153956,49.5647815],[13.4155939,49.5647014],[13.4155759,49.5645804],[13.4158808,49.5645682],[13.415914,49.5644433],[13.4159279,49.5643655],[13.4159561,49.5643165],[13.4161639,49.5648794],[13.4165298,49.5639595],[13.4169262,49.5636275],[13.4177991,49.5623613],[13.4174585,49.5619231],[13.4176012,49.5613084],[13.4176854,49.5608587],[13.4175586,49.5607297],[13.4175265,49.5606865],[13.4175021,49.5606535],[13.4174643,49.5606039],[13.4175136,49.5605444],[13.4176181,49.5604185],[13.4177116,49.5603057],[13.417817,49.5601739],[13.417975,49.5599708],[13.4180814,49.5598277],[13.4174218,49.5588894],[13.4176777,49.5588411],[13.4180441,49.5587719],[13.4187291,49.5586692],[13.4188805,49.5586468],[13.4190473,49.5586079],[13.4232376,49.5578942],[13.4245386,49.5576616],[13.4251593,49.5574905],[13.4251758,49.5575246],[13.4251863,49.5575462],[13.4258423,49.557312],[13.42644,49.5571671],[13.426782,49.5571171],[13.4270699,49.5570765],[13.4272842,49.5570463],[13.4274847,49.5570194],[13.4277066,49.5569875],[13.4279117,49.5569589],[13.4281288,49.5569275],[13.4282839,49.5569016],[13.4284738,49.5568699],[13.4286733,49.5568366],[13.4288667,49.5568043],[13.4290863,49.5567677],[13.4297396,49.556504],[13.4300032,49.5563099],[13.4298218,49.5563163],[13.429538,49.5561623],[13.4286939,49.5558813],[13.42766,49.5554103],[13.4268447,49.5549276],[13.4262579,49.554705],[13.4256356,49.5544595],[13.4251888,49.5543168],[13.4242175,49.5540679],[13.4241619,49.5540184],[13.4242233,49.5539558],[13.424006,49.55378],[13.423875,49.5535322],[13.4236146,49.5532762],[13.4235478,49.5530679],[13.4250367,49.5524618],[13.4252787,49.5519943],[13.4254347,49.5516316],[13.4255673,49.551491],[13.4260575,49.5507071],[13.4259635,49.5503718],[13.4260001,49.5500225],[13.42639,49.5482385],[13.426785,49.5479809],[13.4267272,49.5479078],[13.4263074,49.5474976],[13.4261012,49.5470736],[13.4261105,49.5470534],[13.4260934,49.5470183],[13.4264088,49.5463666],[13.4264344,49.5463052],[13.4264899,49.5461716],[13.4263743,49.5460955],[13.425737,49.5458062],[13.4259561,49.5456356],[13.4255325,49.5453938],[13.4254924,49.5453732],[13.4257619,49.5451726],[13.4260717,49.5449238],[13.4262083,49.5445703],[13.4260535,49.5442742],[13.4262892,49.5438482],[13.4268991,49.5432347],[13.4272772,49.542677],[13.4272889,49.542102],[13.4266788,49.5414587],[13.4265125,49.5412575],[13.4263597,49.5410715],[13.4263038,49.5409188],[13.4262599,49.5405894],[13.4261504,49.5404466],[13.42581,49.5401235],[13.4257067,49.5400513],[13.4255759,49.5399901],[13.4249401,49.5397194],[13.4247582,49.5395954],[13.4239248,49.5388266],[13.4237441,49.5386678],[13.4225813,49.5379179],[13.4224165,49.5378821],[13.4223212,49.5378711],[13.4223818,49.5377944],[13.4225255,49.5372546],[13.4228003,49.5368558],[13.4227557,49.5368328],[13.4220339,49.5365511],[13.4219408,49.5365121],[13.4231093,49.5360178],[13.4240669,49.5359623],[13.4251806,49.5352467],[13.4258167,49.5338425],[13.4266546,49.5332566],[13.4265482,49.5327246],[13.4266433,49.5326159],[13.4267725,49.5324681],[13.4267876,49.5324469],[13.4269139,49.5322698],[13.4269688,49.5321927],[13.4271491,49.532025],[13.4271655,49.5319821],[13.4273891,49.5317142],[13.427589,49.5313559],[13.4277017,49.5312147],[13.4279979,49.5311137],[13.428176,49.5309742],[13.428324,49.5308017],[13.4288713,49.5303184],[13.4292271,49.5300391],[13.429481,49.5297336],[13.4296052,49.5295217],[13.4296838,49.5294552],[13.4301142,49.5292112],[13.4303298,49.5290493],[13.4312937,49.5286339],[13.4311687,49.5285485],[13.4310344,49.5284437],[13.4309016,49.5283572],[13.4308266,49.5283085],[13.4308188,49.5282841],[13.4308333,49.5282747],[13.4308723,49.5282492],[13.4308361,49.5282257],[13.4306236,49.528057],[13.4305886,49.5279285],[13.4309087,49.5268567]]]}},{"type":"Feature","properties":{"SKNAZEV":"oblast a osa","OBTYPNAZEV":"AKC","DRUH_O_AKC":"AOV","ID_LOKAL":28,"OZNACENI_P":"AOV28","UO":1,"VYKON":32,"UROVEN":"URP","ID_NDOK":null,"NAZEV_NDOK":null,"NAZEV":"Nový Kostel","ZM_CISLO_P":2,"EUP_KOD_P":22907,"ZAPIS":"ZMZA","JE_AKTUALNI":true,"STAV_VYBERU":"ponechana"},"geometry":{"type":"Polygon","coordinates":[[[12.4560355,50.1937742],[12.4577669,50.1923386],[12.45771,50.191746],[12.4593705,50.1911261],[12.4590873,50.1900365],[12.4586038,50.1897272],[12.4584931,50.1896111],[12.4584138,50.1894613],[12.4584671,50.1893643],[12.4587564,50.1892022],[12.4589761,50.1890925],[12.4591139,50.1889956],[12.4591353,50.1889299],[12.4594121,50.1880094],[12.4593765,50.187949],[12.4597509,50.1874032],[12.4600629,50.1873914],[12.460614,50.1873347],[12.4611728,50.1872508],[12.4614573,50.1872044],[12.4609434,50.1866879],[12.4601908,50.185662],[12.4608569,50.1831831],[12.4607951,50.1827438],[12.4607698,50.1827011],[12.4613852,50.1816751],[12.4614014,50.1815631],[12.4607986,50.1737209],[12.4608491,50.1736128],[12.461363,50.1725125],[12.463534,50.1702603],[12.4648575,50.1689791],[12.4648997,50.1688583],[12.4651287,50.1686667],[12.4659444,50.1678429],[12.4675057,50.1665237],[12.4679298,50.1660702],[12.468783,50.1650814],[12.4689156,50.1649351],[12.4690281,50.1648349],[12.4697921,50.1641008],[12.4700351,50.1638963],[12.4700788,50.1637689],[12.470058,50.1637152],[12.4702025,50.1636307],[12.4705254,50.1636896],[12.470774,50.163442],[12.4714242,50.1628912],[12.4718412,50.1626141],[12.4723656,50.1623315],[12.4732885,50.1619653],[12.4739643,50.1616498],[12.4742263,50.1615929],[12.4750958,50.1612593],[12.475424,50.1611028],[12.4756732,50.1609172],[12.4759505,50.1606748],[12.4761035,50.1605108],[12.4763952,50.1597619],[12.4764368,50.1596423],[12.4765305,50.1594707],[12.4771529,50.1589129],[12.4772332,50.158799],[12.4776122,50.158334],[12.4776554,50.1580461],[12.4781131,50.1575812],[12.4781997,50.1575251],[12.4782904,50.1575723],[12.4785888,50.1576847],[12.4799877,50.1581902],[12.4795386,50.1590294],[12.4771212,50.1664483],[12.4774239,50.1665518],[12.4773051,50.1666292],[12.477339,50.1668213],[12.4772958,50.167124],[12.4771098,50.1704141],[12.4773904,50.1712702],[12.4773721,50.1713566],[12.4778608,50.1723392],[12.4770043,50.1749388],[12.473968,50.1802734],[12.4734052,50.1823954],[12.4723279,50.1838088],[12.4722249,50.1841519],[12.4734154,50.1845366],[12.473311,50.1850502],[12.4745309,50.1852861],[12.4752391,50.1860646],[12.4751649,50.1862975],[12.4749974,50.1867081],[12.4745256,50.186546],[12.4738762,50.1863912],[12.4729185,50.1866735],[12.4713941,50.1862203],[12.4701807,50.186769],[12.4688962,50.186809],[12.4671809,50.1871566],[12.4652696,50.1905753],[12.4649727,50.190975],[12.46496,50.1910214],[12.4646075,50.192008],[12.4645955,50.1920465],[12.4637431,50.1919954],[12.4634809,50.1919952],[12.4627589,50.1920212],[12.4626652,50.192374],[12.4624961,50.1930116],[12.4627694,50.193286],[12.4620871,50.193758],[12.4619792,50.1941622],[12.461691,50.1952384],[12.4616517,50.195385],[12.4621229,50.1955593],[12.4625482,50.1956941],[12.4628404,50.1957569],[12.4625414,50.1976518],[12.4603806,50.1982201],[12.4572381,50.1965985],[12.4578452,50.1959403],[12.4578613,50.195923],[12.4580357,50.1956605],[12.4578709,50.1954919],[12.4573759,50.1954002],[12.4573591,50.1953028],[12.4565455,50.1947214],[12.4561647,50.1942926],[12.4560696,50.1941018],[12.4560355,50.1937742]]]}},{"type":"Feature","properties":{"SKNAZEV":"oblast a osa","OBTYPNAZEV":"AKC","DRUH_O_AKC":"AOV","ID_LOKAL":19,"OZNACENI_P":"AOV19","UO":1,"VYKON":39,"UROVEN":"URP","ID_NDOK":null,"NAZEV_NDOK":null,"NAZEV":"Trstěnice","ZM_CISLO_P":2,"EUP_KOD_P":22907,"ZAPIS":"ZMZA","JE_AKTUALNI":true,"STAV_VYBERU":"ponechana"},"geometry":{"type":"Polygon","coordinates":[[[16.3559028,49.7706479],[16.3592414,49.7721506],[16.3602467,49.7714361],[16.3661653,49.7729119],[16.3720326,49.7736851],[16.3729342,49.7732927],[16.3729579,49.7732371],[16.3730135,49.7731068],[16.3733677,49.7722765],[16.3749869,49.7717747],[16.3759803,49.7713847],[16.3785209,49.7721923],[16.381967,49.7715612],[16.3821806,49.7716344],[16.3822099,49.7714865],[16.3830387,49.7713257],[16.3845434,49.7714292],[16.3849224,49.7707398],[16.3867102,49.7716485],[16.3872296,49.7713221],[16.3884138,49.7705446],[16.3888304,49.7702903],[16.3891149,49.7688155],[16.3893958,49.768446],[16.3911986,49.7668661],[16.3926675,49.7667218],[16.3933636,49.7635118],[16.3936041,49.7626086],[16.3935319,49.7624185],[16.3949542,49.7606106],[16.3950394,49.7605388],[16.3961316,49.7601233],[16.3969993,49.7607334],[16.3976957,49.7602364],[16.3981454,49.7599518],[16.3999304,49.7594439],[16.4005655,49.7592292],[16.4006246,49.7591229],[16.4009001,49.7591745],[16.4008475,49.759106],[16.4014583,49.7588288],[16.4021849,49.7586332],[16.4023489,49.7586481],[16.4026067,49.758793],[16.4029044,49.7588814],[16.4030897,49.7589067],[16.4033685,49.7589294],[16.4038498,49.7589233],[16.4042142,49.7589037],[16.4045262,49.7588407],[16.404796,49.7587424],[16.4049343,49.7586776],[16.4051029,49.75857],[16.4055557,49.7593687],[16.4054871,49.7598868],[16.403693,49.7631785],[16.4044262,49.7631518],[16.4043241,49.7632935],[16.4041765,49.7635267],[16.4040343,49.7637972],[16.4037578,49.7643831],[16.4037073,49.7645435],[16.4036046,49.7645416],[16.4021711,49.7657735],[16.4021,49.7658401],[16.4014045,49.7668646],[16.4013432,49.766915],[16.4009938,49.7669236],[16.4008616,49.7669195],[16.400739,49.7669044],[16.4005561,49.7668602],[16.4004812,49.7668406],[16.3969203,49.7697128],[16.3965223,49.7699684],[16.3966374,49.7700608],[16.3966197,49.7701095],[16.3967044,49.7703262],[16.3964817,49.7704243],[16.3965352,49.7707775],[16.3962852,49.7710635],[16.3962351,49.7710901],[16.3960393,49.7713784],[16.3958448,49.7715744],[16.3958316,49.7716025],[16.3958565,49.7716205],[16.3958231,49.7716491],[16.3950905,49.7725102],[16.3948558,49.7727804],[16.3943592,49.7733519],[16.3944722,49.7734009],[16.3943783,49.7735893],[16.3941729,49.7747442],[16.3942397,49.7750899],[16.3942562,49.7751758],[16.3931177,49.7760276],[16.3924675,49.7765142],[16.3923915,49.7765669],[16.3914026,49.7771824],[16.391154,49.7773472],[16.3906414,49.7775557],[16.3897122,49.7778257],[16.3892249,49.7780778],[16.3870314,49.7788971],[16.3829688,49.7798095],[16.3818747,49.7804742],[16.3817918,49.7804915],[16.3818725,49.7805542],[16.3792904,49.7808457],[16.3791651,49.7808371],[16.3777284,49.7810286],[16.3762535,49.7804345],[16.3754174,49.7805373],[16.3748387,49.7809177],[16.3734777,49.7821159],[16.3733634,49.7831982],[16.372688,49.7838921],[16.3726568,49.7846754],[16.3720376,49.7847946],[16.3710082,49.7860201],[16.3708789,49.7868163],[16.3707846,49.7870572],[16.3707736,49.7870906],[16.3706815,49.7871434],[16.369586,49.787865],[16.3699212,49.7883139],[16.369633,49.7884434],[16.3687832,49.7899674],[16.3687171,49.7899751],[16.3687,49.7899844],[16.367683,49.7899934],[16.3671509,49.7900188],[16.3668149,49.7900617],[16.3658255,49.7902277],[16.3649593,49.7903938],[16.3640223,49.790596],[16.3634702,49.7907472],[16.3620234,49.7912728],[16.3619808,49.7912893],[16.3584459,49.7928763],[16.3577674,49.7926174],[16.357749,49.7925775],[16.3577338,49.7925621],[16.3577356,49.792556],[16.3577433,49.7925316],[16.3566435,49.7912215],[16.3566703,49.7911056],[16.3563864,49.7910886],[16.3559171,49.7907609],[16.3561701,49.7906603],[16.3561798,49.7906399],[16.3550855,49.7902106],[16.3550662,49.7901291],[16.3553127,49.7894511],[16.3551931,49.7895337],[16.3551578,49.7895269],[16.3549312,49.7894524],[16.354906,49.7892802],[16.3549021,49.7892542],[16.354829,49.7892712],[16.3545839,49.7890919],[16.3545699,49.7890788],[16.3545505,49.7890688],[16.3538162,49.7886307],[16.3537362,49.7886123],[16.3534747,49.7882081],[16.3534009,49.7881809],[16.3540319,49.7868662],[16.3549659,49.7856198],[16.3549261,49.7855798],[16.354344,49.7851126],[16.3545605,49.7849294],[16.3540496,49.7843968],[16.354036,49.784386],[16.3543465,49.7841737],[16.3540943,49.7832775],[16.3542199,49.7831247],[16.3541866,49.7831183],[16.3539183,49.7824136],[16.3537619,49.7824471],[16.3532431,49.7819369],[16.3531812,49.7819476],[16.3530345,49.7819912],[16.3530481,49.781897],[16.3529257,49.7817135],[16.3529233,49.7815078],[16.3529022,49.7814877],[16.3522751,49.7815637],[16.3522804,49.7815006],[16.352063,49.7814916],[16.3522332,49.7811297],[16.3508491,49.7806969],[16.3508284,49.7806834],[16.3502543,49.7807028],[16.3502542,49.7803097],[16.3500964,49.7802666],[16.3500818,49.780224],[16.3497957,49.7801743],[16.3485954,49.7802716],[16.3486835,49.7798291],[16.3486598,49.7797865],[16.3478582,49.7794463],[16.3478242,49.7794125],[16.3468325,49.7798795],[16.3467732,49.779848],[16.3465293,49.7793394],[16.3464415,49.7792799],[16.3453895,49.7784489],[16.3453483,49.7784028],[16.3434466,49.7785631],[16.343397,49.7784975],[16.3426417,49.7784241],[16.3426054,49.778424],[16.3427321,49.7779636],[16.342794,49.7778818],[16.3429227,49.7777447],[16.3435867,49.777234],[16.3444744,49.775695],[16.3448773,49.7755254],[16.3453989,49.7740128],[16.3457075,49.7731859],[16.3473164,49.7712377],[16.3474627,49.7712205],[16.3559028,49.7706479]]]}},{"type":"Feature","properties":{"SKNAZEV":"oblast a osa","OBTYPNAZEV":"AKC","DRUH_O_AKC":"AOV","ID_LOKAL":36,"OZNACENI_P":"AOV36","UO":1,"VYKON":28,"UROVEN":"URP","ID_NDOK":null,"NAZEV_NDOK":null,"NAZEV":"Pomezí","ZM_CISLO_P":2,"EUP_KOD_P":22907,"ZAPIS":"ZMZA","JE_AKTUALNI":false,"STAV_VYBERU":"zrusena"},"geometry":{"type":"Polygon","coordinates":[[[16.3236474,49.7179083],[16.3234398,49.7168243],[16.3244148,49.7159386],[16.3244802,49.7154069],[16.3245715,49.7153356],[16.3246226,49.7153579],[16.3247147,49.7153545],[16.3250005,49.7153666],[16.3340761,49.7173013],[16.3339315,49.7161603],[16.3363989,49.7152972],[16.3364347,49.7152476],[16.3369044,49.7152328],[16.3381315,49.7147937],[16.3381804,49.7147787],[16.3393271,49.7144015],[16.3402689,49.7138821],[16.3419795,49.7120652],[16.3426142,49.7122167],[16.3427506,49.7120648],[16.342798,49.7120514],[16.3439155,49.7127227],[16.3444954,49.7126145],[16.345749,49.7106198],[16.346569,49.7102935],[16.346629,49.7102886],[16.3478074,49.712795],[16.3478277,49.7128569],[16.3477641,49.7128708],[16.3477638,49.7128977],[16.3471481,49.7131761],[16.3470957,49.713188],[16.3465652,49.7141154],[16.3465852,49.7144591],[16.3465775,49.7146349],[16.3464171,49.714868],[16.346214,49.7150633],[16.3461651,49.7151027],[16.345655,49.7154469],[16.3450773,49.7157825],[16.344663,49.7160587],[16.3435321,49.7162728],[16.3434471,49.7162715],[16.3442286,49.7186847],[16.3449233,49.7195483],[16.3438836,49.7199467],[16.3472047,49.723872],[16.3471791,49.7238779],[16.3472175,49.7239096],[16.3474669,49.7250996],[16.3474633,49.7251755],[16.3474302,49.7257236],[16.3471822,49.7257825],[16.3471453,49.7260357],[16.346727,49.7257152],[16.3468448,49.7259845],[16.3468807,49.7260389],[16.3460159,49.7267401],[16.3458503,49.7286958],[16.3458677,49.7286969],[16.3457648,49.7289586],[16.3457477,49.7291213],[16.3449755,49.7293918],[16.3449338,49.7294063],[16.3440626,49.7297114],[16.3419891,49.7312075],[16.3417024,49.73116],[16.339601,49.732134],[16.3385967,49.7323671],[16.338721,49.7331989],[16.3375583,49.7347781],[16.3369306,49.7352078],[16.3351613,49.7361167],[16.3351033,49.7361661],[16.33504,49.7362199],[16.3348994,49.7362431],[16.3332393,49.7362793],[16.3331523,49.7363455],[16.3327402,49.7364294],[16.3310444,49.7364414],[16.3310039,49.7364805],[16.3308977,49.7365416],[16.3305584,49.7365974],[16.3305233,49.7356704],[16.3305373,49.7351737],[16.3306122,49.7325173],[16.3296811,49.7323086],[16.3287881,49.7298672],[16.3289019,49.7297855],[16.3286124,49.7265821],[16.3267235,49.7233487],[16.326273,49.722554],[16.3260784,49.721876],[16.3256608,49.721171],[16.326148,49.7211424],[16.326486,49.7211512],[16.3265219,49.7210225],[16.3258082,49.7204293],[16.3252618,49.7203632],[16.3250891,49.7203483],[16.324759,49.7196362],[16.3236474,49.7179083]]]}},{"type":"Feature","properties":{"SKNAZEV":"oblast a osa","OBTYPNAZEV":"AKC","DRUH_O_AKC":"AOV","ID_LOKAL":37,"OZNACENI_P":"AOV37","UO":1,"VYKON":95,"UROVEN":"URP","ID_NDOK":null,"NAZEV_NDOK":null,"NAZEV":"Karle","ZM_CISLO_P":2,"EUP_KOD_P":22907,"ZAPIS":"ZMZA","JE_AKTUALNI":true,"STAV_VYBERU":"ponechana"},"geometry":{"type":"Polygon","coordinates":[[[16.3302553,49.7494804],[16.3303153,49.7495186],[16.333191,49.7511844],[16.3348097,49.7511651],[16.3354046,49.751158],[16.3357226,49.7511313],[16.3358079,49.7511031],[16.3358906,49.7510381],[16.3359288,49.7509697],[16.3360611,49.7509999],[16.3366703,49.7511146],[16.3383792,49.7506721],[16.3387325,49.750821],[16.3388411,49.7508268],[16.3390245,49.7507974],[16.339353,49.7502712],[16.3394864,49.7504456],[16.3396811,49.7504135],[16.3404869,49.7508954],[16.3419211,49.7505679],[16.3420853,49.7505268],[16.3422873,49.7504171],[16.3431934,49.7475133],[16.3441088,49.7463623],[16.3450533,49.744845],[16.3458605,49.7445609],[16.3459041,49.7445419],[16.3462515,49.7443911],[16.3462527,49.744438],[16.3465695,49.7442971],[16.347038,49.7440525],[16.3474714,49.743793],[16.3476085,49.7437686],[16.3477559,49.7437414],[16.3493687,49.7433183],[16.3494059,49.7432927],[16.3497309,49.7430686],[16.3497736,49.7430381],[16.3499852,49.7423241],[16.3501339,49.7422906],[16.3502443,49.7422657],[16.3510874,49.7420758],[16.3513683,49.7420272],[16.3512059,49.7412014],[16.3515542,49.7407328],[16.3547016,49.7401689],[16.3548276,49.7394806],[16.3583879,49.7382697],[16.3585822,49.7375145],[16.3579329,49.7367959],[16.3579082,49.7367488],[16.3587906,49.7358198],[16.3606698,49.7350097],[16.3620834,49.7348668],[16.3658372,49.7348745],[16.3659653,49.734937],[16.3671784,49.735528],[16.3671526,49.7359571],[16.3688431,49.7370212],[16.3713445,49.7379962],[16.3731332,49.7389018],[16.3746736,49.7387943],[16.3773588,49.739045],[16.3784207,49.7390239],[16.3788439,49.7392671],[16.3789079,49.7392941],[16.3790578,49.7393478],[16.3788544,49.7394652],[16.3782611,49.7398475],[16.3812877,49.740581],[16.3815483,49.7405725],[16.3819996,49.740574],[16.3843676,49.7409992],[16.3875937,49.7413291],[16.3878497,49.7415969],[16.3901984,49.7415194],[16.3909658,49.7416006],[16.3914754,49.7415637],[16.3915554,49.7413996],[16.3915384,49.7412506],[16.3916318,49.7410905],[16.3931903,49.7434162],[16.3928817,49.7443236],[16.3927785,49.7446269],[16.3906283,49.7460404],[16.3906403,49.7462116],[16.3910551,49.7477732],[16.3919325,49.7487485],[16.3914448,49.7486646],[16.389788,49.7480799],[16.3882851,49.7488639],[16.3875996,49.7488885],[16.3871071,49.7509635],[16.3851649,49.7513296],[16.3837217,49.7530019],[16.382049,49.7544278],[16.3819566,49.7563976],[16.3818328,49.7564907],[16.3819246,49.7575252],[16.3819514,49.7575685],[16.3819861,49.7578276],[16.3809306,49.7582498],[16.3808195,49.7582506],[16.3790444,49.7591386],[16.3785853,49.7597606],[16.3781176,49.7595314],[16.376994,49.7602566],[16.3748325,49.7606904],[16.3716144,49.760247],[16.3716002,49.7604434],[16.3714554,49.7604497],[16.370736,49.7607264],[16.3702483,49.7603523],[16.3700706,49.7605317],[16.3700168,49.7607424],[16.3692257,49.760611],[16.3684985,49.7604909],[16.3649914,49.7600146],[16.3644345,49.7600217],[16.3626568,49.7598989],[16.3624904,49.7597916],[16.3622969,49.7597699],[16.3586244,49.759256],[16.3585465,49.7592751],[16.3540796,49.7594398],[16.3539152,49.7595354],[16.3533108,49.759493],[16.3531834,49.7593285],[16.3530773,49.7593496],[16.3530147,49.7593743],[16.352468,49.7593721],[16.352451,49.7593654],[16.35139,49.7588949],[16.3502897,49.759097],[16.3486837,49.7594164],[16.3471639,49.7586395],[16.3470191,49.7598145],[16.3469178,49.7596431],[16.3448881,49.7602222],[16.3428647,49.7601683],[16.3428516,49.7603746],[16.342824,49.7608873],[16.3428471,49.7610815],[16.3428714,49.7611773],[16.3429572,49.7614678],[16.3432404,49.7618166],[16.3429456,49.7616079],[16.3429048,49.7616083],[16.3428761,49.761657],[16.3428505,49.7616904],[16.3423009,49.7621937],[16.3418018,49.7626457],[16.34151,49.7627591],[16.3408461,49.7629994],[16.3404705,49.7627015],[16.3387869,49.7642272],[16.3382045,49.7642739],[16.3381508,49.764485],[16.336975,49.7645636],[16.3351569,49.7640692],[16.3343695,49.7646937],[16.3333616,49.7647474],[16.3334163,49.7648416],[16.3333523,49.7649508],[16.3332572,49.7649222],[16.3320457,49.7652205],[16.3313285,49.7653982],[16.3300944,49.7657098],[16.3298715,49.7657662],[16.3297779,49.7658694],[16.3297547,49.7660624],[16.32972,49.7661668],[16.3299187,49.767887],[16.3285612,49.7675845],[16.3284611,49.7674217],[16.3283588,49.7667948],[16.3283256,49.7667947],[16.3282162,49.7666962],[16.3281275,49.7664477],[16.3265236,49.7661052],[16.3264713,49.7661033],[16.3262354,49.7658151],[16.325712,49.7651534],[16.3244825,49.7641914],[16.3225533,49.7634529],[16.3223645,49.7633803],[16.3203236,49.7608576],[16.320285,49.7609007],[16.3201751,49.7609034],[16.319835,49.7597504],[16.3198359,49.7596695],[16.3198174,49.7596278],[16.3201922,49.7593844],[16.3206559,49.7589925],[16.3215759,49.7585789],[16.3219234,49.7583457],[16.3228168,49.7568377],[16.3224218,49.7562601],[16.3227627,49.7560474],[16.3250363,49.7537179],[16.3256575,49.7513559],[16.3261969,49.7505968],[16.3260642,49.7503439],[16.3282719,49.7498922],[16.3283085,49.7499235],[16.3302553,49.7494804]]]}},{"type":"Feature","properties":{"SKNAZEV":"oblast a osa","OBTYPNAZEV":"AKC","DRUH_O_AKC":"AOV","ID_LOKAL":33,"OZNACENI_P":"AOV33","UO":1,"VYKON":42,"UROVEN":"URP","ID_NDOK":null,"NAZEV_NDOK":null,"NAZEV":"Dětřichov nad Bystřicí","ZM_CISLO_P":2,"EUP_KOD_P":22907,"ZAPIS":"ZMZA","JE_AKTUALNI":true,"STAV_VYBERU":"ponechana"},"geometry":{"type":"Polygon","coordinates":[[[17.3668375,49.8335668],[17.3693866,49.8314911],[17.3718487,49.8291884],[17.3716314,49.8271638],[17.3718782,49.8267905],[17.3721344,49.8262639],[17.3721839,49.8261732],[17.3722425,49.8260912],[17.3721386,49.8256804],[17.3726168,49.8243739],[17.373483,49.8221733],[17.376455,49.8195838],[17.3756673,49.8151858],[17.3769723,49.8099909],[17.378193,49.8093341],[17.3825764,49.8095203],[17.3835396,49.8067597],[17.381687,49.8064738],[17.3808825,49.805796],[17.3810303,49.8052307],[17.380834,49.8048486],[17.3806092,49.8043747],[17.3811673,49.8039957],[17.3809833,49.8037652],[17.3816331,49.8027424],[17.381702,49.8027539],[17.3821599,49.8026623],[17.382492,49.8026202],[17.3835056,49.8021597],[17.3890421,49.8024299],[17.3897866,49.8038772],[17.3895977,49.804483],[17.3891413,49.8048579],[17.3878341,49.8058546],[17.3918761,49.8082761],[17.3903695,49.809673],[17.3893374,49.8102152],[17.3871507,49.8112479],[17.3860356,49.8118612],[17.3858916,49.8132477],[17.3858393,49.8155735],[17.3844517,49.8174498],[17.3858718,49.8181163],[17.3861644,49.8190777],[17.3863927,49.8196343],[17.3851434,49.8213257],[17.3867348,49.826231],[17.3866147,49.8268722],[17.3873804,49.8275211],[17.3886521,49.8283965],[17.3888438,49.828992],[17.3897642,49.8297056],[17.3895823,49.8303644],[17.3895367,49.8307927],[17.3894972,49.8312847],[17.389484,49.8316115],[17.3895169,49.832003],[17.3895387,49.8322604],[17.3895693,49.8325457],[17.3897341,49.8330789],[17.3900688,49.8339572],[17.3901666,49.8342855],[17.3890436,49.8351441],[17.3889303,49.8351695],[17.3853458,49.8367517],[17.3847655,49.8374569],[17.3843761,49.8377371],[17.3837056,49.8379795],[17.3768917,49.8408526],[17.3768167,49.8407861],[17.3760672,49.8404747],[17.3746379,49.84249],[17.3739983,49.842704],[17.3733148,49.8431899],[17.3732271,49.8432253],[17.3733219,49.8434555],[17.3723237,49.8438303],[17.3715751,49.8441331],[17.3700314,49.844777],[17.3691627,49.8451294],[17.3673551,49.8458189],[17.3673881,49.8451289],[17.3668303,49.8453354],[17.363177,49.8434964],[17.3610636,49.8408728],[17.3598746,49.8394489],[17.3542,49.8372448],[17.3490868,49.8376544],[17.3489317,49.838219],[17.3475917,49.838778],[17.3474502,49.8389358],[17.3450558,49.8403143],[17.3448022,49.8402489],[17.3436242,49.8399511],[17.3430324,49.8397512],[17.3419005,49.838235],[17.3417237,49.8380453],[17.3415206,49.8379186],[17.3407253,49.8375092],[17.3416238,49.8369937],[17.3430624,49.8361758],[17.3435567,49.8359314],[17.3486813,49.834877],[17.3526135,49.8347139],[17.358067,49.833859],[17.3594079,49.8339002],[17.3600813,49.8341556],[17.3605433,49.8339811],[17.3621535,49.8344384],[17.3639235,49.8341614],[17.3642808,49.8343831],[17.3668273,49.8337971],[17.3668375,49.8335668]]]}},{"type":"Feature","properties":{"SKNAZEV":"oblast a osa","OBTYPNAZEV":"AKC","DRUH_O_AKC":"AOV","ID_LOKAL":15,"OZNACENI_P":"AOV15","UO":1,"VYKON":39,"UROVEN":"URP","ID_NDOK":null,"NAZEV_NDOK":null,"NAZEV":"Moravice","ZM_CISLO_P":2,"EUP_KOD_P":22907,"ZAPIS":"ZMZA","JE_AKTUALNI":true,"STAV_VYBERU":"ponechana"},"geometry":{"type":"Polygon","coordinates":[[[17.7284381,49.8631515],[17.7289323,49.862531],[17.7291206,49.8624715],[17.7293045,49.8625049],[17.7296301,49.8624596],[17.729733,49.8624445],[17.7300196,49.8618151],[17.7310253,49.8614419],[17.7313014,49.8614124],[17.7312934,49.861073],[17.7315296,49.8608986],[17.7316244,49.8608674],[17.7319178,49.8608641],[17.7320224,49.8608323],[17.7327344,49.8606358],[17.7331539,49.8601439],[17.7330862,49.8595604],[17.7330343,49.8589543],[17.7336618,49.8589625],[17.7335608,49.8579025],[17.7334985,49.8578279],[17.7326761,49.8551381],[17.7312399,49.8542849],[17.7311614,49.8541872],[17.7305601,49.8539319],[17.7305214,49.8538776],[17.7288964,49.8534429],[17.7286234,49.8529264],[17.72829,49.8523801],[17.7285403,49.8523133],[17.7287804,49.8522459],[17.7290747,49.8521659],[17.7293291,49.8520993],[17.7303315,49.8517756],[17.7306291,49.851643],[17.7308005,49.8514692],[17.7316619,49.8516106],[17.732144,49.8516161],[17.7328489,49.8510822],[17.7337847,49.8507882],[17.7343138,49.8506406],[17.7347072,49.8505391],[17.7352677,49.8504293],[17.7359741,49.8501751],[17.7362554,49.8501038],[17.7369647,49.8498927],[17.7395959,49.8498654],[17.7400724,49.8498373],[17.7405258,49.8498081],[17.7418545,49.8500744],[17.742158,49.8502462],[17.7427261,49.8502558],[17.7427465,49.8503044],[17.7430055,49.8509787],[17.7432486,49.851465],[17.743491,49.851897],[17.7434572,49.8519935],[17.7445376,49.8529397],[17.7459874,49.8539276],[17.7465782,49.8541628],[17.7475991,49.8547732],[17.7484184,49.8549531],[17.7490314,49.854854],[17.7500796,49.8553945],[17.7501705,49.8554299],[17.7505559,49.8554669],[17.7508628,49.8561192],[17.7509919,49.8563709],[17.7513377,49.8570544],[17.7517147,49.8577728],[17.7521424,49.8587537],[17.7523168,49.8599734],[17.7522636,49.8600761],[17.7517759,49.8611937],[17.7517946,49.8615913],[17.7511926,49.8617774],[17.7511957,49.8618787],[17.7512246,49.8620765],[17.7513848,49.8631687],[17.7509613,49.8641354],[17.7510058,49.8641901],[17.7509968,49.864494],[17.7508069,49.8664863],[17.7506499,49.8673505],[17.7502241,49.8677788],[17.7502295,49.8678082],[17.7500142,49.8679661],[17.7498257,49.8680725],[17.749541,49.8681884],[17.7493844,49.8679342],[17.7493263,49.8675437],[17.748766,49.8668329],[17.7487137,49.8666804],[17.7481325,49.866324],[17.7476662,49.8659103],[17.7467926,49.8657202],[17.7467448,49.8657254],[17.746377,49.8656373],[17.7445898,49.8651949],[17.7444126,49.8652596],[17.7440676,49.8649468],[17.7437902,49.864977],[17.7438087,49.8648305],[17.7433585,49.8649099],[17.7430473,49.8650054],[17.7431583,49.864812],[17.7425241,49.8649659],[17.7423642,49.8648732],[17.742143,49.8648551],[17.7416103,49.8650596],[17.7411693,49.8653228],[17.7408666,49.8652615],[17.7404543,49.8652003],[17.7399761,49.865075],[17.7395987,49.8651012],[17.7394612,49.8653227],[17.7392761,49.8655309],[17.7389316,49.8657968],[17.7381454,49.8657472],[17.7378181,49.8655787],[17.7375373,49.8657916],[17.7374554,49.866767],[17.7367905,49.8658935],[17.7366449,49.8666072],[17.7364384,49.867236],[17.7360676,49.8668977],[17.7353914,49.8667996],[17.7347241,49.8668402],[17.7340007,49.8665534],[17.7333342,49.8665541],[17.7325452,49.8663296],[17.7319119,49.8666487],[17.7307931,49.8664293],[17.7295822,49.8664369],[17.7288562,49.866273],[17.7280251,49.8668646],[17.7273506,49.866895],[17.7268702,49.8669499],[17.7263513,49.866978],[17.7260117,49.8673886],[17.7254308,49.867595],[17.7249164,49.8680868],[17.7247061,49.8683339],[17.7241871,49.8685757],[17.7238113,49.8689816],[17.7238532,49.8690514],[17.7236532,49.8695413],[17.7234669,49.8701574],[17.7232197,49.8705463],[17.7231165,49.8707388],[17.7228735,49.870849],[17.7228898,49.8709017],[17.7227232,49.8710667],[17.7227544,49.8711061],[17.7225372,49.8713927],[17.7222357,49.8718291],[17.7220488,49.8725526],[17.7216506,49.8730018],[17.7219698,49.8732733],[17.7221333,49.873745],[17.7217787,49.8740984],[17.7213962,49.8741978],[17.7216233,49.8741936],[17.7217974,49.874225],[17.7219285,49.8743612],[17.7220272,49.8747084],[17.7221697,49.8749438],[17.7220784,49.874971],[17.722131,49.8752441],[17.7218928,49.8753113],[17.7219871,49.8757852],[17.7226706,49.875831],[17.7226913,49.8759209],[17.7227537,49.8759521],[17.7228222,49.8759619],[17.7228651,49.8759909],[17.7229425,49.8760972],[17.7230868,49.876261],[17.7231918,49.8763991],[17.7234827,49.876775],[17.7236979,49.8770396],[17.7240518,49.8774203],[17.7241793,49.8775923],[17.7242024,49.8776199],[17.7247978,49.8780582],[17.7249682,49.8783723],[17.7247439,49.878492],[17.7244306,49.8785988],[17.7241458,49.8788015],[17.7239545,49.8788623],[17.7239056,49.8788847],[17.7232923,49.8791462],[17.7232238,49.8791484],[17.7229219,49.8788322],[17.7226586,49.8791134],[17.722478,49.8793399],[17.7220422,49.879442],[17.7217457,49.8793982],[17.7215777,49.8793844],[17.7209138,49.8794999],[17.7206606,49.8793973],[17.7199646,49.8793455],[17.7199339,49.8794576],[17.7198763,49.8797662],[17.7186419,49.8793699],[17.7178212,49.8788657],[17.717852,49.8785712],[17.7177471,49.8785131],[17.7173675,49.8779349],[17.7169946,49.8777418],[17.7169427,49.8775197],[17.7167804,49.8773186],[17.7168985,49.877093],[17.7165381,49.8767075],[17.7164073,49.8763764],[17.7162001,49.8761273],[17.7161289,49.8760555],[17.7159669,49.8758577],[17.715862,49.8755942],[17.715733,49.8753923],[17.7159652,49.8750293],[17.7154673,49.8749314],[17.715545,49.874597],[17.7148303,49.8745401],[17.7145461,49.8742093],[17.7135533,49.8733696],[17.7135183,49.8733616],[17.713282,49.8732811],[17.7135151,49.8728264],[17.7127519,49.8728432],[17.7126858,49.872859],[17.7125916,49.8726802],[17.7124923,49.8725011],[17.7123225,49.8721546],[17.7119153,49.8714367],[17.7116918,49.8711206],[17.7114303,49.8707979],[17.7110266,49.8705044],[17.7104202,49.8703165],[17.7104801,49.8698697],[17.7101993,49.8694744],[17.7108927,49.8689303],[17.7093377,49.8689788],[17.7094404,49.8687339],[17.7089214,49.8682468],[17.7083641,49.8675954],[17.7082162,49.8672682],[17.7079373,49.866501],[17.7077829,49.865936],[17.7075828,49.8653671],[17.7076916,49.8651676],[17.7075133,49.8645532],[17.7074181,49.8643613],[17.7073434,49.8636676],[17.7075004,49.8633872],[17.7077403,49.8632605],[17.7079586,49.8631305],[17.7081849,49.8629808],[17.7084147,49.86283],[17.7084985,49.8629247],[17.710447,49.8638754],[17.710839,49.8638539],[17.711364,49.8641265],[17.7118506,49.8641762],[17.7120941,49.8642519],[17.7123821,49.8643678],[17.7125886,49.8645677],[17.7137468,49.8646852],[17.7148986,49.8650676],[17.7159886,49.8653313],[17.7160769,49.8650817],[17.7161414,49.8648968],[17.716486,49.8648379],[17.7169612,49.8647222],[17.7180387,49.8645348],[17.7194625,49.8644281],[17.7202668,49.8650069],[17.7207383,49.8650097],[17.7209905,49.8648314],[17.7211252,49.8648126],[17.7213929,49.8649607],[17.7216836,49.864888],[17.7219887,49.8648384],[17.7225552,49.8649116],[17.7230066,49.8651058],[17.7232313,49.864899],[17.7236152,49.8650486],[17.7242527,49.8649367],[17.7248462,49.864794],[17.7253413,49.8646882],[17.7263854,49.864549],[17.7268812,49.8641247],[17.7275632,49.8635633],[17.728177,49.8633784],[17.7284381,49.8631515]]]}},{"type":"Feature","properties":{"SKNAZEV":"oblast a osa","OBTYPNAZEV":"AKC","DRUH_O_AKC":"AOV","ID_LOKAL":22,"OZNACENI_P":"AOV22","UO":1,"VYKON":28,"UROVEN":"URP","ID_NDOK":null,"NAZEV_NDOK":null,"NAZEV":"Kryštofovy Hamry","ZM_CISLO_P":2,"EUP_KOD_P":22907,"ZAPIS":"ZMZA","JE_AKTUALNI":false,"STAV_VYBERU":"zrusena"},"geometry":{"type":"Polygon","coordinates":[[[13.140888,50.4415192],[13.1414603,50.4416357],[13.1416236,50.4416562],[13.1429834,50.4417029],[13.1436396,50.4418373],[13.1452294,50.4419661],[13.1458665,50.442058],[13.1461794,50.4420901],[13.1462233,50.4419179],[13.1460137,50.4418846],[13.1457009,50.4418584],[13.1456939,50.4418213],[13.1453879,50.4417665],[13.1452801,50.4415439],[13.1435175,50.4414265],[13.1432436,50.4413926],[13.1430503,50.441046],[13.1423851,50.4410386],[13.1415131,50.4408183],[13.1412511,50.4406852],[13.1409738,50.4400574],[13.1409795,50.4398709],[13.1408654,50.4391677],[13.1409076,50.438848],[13.1413226,50.4379387],[13.1418216,50.4381037],[13.1423879,50.4382766],[13.1432773,50.4385165],[13.1439471,50.4386819],[13.1443068,50.4387215],[13.1452337,50.4387417],[13.1470505,50.4387415],[13.1474598,50.4387487],[13.1475939,50.4387711],[13.1476121,50.4387831],[13.1482909,50.4389251],[13.1484141,50.438971],[13.1485431,50.439036],[13.1486499,50.4391349],[13.1487767,50.4393711],[13.1488483,50.4395723],[13.1489345,50.4396912],[13.1490888,50.4392083],[13.1508992,50.4391774],[13.1507252,50.4396094],[13.1503143,50.4402099],[13.1501588,50.4406193],[13.1502002,50.44065],[13.1503757,50.4401922],[13.1507701,50.4396333],[13.1509081,50.439286],[13.1514657,50.4393543],[13.1527341,50.4396613],[13.1539531,50.4400047],[13.1534279,50.440604],[13.1543503,50.4409688],[13.1539865,50.441368],[13.1552034,50.4414025],[13.1556854,50.4412175],[13.1559221,50.4413986],[13.1565089,50.4422354],[13.1577227,50.4425752],[13.158181,50.4431154],[13.1585504,50.4433461],[13.1589105,50.4435558],[13.1593815,50.4437819],[13.1595193,50.443773],[13.160485,50.4443909],[13.1609186,50.4445732],[13.1613648,50.4451752],[13.1611155,50.4455733],[13.1610022,50.4457211],[13.1610525,50.445727],[13.1625743,50.4462684],[13.1634506,50.4461007],[13.1645539,50.4458483],[13.1648631,50.4457823],[13.1656691,50.4456101],[13.1659736,50.4455506],[13.1667605,50.445411],[13.1677213,50.4450924],[13.1677504,50.445137],[13.1691732,50.4447729],[13.1709445,50.4443331],[13.1728578,50.4437547],[13.1738057,50.4439038],[13.1739334,50.4439342],[13.1753416,50.4442697],[13.1761483,50.4455389],[13.1767335,50.446224],[13.1770474,50.4465289],[13.1773467,50.4468106],[13.1779361,50.4473725],[13.1782112,50.4475705],[13.1782667,50.4476053],[13.1784089,50.4474389],[13.1816345,50.4479165],[13.1818441,50.4478412],[13.1821426,50.4479255],[13.1822071,50.4479437],[13.1826346,50.4481786],[13.1830449,50.4484629],[13.1831286,50.4485394],[13.1832708,50.4487575],[13.1833423,50.4490055],[13.1834083,50.4494742],[13.1837779,50.4502103],[13.1839771,50.4503124],[13.1845553,50.4504294],[13.1858663,50.450576],[13.1862686,50.4506269],[13.1871449,50.4506126],[13.1885866,50.4506364],[13.1886338,50.4508238],[13.1886246,50.4511466],[13.188602,50.4513943],[13.188367,50.4514365],[13.187124,50.4515406],[13.185756,50.4516082],[13.1846991,50.4516838],[13.1843139,50.451701],[13.1827634,50.4516398],[13.1828182,50.4516923],[13.1828554,50.4517278],[13.1828742,50.4517449],[13.1829979,50.4518623],[13.1832158,50.4519428],[13.1837051,50.4519034],[13.1857275,50.4517865],[13.1914128,50.4538072],[13.1949342,50.4548923],[13.1940556,50.4558198],[13.1945223,50.4558001],[13.1947925,50.4558591],[13.1954781,50.455893],[13.1962789,50.4559497],[13.1969637,50.4560227],[13.1977368,50.4559858],[13.1982249,50.4555828],[13.1987394,50.4553141],[13.1990859,50.4552696],[13.198891,50.4547354],[13.2048793,50.4539372],[13.2052415,50.4547948],[13.2047193,50.4551364],[13.2042149,50.4553744],[13.2035806,50.4557355],[13.2032062,50.4561221],[13.2030941,50.4563409],[13.2031895,50.4573276],[13.2033097,50.4578757],[13.2033806,50.4582714],[13.2030945,50.4585069],[13.202846,50.4584064],[13.2025428,50.4582996],[13.20251,50.4582784],[13.2025419,50.4583662],[13.1983932,50.4575774],[13.1974257,50.4573439],[13.1966404,50.4570681],[13.1953848,50.4566671],[13.1947984,50.4564756],[13.1925818,50.455771],[13.1923852,50.4557009],[13.1863516,50.4537032],[13.1861524,50.4539392],[13.183728,50.4531581],[13.1813463,50.4523923],[13.180631,50.4521902],[13.1799083,50.4520227],[13.1797089,50.4519814],[13.1793557,50.4519146],[13.1788361,50.4518383],[13.1784279,50.4517857],[13.1777112,50.4516726],[13.1768204,50.4515683],[13.1765875,50.4515405],[13.1761134,50.4514542],[13.1756344,50.4512773],[13.1755363,50.4512324],[13.1752782,50.4511141],[13.1745987,50.4506666],[13.1743784,50.4505544],[13.1741766,50.4504881],[13.1738875,50.4504218],[13.1736578,50.4504345],[13.1731787,50.450568],[13.1729524,50.4507045],[13.1728161,50.4509905],[13.171956,50.4509737],[13.1717251,50.4506736],[13.1715297,50.4505815],[13.1707568,50.4503198],[13.1706182,50.4502826],[13.1700737,50.4500996],[13.1696351,50.4499902],[13.1691077,50.4498466],[13.1686897,50.4497439],[13.1679972,50.4496214],[13.166417,50.4492639],[13.1661496,50.4492538],[13.1653934,50.4491563],[13.164982,50.4491032],[13.1647113,50.448998],[13.1644851,50.4489053],[13.1643102,50.4488844],[13.1640761,50.4488403],[13.1635502,50.4487862],[13.1633985,50.4487756],[13.1627802,50.4487691],[13.1625839,50.4487797],[13.1622017,50.4488144],[13.161731,50.4487586],[13.1606242,50.4488436],[13.1599504,50.4489144],[13.1593672,50.4490228],[13.1586747,50.4490854],[13.157734,50.4491936],[13.157415,50.4492143],[13.1568327,50.4492784],[13.1558631,50.4494083],[13.1558015,50.4494129],[13.1554895,50.449505],[13.1551211,50.4496034],[13.1548316,50.449633],[13.1545814,50.4496453],[13.1545464,50.4496266],[13.1544333,50.4496346],[13.1541161,50.44961],[13.1532338,50.4497097],[13.1521849,50.4498093],[13.1520054,50.4498816],[13.1513706,50.4499791],[13.1508399,50.4500352],[13.15001,50.4500764],[13.1487597,50.4502047],[13.1482688,50.4503196],[13.1482587,50.4503666],[13.1475868,50.4503804],[13.1470625,50.4502287],[13.1461742,50.4501051],[13.1457999,50.4500284],[13.1458171,50.4499574],[13.1450769,50.4498471],[13.1445331,50.4497069],[13.1445582,50.4496201],[13.1441158,50.4495606],[13.1439098,50.4494983],[13.1435532,50.4493268],[13.1435864,50.4492814],[13.1431666,50.449166],[13.143038,50.449113],[13.1427503,50.4489524],[13.1428273,50.4488834],[13.1424712,50.4487464],[13.141843,50.4485132],[13.1417622,50.448448],[13.1414895,50.4481831],[13.1407938,50.4473053],[13.1404987,50.446898],[13.1405146,50.4465355],[13.140328,50.4463224],[13.1402042,50.4461048],[13.1401107,50.4459262],[13.1400132,50.4457386],[13.1399334,50.4455474],[13.1398935,50.4454232],[13.1398054,50.4451514],[13.1397442,50.4448144],[13.1397113,50.4445118],[13.1397105,50.4443596],[13.1397024,50.4441958],[13.1397167,50.4439511],[13.1397985,50.4435102],[13.1398304,50.4433742],[13.1398813,50.4431833],[13.1399676,50.4429216],[13.1400686,50.4427145],[13.1402001,50.4424752],[13.1403041,50.4423485],[13.1403087,50.4423183],[13.140338,50.4422618],[13.1405077,50.4420101],[13.1406166,50.4418564],[13.140888,50.4415192]]]}},{"type":"Feature","properties":{"SKNAZEV":"oblast a osa","OBTYPNAZEV":"AKC","DRUH_O_AKC":"AOV","ID_LOKAL":38,"OZNACENI_P":"AOV38","UO":1,"VYKON":35,"UROVEN":"URP","ID_NDOK":null,"NAZEV_NDOK":null,"NAZEV":"Rohozec","ZM_CISLO_P":2,"EUP_KOD_P":22907,"ZAPIS":"ZMZA","JE_AKTUALNI":false,"STAV_VYBERU":"zrusena"},"geometry":{"type":"Polygon","coordinates":[[[16.457212,49.4083298],[16.4571323,49.4077931],[16.4573209,49.4072881],[16.4579385,49.4062723],[16.4579166,49.4062364],[16.4582051,49.4061004],[16.458209,49.4060539],[16.4595786,49.4050193],[16.4596538,49.4049975],[16.4597931,49.4044996],[16.4598242,49.4040532],[16.4599779,49.4037681],[16.46005,49.4036607],[16.460343,49.4032777],[16.4609101,49.4022429],[16.4755418,49.3933934],[16.4771432,49.3951549],[16.4775069,49.3957262],[16.477825,49.3958566],[16.4783538,49.3961785],[16.4784568,49.3962266],[16.4788323,49.3963949],[16.4793611,49.3965056],[16.4794321,49.3965847],[16.4798999,49.3971116],[16.480394,49.3972608],[16.4811218,49.3972156],[16.4822005,49.3973519],[16.482351,49.3973306],[16.4843943,49.3973283],[16.4844108,49.3973177],[16.4855805,49.3970484],[16.4857259,49.397013],[16.4865381,49.3968157],[16.486579,49.3967579],[16.4886052,49.396683],[16.4886927,49.3966223],[16.4887733,49.3965666],[16.4888561,49.3965067],[16.4888938,49.3964795],[16.4889307,49.3964529],[16.4890142,49.3963926],[16.489187,49.3962649],[16.4892642,49.3962032],[16.489311,49.3961656],[16.4893534,49.3961316],[16.4892218,49.3954398],[16.4892515,49.3954209],[16.4890547,49.3953204],[16.4896473,49.3950823],[16.4896519,49.3949956],[16.4898763,49.3949069],[16.4901193,49.3947252],[16.4904819,49.3944891],[16.4905795,49.3944368],[16.49104,49.394008],[16.4913334,49.3939205],[16.4913722,49.3939093],[16.4917436,49.393877],[16.4919014,49.3939428],[16.4923716,49.3940609],[16.4925138,49.3940784],[16.4948744,49.3950951],[16.4950223,49.3951198],[16.4953321,49.3954241],[16.4954081,49.395548],[16.4953944,49.39587],[16.4955259,49.3959544],[16.4955018,49.3959869],[16.4961483,49.3963725],[16.4962474,49.3965408],[16.496247,49.3966737],[16.4962697,49.396771],[16.4962884,49.3968504],[16.496351,49.3969347],[16.4964502,49.3971999],[16.4965355,49.3974456],[16.496615,49.3976484],[16.4967574,49.398011],[16.4968168,49.3983913],[16.4968508,49.3986852],[16.4969636,49.3988689],[16.4970672,49.3990615],[16.4971329,49.3991645],[16.4972439,49.3992477],[16.4972506,49.3993271],[16.4972762,49.3994143],[16.4990731,49.4001934],[16.5000809,49.4012858],[16.500113,49.4013073],[16.5012476,49.402064],[16.5016695,49.4020973],[16.5017378,49.4021553],[16.5017839,49.4021757],[16.5018459,49.4022106],[16.5018744,49.4022351],[16.501898,49.4022586],[16.5018548,49.4024576],[16.5020159,49.4025489],[16.502668,49.4028169],[16.5035555,49.4028618],[16.5035558,49.4030493],[16.504682,49.4031514],[16.5047612,49.4033331],[16.504943,49.403324],[16.5050516,49.4034136],[16.5051318,49.4035144],[16.5051949,49.4036379],[16.5052531,49.4037559],[16.5053264,49.4038722],[16.5074183,49.403611],[16.5074634,49.4036989],[16.5075681,49.4036764],[16.5076018,49.4036872],[16.5095563,49.4039708],[16.5098316,49.403857],[16.5098636,49.4038378],[16.5099974,49.4038101],[16.5100731,49.4037075],[16.5102239,49.4034687],[16.5102047,49.4033625],[16.510373,49.4032642],[16.5105921,49.4034976],[16.5106612,49.4034896],[16.510725,49.4034895],[16.510786,49.4034837],[16.5109256,49.4034388],[16.5110691,49.4034418],[16.511242,49.4033733],[16.5114516,49.4032017],[16.512216,49.4032939],[16.512304,49.4031831],[16.5138106,49.4032468],[16.5144246,49.4033278],[16.5148135,49.403294],[16.5150112,49.4036203],[16.5160478,49.40375],[16.5168202,49.404144],[16.5167354,49.4042617],[16.5166523,49.4043883],[16.5167259,49.4046594],[16.5176156,49.4051241],[16.5176627,49.4051344],[16.5175886,49.405311],[16.5174502,49.405327],[16.517395,49.4053759],[16.5174182,49.4055842],[16.5168703,49.405827],[16.5166541,49.4059086],[16.5165692,49.4060482],[16.5163906,49.4062208],[16.5162217,49.4064023],[16.5161174,49.4064813],[16.5160108,49.4065629],[16.5159144,49.4066131],[16.5158213,49.4066624],[16.5156968,49.40672],[16.5156077,49.4067639],[16.5154929,49.4068108],[16.515391,49.4068559],[16.5151605,49.4069584],[16.5146802,49.4071898],[16.514206,49.4074156],[16.51373,49.407647],[16.5132945,49.4079033],[16.5131259,49.4080045],[16.5129381,49.4081173],[16.5127704,49.4082179],[16.5116346,49.4075373],[16.5109072,49.40648],[16.5103196,49.406588],[16.5090686,49.4068662],[16.5089722,49.4069955],[16.5088811,49.4071178],[16.508499,49.4071084],[16.508182,49.4071435],[16.5079617,49.407082],[16.5070167,49.4071072],[16.506952,49.4070569],[16.5069376,49.4069655],[16.5056509,49.407147],[16.5054902,49.4072259],[16.5041917,49.407634],[16.5035704,49.4079079],[16.5029905,49.4081019],[16.5028613,49.4079191],[16.5027768,49.4077241],[16.5025709,49.4073294],[16.5023603,49.4069522],[16.5020886,49.4066128],[16.5020596,49.4065771],[16.5020102,49.4065405],[16.5019643,49.4065066],[16.501821,49.4064106],[16.5017287,49.4063174],[16.5016398,49.4062199],[16.5015807,49.4061319],[16.5015152,49.4060306],[16.5014349,49.4059267],[16.5013635,49.4058449],[16.5013067,49.4057073],[16.5011864,49.4055913],[16.5011525,49.4052859],[16.5011068,49.40431],[16.5007773,49.4041093],[16.500642,49.4040076],[16.5004969,49.4038904],[16.5003981,49.4037447],[16.4997354,49.4035526],[16.4996788,49.4034036],[16.4995307,49.4034001],[16.4994819,49.40333],[16.4993717,49.4032892],[16.4991961,49.4031927],[16.4988363,49.4030331],[16.4987745,49.4029255],[16.4987907,49.4028661],[16.4987713,49.4027948],[16.4985876,49.402677],[16.4983111,49.4023565],[16.4981267,49.4022305],[16.4979938,49.4022129],[16.497939,49.4022285],[16.4979275,49.4021838],[16.4931997,49.4006144],[16.4928701,49.4009174],[16.4923814,49.4012172],[16.49222,49.4012359],[16.4919219,49.4011966],[16.4916365,49.4011926],[16.4915279,49.4011387],[16.491365,49.4009833],[16.4913306,49.4009108],[16.4912153,49.4006675],[16.4908801,49.400285],[16.4873791,49.4005753],[16.4847094,49.4008485],[16.4839155,49.4013266],[16.4835069,49.4015237],[16.481709,49.4021838],[16.4809151,49.4033456],[16.4799422,49.4038495],[16.4788126,49.4047623],[16.4781869,49.4047517],[16.4773412,49.4046963],[16.4763263,49.4061467],[16.476295,49.4062119],[16.4760445,49.4065548],[16.475934,49.4067659],[16.4759086,49.4069901],[16.4759721,49.4072125],[16.4759798,49.407452],[16.4755025,49.4076143],[16.4754995,49.4076828],[16.4754227,49.4077605],[16.4749335,49.4084152],[16.4716675,49.4103522],[16.4723964,49.4108215],[16.471643,49.4115575],[16.4713816,49.4117287],[16.4707028,49.4118248],[16.4703485,49.4120839],[16.4683847,49.413064],[16.4679987,49.4132332],[16.4671245,49.413063],[16.4670773,49.4127889],[16.4669732,49.4124646],[16.4669329,49.4123391],[16.4640062,49.4122171],[16.4638952,49.4120451],[16.4625801,49.4113757],[16.4601764,49.4111949],[16.4582942,49.4104001],[16.457794,49.4101344],[16.4577008,49.4102226],[16.4573492,49.4094421],[16.4573347,49.4088125],[16.457212,49.4083298]]]}},{"type":"Feature","properties":{"SKNAZEV":"oblast a osa","OBTYPNAZEV":"AKC","DRUH_O_AKC":"AOV","ID_LOKAL":20,"OZNACENI_P":"AOV20","UO":1,"VYKON":35,"UROVEN":"URP","ID_NDOK":null,"NAZEV_NDOK":null,"NAZEV":"Damnice","ZM_CISLO_P":2,"EUP_KOD_P":22907,"ZAPIS":"ZMZA","JE_AKTUALNI":true,"STAV_VYBERU":"ponechana"},"geometry":{"type":"Polygon","coordinates":[[[16.3634834,48.9031452],[16.3610668,48.9010337],[16.3627396,48.9002323],[16.362932,48.8984602],[16.3652617,48.8965625],[16.3672262,48.8943358],[16.3689533,48.8928488],[16.3721746,48.890367],[16.3733421,48.8880219],[16.3748286,48.8857609],[16.3775391,48.8823283],[16.3784406,48.8816056],[16.3787593,48.8814372],[16.3801102,48.8789538],[16.3818781,48.8780536],[16.3824778,48.8781252],[16.382862,48.8781703],[16.3829623,48.8781823],[16.383181,48.8782082],[16.3834417,48.8782138],[16.3850816,48.8800763],[16.3850191,48.880193],[16.3853747,48.8823973],[16.3853059,48.8842507],[16.3860796,48.8860636],[16.3866388,48.8875856],[16.3871054,48.8898522],[16.3873347,48.8898379],[16.3876905,48.8922709],[16.384975,48.8924016],[16.382603,48.8901811],[16.3829899,48.8901106],[16.3831717,48.8900986],[16.3832703,48.8900921],[16.3837291,48.8900632],[16.3787552,48.8891158],[16.3787832,48.8892693],[16.3789259,48.8900537],[16.3765094,48.89027],[16.3772376,48.8924102],[16.3781654,48.8940171],[16.3781903,48.8948631],[16.3784305,48.8952122],[16.3786941,48.8957193],[16.3788124,48.8960072],[16.3829238,48.8965629],[16.387999,48.8950653],[16.3889884,48.8966586],[16.3891024,48.8982905],[16.3887744,48.8984605],[16.3874451,48.8990145],[16.3857873,48.9009507],[16.3857502,48.9011228],[16.3855434,48.9023757],[16.3839427,48.9044938],[16.3816725,48.9074681],[16.3801516,48.9092419],[16.3779291,48.9117329],[16.3773168,48.9122404],[16.3771667,48.9128246],[16.3748832,48.912803],[16.3751048,48.9116555],[16.3752632,48.9116363],[16.3754146,48.9101925],[16.3753751,48.9101253],[16.3754918,48.9090809],[16.3745743,48.9068454],[16.3742468,48.9067],[16.3740897,48.9063099],[16.3737942,48.9063766],[16.3720622,48.9047972],[16.3693351,48.9025176],[16.3683988,48.902949],[16.3682026,48.9030394],[16.36721,48.9034969],[16.3634834,48.9031452]]]}},{"type":"Feature","properties":{"SKNAZEV":"oblast a osa","OBTYPNAZEV":"AKC","DRUH_O_AKC":"AOV","ID_LOKAL":18,"OZNACENI_P":"AOV18","UO":1,"VYKON":224,"UROVEN":"URP","ID_NDOK":null,"NAZEV_NDOK":null,"NAZEV":"Norberčany","ZM_CISLO_P":2,"EUP_KOD_P":22907,"ZAPIS":"ZMZA","JE_AKTUALNI":true,"STAV_VYBERU":"ponechana"},"geometry":{"type":"Polygon","coordinates":[[[17.5019113,49.7950417],[17.4977589,49.7967224],[17.4962203,49.7967385],[17.4959623,49.7968096],[17.4951825,49.7970721],[17.4946594,49.7971467],[17.4941558,49.7972201],[17.4940998,49.7972299],[17.4940637,49.7972235],[17.4939636,49.7972175],[17.4934257,49.7972163],[17.4926309,49.7970557],[17.4910808,49.7969953],[17.4904858,49.7974778],[17.4892677,49.7986208],[17.4887805,49.799762],[17.4813747,49.8025401],[17.4805515,49.8021676],[17.4797647,49.8013335],[17.4772129,49.8011264],[17.4749892,49.8007542],[17.4740021,49.8006987],[17.4720011,49.8005459],[17.4703474,49.8001872],[17.4692224,49.8004142],[17.4670033,49.8004762],[17.4660247,49.8005643],[17.4648702,49.8006006],[17.4645963,49.8005516],[17.4634768,49.8008833],[17.4633771,49.8009072],[17.4631204,49.8009762],[17.4628683,49.8010518],[17.462621,49.8011339],[17.4625777,49.8011497],[17.4620091,49.8013182],[17.4610185,49.8008686],[17.4609883,49.800823],[17.4609738,49.8007778],[17.4609068,49.8006032],[17.4608289,49.8004305],[17.4607405,49.80026],[17.4606416,49.8000918],[17.4605323,49.7999264],[17.460413,49.799764],[17.4602837,49.7996047],[17.4601447,49.7994489],[17.4599962,49.7992969],[17.4599474,49.7992511],[17.459724,49.7989137],[17.4590087,49.7964684],[17.4594507,49.7953268],[17.4597949,49.7933925],[17.4592753,49.7930777],[17.4591778,49.7929527],[17.4584782,49.7919343],[17.4582458,49.7918888],[17.4576688,49.791373],[17.4567418,49.790705],[17.4564513,49.7904879],[17.4548372,49.7870244],[17.4544299,49.7854704],[17.4550821,49.7852426],[17.4550635,49.7839137],[17.4554648,49.7835809],[17.4567024,49.7805829],[17.4570616,49.7806294],[17.4572002,49.7806473],[17.457371,49.7806661],[17.4575136,49.7806818],[17.4576521,49.780697],[17.4580365,49.7807821],[17.4581415,49.7808196],[17.458511,49.7809513],[17.4588376,49.7809888],[17.4592065,49.7809426],[17.4592246,49.7809232],[17.4593601,49.7807784],[17.4595888,49.7805478],[17.4601355,49.7800855],[17.4602526,49.7799865],[17.4603085,49.7799392],[17.4603255,49.7799211],[17.4604824,49.7797551],[17.4606359,49.7795254],[17.460654,49.7794983],[17.4608336,49.7792875],[17.4609958,49.7791001],[17.4611973,49.7784372],[17.4612085,49.7783724],[17.4612599,49.7780537],[17.4612651,49.7780217],[17.4613808,49.7776063],[17.4614255,49.7774933],[17.4615133,49.7772706],[17.4614592,49.7771603],[17.4614089,49.7770578],[17.4613737,49.7769333],[17.461391,49.7766325],[17.4617599,49.7763134],[17.4616278,49.7762056],[17.4615954,49.7761562],[17.4615793,49.7761316],[17.4614246,49.7761655],[17.4613869,49.7761291],[17.4613345,49.7761531],[17.4611323,49.7762866],[17.4611162,49.7762973],[17.4609756,49.7763458],[17.4608791,49.7763791],[17.4608563,49.776387],[17.4606624,49.776454],[17.4605386,49.7764259],[17.4605244,49.7764554],[17.4604765,49.7765551],[17.4604596,49.7765852],[17.4604077,49.7766772],[17.460212,49.7768513],[17.460055,49.7768505],[17.4599284,49.7767671],[17.4595657,49.7768189],[17.4594625,49.7767142],[17.4592694,49.7765184],[17.4591904,49.7764383],[17.4591716,49.776424],[17.4591558,49.7764119],[17.459175,49.7763847],[17.4592062,49.7763406],[17.459234,49.7763013],[17.4590244,49.7760844],[17.4590025,49.7760618],[17.4589304,49.7759992],[17.4586912,49.7757275],[17.4583109,49.7757543],[17.4582491,49.7757586],[17.4576695,49.7757616],[17.4576957,49.7757342],[17.4590138,49.7749231],[17.4584398,49.7747382],[17.4596718,49.7722971],[17.4662921,49.7739269],[17.4699985,49.7749401],[17.4703432,49.7751276],[17.471531,49.7753121],[17.4722396,49.77541],[17.4737863,49.7754237],[17.4751426,49.7752158],[17.4763239,49.7752615],[17.479624,49.7747982],[17.4798894,49.7746337],[17.4802998,49.7744704],[17.4826103,49.7727317],[17.4828626,49.772233],[17.4836138,49.7706698],[17.4836472,49.7700079],[17.4836233,49.7698778],[17.483619,49.7698003],[17.4839506,49.7667985],[17.482618,49.7668281],[17.48149,49.7657496],[17.4813569,49.7657583],[17.4811256,49.765704],[17.480224,49.7651063],[17.4798923,49.764904],[17.4795944,49.7648806],[17.4795366,49.7648879],[17.4792187,49.7649681],[17.4780797,49.7647277],[17.4779104,49.7646596],[17.4762921,49.7642328],[17.4737705,49.7639612],[17.4724342,49.7647622],[17.4674394,49.764817],[17.4673107,49.7647814],[17.4670664,49.7647511],[17.4666085,49.7646995],[17.4661551,49.7646517],[17.4657181,49.7645872],[17.4671151,49.7636253],[17.4680466,49.7628016],[17.4697459,49.7623323],[17.4697548,49.7620793],[17.4703902,49.7617718],[17.4710307,49.7617052],[17.4711833,49.7614914],[17.4715022,49.7614251],[17.472098,49.7611376],[17.4729268,49.7606243],[17.476668,49.7596832],[17.4769616,49.7597394],[17.4777334,49.7599638],[17.4792055,49.7597256],[17.4816623,49.7605045],[17.4867433,49.7595834],[17.4911884,49.7598818],[17.4913567,49.7598406],[17.491674,49.759722],[17.4918579,49.7596658],[17.492207,49.7595889],[17.4924663,49.7595461],[17.494036,49.7593664],[17.4945398,49.7592937],[17.4946948,49.7596588],[17.4958744,49.760441],[17.4976907,49.7612375],[17.498945,49.7615895],[17.5000343,49.7617641],[17.5001435,49.7617805],[17.5010189,49.7618097],[17.5022303,49.7617426],[17.5026491,49.7618586],[17.5033456,49.7619899],[17.5034832,49.7619893],[17.5035795,49.7619356],[17.5036366,49.7619307],[17.5038737,49.7620161],[17.5040035,49.7620454],[17.5039908,49.762182],[17.5039929,49.7623078],[17.5043035,49.7623672],[17.5068077,49.7645839],[17.5078218,49.7651073],[17.5100429,49.7673535],[17.5105768,49.7678842],[17.503976,49.7694281],[17.5034636,49.7691758],[17.5030475,49.7690239],[17.5030252,49.7690157],[17.5023327,49.7687261],[17.5022272,49.768658],[17.5010876,49.768136],[17.5005215,49.767833],[17.5000584,49.7676756],[17.5000298,49.7676835],[17.4999006,49.7677196],[17.4998525,49.767733],[17.4985618,49.7675425],[17.4984549,49.7674608],[17.492656,49.767707],[17.4925112,49.7677192],[17.4924029,49.7677247],[17.4922064,49.7677347],[17.4896505,49.7684971],[17.4895979,49.768539],[17.4894839,49.7686173],[17.4893684,49.7687351],[17.4891877,49.7689443],[17.4890072,49.7691527],[17.4888978,49.7699136],[17.4888931,49.7699461],[17.4880615,49.7717145],[17.487959,49.7717096],[17.4873443,49.7716999],[17.488442,49.7734108],[17.4889538,49.7742083],[17.4892049,49.7746973],[17.4892012,49.7747331],[17.4890956,49.7757136],[17.4889655,49.7760255],[17.4893023,49.776526],[17.4890376,49.7776757],[17.4896462,49.778122],[17.489368,49.7795883],[17.4906117,49.7807174],[17.4906909,49.7809437],[17.4907304,49.7810569],[17.4909517,49.781261],[17.4909905,49.7812967],[17.4914228,49.7819744],[17.4914624,49.7820364],[17.4928157,49.7834126],[17.4935985,49.7833894],[17.4944223,49.7833102],[17.4950324,49.7834318],[17.4961781,49.7836601],[17.4962361,49.7836585],[17.4971011,49.7836354],[17.4996019,49.7839652],[17.4998647,49.7839081],[17.49988,49.7839484],[17.499995,49.7839294],[17.5000781,49.7839157],[17.5001679,49.7839002],[17.5031066,49.7829107],[17.5031508,49.7828621],[17.5033587,49.7826336],[17.5037392,49.7823984],[17.5038184,49.7823495],[17.5055492,49.7812796],[17.5055834,49.7812389],[17.5057275,49.7810677],[17.5061216,49.7807532],[17.5061273,49.7807486],[17.5062032,49.7806879],[17.5070737,49.7809679],[17.5087917,49.7814986],[17.509383,49.781681],[17.509828,49.7818316],[17.5107171,49.7821361],[17.5108792,49.7822857],[17.510932,49.7823352],[17.5115599,49.7829182],[17.5120177,49.7833233],[17.5120474,49.7833528],[17.5126078,49.783854],[17.5131689,49.784371],[17.5139983,49.7851226],[17.5145964,49.7856666],[17.5156527,49.7865724],[17.516238,49.7870603],[17.5165666,49.7871852],[17.5168,49.7872332],[17.518182,49.787471],[17.5186013,49.7875483],[17.519662,49.7878389],[17.5199063,49.787908],[17.5203667,49.7880383],[17.5204092,49.7880504],[17.5205328,49.7880853],[17.5208154,49.7880405],[17.5209106,49.7879719],[17.5209468,49.7879458],[17.5209945,49.7879116],[17.5212891,49.7876997],[17.5213049,49.7877247],[17.5214516,49.787684],[17.5215045,49.7876697],[17.5218663,49.7875761],[17.5224463,49.7874501],[17.523206,49.7873528],[17.5241884,49.7872437],[17.524592,49.7872828],[17.525198,49.7874037],[17.5252541,49.7873118],[17.5265655,49.7879443],[17.527917,49.7889279],[17.5291976,49.7893019],[17.531026,49.7898546],[17.5317755,49.790189],[17.531638,49.7913906],[17.5337197,49.7939425],[17.5338438,49.7941788],[17.5340299,49.7943037],[17.5344004,49.7944296],[17.5347121,49.7944179],[17.5347248,49.7946183],[17.5361084,49.7950491],[17.5379196,49.7963751],[17.5385382,49.7967809],[17.5375935,49.7982897],[17.5377011,49.7986224],[17.5377323,49.7989847],[17.5376491,49.7996963],[17.5372011,49.8004319],[17.5366477,49.8015941],[17.5359294,49.8025956],[17.5355778,49.803133],[17.5353812,49.8033666],[17.5350448,49.8036598],[17.530602,49.8048179],[17.5301922,49.8045284],[17.5298159,49.8038627],[17.5295875,49.8035677],[17.5271996,49.802945],[17.5269904,49.8028734],[17.5267395,49.8027959],[17.5264842,49.8027249],[17.5262245,49.8026606],[17.5259612,49.802603],[17.5256945,49.8025523],[17.5256932,49.8025521],[17.5252175,49.802428],[17.523716,49.8022648],[17.5227912,49.8023911],[17.5225237,49.8024809],[17.522392,49.8024977],[17.5221217,49.8025395],[17.521854,49.8025883],[17.5215898,49.802644],[17.5213291,49.8027064],[17.5210726,49.8027756],[17.5208205,49.8028514],[17.5205733,49.8029336],[17.5203313,49.8030221],[17.520095,49.8031168],[17.5198648,49.8032177],[17.5196409,49.8033244],[17.5194239,49.8034367],[17.519214,49.8035547],[17.5190764,49.8036385],[17.5188866,49.8037022],[17.5185878,49.8038833],[17.5181415,49.8043492],[17.5181219,49.8043671],[17.5179706,49.804518],[17.5178287,49.8046726],[17.5178078,49.8046975],[17.5166005,49.805958],[17.5166121,49.8062618],[17.516607,49.8063253],[17.5162537,49.8070203],[17.5157212,49.8076971],[17.5154273,49.8085176],[17.5165415,49.8111143],[17.5216497,49.8138578],[17.5219667,49.8138013],[17.5223712,49.8139056],[17.5227633,49.8139656],[17.5230581,49.8140318],[17.5231703,49.8140291],[17.523566,49.8141538],[17.5236524,49.8142103],[17.524453,49.8143182],[17.5247865,49.8143751],[17.5251572,49.8143902],[17.5255752,49.8143635],[17.5259304,49.814304],[17.5262805,49.8142573],[17.5263835,49.8142211],[17.5264381,49.8142279],[17.5268836,49.8141218],[17.5270642,49.8140955],[17.5274061,49.814055],[17.5283841,49.813894],[17.5290086,49.8138191],[17.5291157,49.8138197],[17.5292065,49.8138267],[17.5296747,49.8137903],[17.5303838,49.8136966],[17.5308619,49.8136165],[17.5312818,49.8143292],[17.5308952,49.8148346],[17.5315967,49.8157125],[17.5317744,49.8170249],[17.5303615,49.8201346],[17.5290744,49.8266256],[17.5290009,49.8268832],[17.528829,49.8269352],[17.5291676,49.8272198],[17.5292389,49.8272672],[17.5292388,49.8273115],[17.5292031,49.8274077],[17.5292581,49.8278908],[17.529237,49.8284624],[17.5267249,49.8317159],[17.5266201,49.8319796],[17.5286237,49.8343423],[17.5298391,49.8361199],[17.5299289,49.8371132],[17.5299821,49.8371792],[17.530059,49.8373346],[17.5300205,49.8376488],[17.5299136,49.83768],[17.5297138,49.8376202],[17.5294588,49.8378633],[17.5292689,49.8380207],[17.5289282,49.8382204],[17.5286668,49.8383311],[17.5269964,49.8390142],[17.5259031,49.8394613],[17.5257458,49.8395256],[17.5255404,49.839749],[17.5251446,49.8403765],[17.5248067,49.8409122],[17.5247312,49.8410881],[17.5247479,49.8411428],[17.5246637,49.8411967],[17.5244244,49.8413365],[17.5238915,49.8417912],[17.523672,49.8419785],[17.5234245,49.8422883],[17.5232113,49.8427904],[17.5230043,49.8432772],[17.5227979,49.8435058],[17.5227785,49.8435118],[17.522689,49.8435395],[17.5226111,49.8434303],[17.5226002,49.8431317],[17.5216214,49.8424314],[17.5214751,49.842282],[17.5213168,49.842134],[17.5211498,49.8419903],[17.5209738,49.8418509],[17.5207893,49.8417163],[17.5205967,49.8415865],[17.5203962,49.8414618],[17.5201882,49.8413423],[17.519973,49.8412284],[17.5198697,49.841178],[17.5196293,49.841006],[17.5187186,49.8406695],[17.5182503,49.8404606],[17.5176485,49.8403266],[17.5171353,49.8402067],[17.5167824,49.8401161],[17.516481,49.8398044],[17.5153171,49.839489],[17.5153103,49.8394864],[17.5150644,49.8394024],[17.5148133,49.8393249],[17.5145578,49.8392538],[17.514298,49.8391895],[17.5140345,49.8391319],[17.5139167,49.8391095],[17.5132628,49.8389323],[17.5129862,49.8388726],[17.5120654,49.8388719],[17.5100216,49.8389628],[17.5042662,49.8396056],[17.505249,49.8413591],[17.5050308,49.8417128],[17.501944,49.8403808],[17.5008493,49.8398235],[17.4979365,49.8382316],[17.4976449,49.837477],[17.4976393,49.8374099],[17.4976319,49.8373207],[17.4973161,49.836282],[17.4972599,49.8361482],[17.497227,49.836086],[17.4971897,49.8360366],[17.4971403,49.8359713],[17.4970947,49.835911],[17.4966727,49.8354245],[17.4966301,49.8353754],[17.4965734,49.83531],[17.4959889,49.8345866],[17.4954603,49.833958],[17.4948715,49.8332927],[17.4942085,49.8324996],[17.4935863,49.8317695],[17.4929296,49.831014],[17.4927024,49.830707],[17.4927013,49.8306648],[17.4921719,49.8298165],[17.4919351,49.8293646],[17.4913263,49.82816],[17.4906246,49.8268631],[17.490559,49.8267473],[17.490226,49.8262419],[17.4897403,49.8253643],[17.4896343,49.8251194],[17.4889719,49.8240087],[17.4904871,49.8244542],[17.4906337,49.8245087],[17.4913709,49.824716],[17.4927576,49.8248871],[17.493632,49.8249449],[17.4959899,49.8253832],[17.5065333,49.8248602],[17.5062634,49.824055],[17.5056903,49.8225715],[17.50569,49.8218133],[17.5049659,49.8194586],[17.5038214,49.8167879],[17.503503,49.813351],[17.5026196,49.8131779],[17.5011515,49.8097487],[17.4996972,49.8073237],[17.5001082,49.8052267],[17.5034176,49.8047453],[17.5064498,49.802526],[17.5074704,49.802125],[17.5079938,49.801553],[17.5082951,49.8011801],[17.5082678,49.7999716],[17.507984,49.7995586],[17.5066386,49.798056],[17.5061928,49.7977929],[17.5058368,49.7960305],[17.5049952,49.7954213],[17.5049382,49.7953008],[17.5047948,49.7953118],[17.5045098,49.7953374],[17.5042452,49.7953625],[17.5040361,49.7953823],[17.5038892,49.7953937],[17.5037605,49.7953996],[17.5036892,49.7954016],[17.5036072,49.7954027],[17.5035497,49.7954003],[17.5034748,49.7953926],[17.5033884,49.7953832],[17.5032212,49.7953582],[17.5030677,49.795334],[17.5029245,49.795309],[17.502746,49.7952742],[17.5026112,49.7952435],[17.5024597,49.7952066],[17.5022757,49.7951614],[17.5021215,49.7951227],[17.5020601,49.7951058],[17.5019907,49.7950811],[17.5019192,49.7950462],[17.5019113,49.7950417]]]}},{"type":"Feature","properties":{"SKNAZEV":"oblast a osa","OBTYPNAZEV":"AKC","DRUH_O_AKC":"AOV","ID_LOKAL":30,"OZNACENI_P":"AOV30","UO":1,"VYKON":25,"UROVEN":"URP","ID_NDOK":null,"NAZEV_NDOK":null,"NAZEV":"Kunovice","ZM_CISLO_P":2,"EUP_KOD_P":22907,"ZAPIS":"ZMZA","JE_AKTUALNI":true,"STAV_VYBERU":"ponechana"},"geometry":{"type":"Polygon","coordinates":[[[17.7673613,49.4442147],[17.767252,49.4439763],[17.7669703,49.4436948],[17.766895,49.443599],[17.7667133,49.4433037],[17.7662625,49.4430607],[17.766099,49.4428646],[17.7659529,49.4426776],[17.7658366,49.442528],[17.7674321,49.4417622],[17.7674378,49.4415802],[17.7678597,49.4412664],[17.7678443,49.4412434],[17.7682515,49.4411506],[17.7689829,49.4405346],[17.7691427,49.4406103],[17.7693001,49.4406415],[17.7694452,49.4406358],[17.7695512,49.4406474],[17.7696744,49.4405602],[17.7697792,49.4405122],[17.7698553,49.4404619],[17.7699744,49.4402877],[17.7700328,49.4404642],[17.7701257,49.4403846],[17.7702027,49.4403631],[17.7703655,49.4403778],[17.7704362,49.4404119],[17.7705066,49.4405023],[17.7705535,49.4406378],[17.7709663,49.4404609],[17.7710861,49.4406612],[17.7711914,49.4403682],[17.7712718,49.4403983],[17.7716835,49.4407973],[17.7716733,49.4408924],[17.7721027,49.4409295],[17.7722212,49.4408445],[17.7723093,49.4408538],[17.772459,49.4409151],[17.772775,49.4414626],[17.7731035,49.442049],[17.7733228,49.4420266],[17.7735927,49.4420375],[17.774028,49.4420885],[17.7741669,49.4420937],[17.7746188,49.4420997],[17.7746168,49.442122],[17.7760355,49.4422122],[17.7760141,49.4424228],[17.7764768,49.4424558],[17.7768061,49.4424664],[17.7769246,49.4424941],[17.7771164,49.4425389],[17.7773593,49.4426562],[17.7778647,49.4429002],[17.7782638,49.4430449],[17.7783805,49.4429633],[17.7784888,49.4428129],[17.7786953,49.4427903],[17.7788858,49.4427438],[17.7789297,49.4427331],[17.779129,49.4425935],[17.7793167,49.4424404],[17.7793795,49.4423534],[17.7793983,49.4421291],[17.7795495,49.4421177],[17.7801342,49.4423],[17.7801856,49.4423768],[17.7804822,49.4420922],[17.7805754,49.4420876],[17.7805903,49.4420808],[17.7806375,49.4420817],[17.7806445,49.4420984],[17.7806505,49.4421033],[17.7806605,49.4421103],[17.7806708,49.4421166],[17.7806765,49.4421195],[17.7806996,49.4421294],[17.7807098,49.4421325],[17.7807776,49.4421411],[17.7808332,49.4421437],[17.7809635,49.4421493],[17.7811983,49.4421575],[17.7812904,49.4421585],[17.7816481,49.4421648],[17.782023,49.4421723],[17.782191,49.4421758],[17.7823333,49.4421783],[17.782517,49.4421858],[17.7827121,49.4422025],[17.7828799,49.4422244],[17.7830576,49.4422553],[17.7832319,49.4422938],[17.7834019,49.4423397],[17.7835669,49.4423929],[17.7836097,49.4424091],[17.7837261,49.4424531],[17.7838788,49.4425199],[17.7840765,49.4426128],[17.7842401,49.4426897],[17.7846248,49.4429166],[17.7847157,49.442359],[17.7847863,49.4419763],[17.78483,49.4417622],[17.7849748,49.4412128],[17.7850234,49.4408734],[17.7852161,49.44089],[17.7852469,49.4408309],[17.7853662,49.4408979],[17.7854623,49.4409474],[17.7855885,49.4409979],[17.7859539,49.4411406],[17.786073,49.4411866],[17.7862179,49.4412429],[17.7864338,49.4413272],[17.7867931,49.4414672],[17.7869554,49.4415306],[17.7873148,49.4416751],[17.78796,49.4403044],[17.7881895,49.4403817],[17.7883392,49.440442],[17.7888722,49.440443],[17.7890556,49.4397801],[17.7900918,49.4393577],[17.790323,49.4396392],[17.7907768,49.4382198],[17.7910748,49.438761],[17.7914368,49.4387579],[17.7916246,49.437617],[17.7915107,49.4371432],[17.7922258,49.435905],[17.7924619,49.4359829],[17.7930685,49.4361764],[17.793446,49.4362908],[17.7936866,49.4363629],[17.7940305,49.4364632],[17.795226,49.4361216],[17.7955982,49.4362119],[17.7957925,49.4362057],[17.795871,49.4363428],[17.7968028,49.4361323],[17.7968038,49.4370634],[17.7976948,49.4360803],[17.7979442,49.4361679],[17.7986969,49.4365351],[17.7988041,49.4373078],[17.8001786,49.4360851],[17.8003812,49.4362534],[17.8004956,49.4363485],[17.8006127,49.4363915],[17.8013536,49.4366632],[17.801778,49.4368056],[17.8010728,49.4381463],[17.8003675,49.439487],[17.8004176,49.439538],[17.8007702,49.4396152],[17.8000926,49.4408199],[17.7997787,49.4406738],[17.7991399,49.4418097],[17.7988823,49.4419203],[17.7983233,49.4430532],[17.7977668,49.4445685],[17.7981538,49.4446667],[17.7983685,49.4447781],[17.7974813,49.4461086],[17.7976657,49.4461523],[17.7978054,49.4461907],[17.7979694,49.4462357],[17.7986447,49.4456961],[17.7985956,49.4459168],[17.7986518,49.4459319],[17.7983734,49.447319],[17.7985904,49.4472527],[17.7986865,49.4472313],[17.7987875,49.4475652],[17.7993533,49.4474186],[17.7997387,49.4475253],[17.8002087,49.4476555],[17.7994705,49.4489513],[17.7996479,49.4489961],[17.8000569,49.4490994],[17.8005856,49.4491682],[17.8008536,49.4492321],[17.8010481,49.4492776],[17.8014478,49.4493721],[17.8019798,49.4493495],[17.8011253,49.4507799],[17.8010527,49.4509838],[17.8011741,49.4511879],[17.8012062,49.4514171],[17.800939,49.4515164],[17.8006695,49.451581],[17.8004398,49.4517266],[17.7995893,49.4519571],[17.7996312,49.4520519],[17.7985282,49.4519812],[17.7988056,49.452148],[17.7988493,49.4523238],[17.7982985,49.4524362],[17.798277,49.4525402],[17.7976892,49.4524318],[17.7975831,49.4524098],[17.7975506,49.452403],[17.797425,49.4524763],[17.7972683,49.4524329],[17.7973338,49.4525541],[17.7973045,49.4527435],[17.7974316,49.4529657],[17.7972441,49.4531081],[17.7969858,49.4533277],[17.7968238,49.4534449],[17.7965041,49.453672],[17.7963678,49.4537778],[17.7961936,49.4539283],[17.7957444,49.4536404],[17.7956574,49.453559],[17.7953335,49.4534888],[17.7950896,49.4533634],[17.7948742,49.4532247],[17.7940105,49.4532952],[17.7939329,49.4531153],[17.7936272,49.4531981],[17.7935723,49.453158],[17.7938018,49.4528478],[17.7932191,49.4529929],[17.7931342,49.4529286],[17.7932004,49.452694],[17.7929444,49.4528333],[17.792702,49.4527961],[17.7924823,49.452495],[17.79214,49.4524264],[17.7923166,49.4518191],[17.7918509,49.4518184],[17.791559,49.4518443],[17.7913396,49.4519539],[17.7912197,49.4518804],[17.7912036,49.4518698],[17.7911144,49.451821],[17.791075,49.4516845],[17.7910846,49.451495],[17.7906506,49.4515805],[17.7901081,49.4514109],[17.7900423,49.4512779],[17.7897259,49.4513891],[17.7896484,49.4513298],[17.7893432,49.4513837],[17.7890715,49.4512934],[17.7888719,49.4512738],[17.7885353,49.4511842],[17.7882844,49.4511741],[17.7881483,49.4511619],[17.7880869,49.4511486],[17.7879885,49.4510672],[17.7877742,49.4511363],[17.7873829,49.4510386],[17.7864101,49.451055],[17.7860703,49.4510574],[17.7854836,49.4513253],[17.7853343,49.4513512],[17.7849748,49.451452],[17.784886,49.4513403],[17.7846952,49.4513534],[17.7842958,49.4516136],[17.7842307,49.4516192],[17.7839768,49.4516549],[17.7838279,49.4516891],[17.7837318,49.4515969],[17.7833755,49.4517629],[17.7829972,49.4519351],[17.7828733,49.4518069],[17.7826125,49.4519169],[17.7823268,49.451802],[17.7818402,49.4516692],[17.7817787,49.4517161],[17.7817207,49.4516909],[17.781463,49.4515681],[17.7813475,49.4514226],[17.7798369,49.4508226],[17.7798158,49.4507959],[17.779682,49.4506795],[17.7796562,49.4506184],[17.7796377,49.4505746],[17.7795885,49.4504485],[17.7795566,49.4503819],[17.7794082,49.4503485],[17.7792436,49.4502773],[17.7791868,49.4502597],[17.7791041,49.4502726],[17.77904,49.4502556],[17.7789949,49.4502171],[17.778897,49.450215],[17.7787804,49.4501816],[17.7787679,49.4501479],[17.7786818,49.4499807],[17.7786339,49.4499514],[17.7784706,49.4497485],[17.7784083,49.4497391],[17.7783706,49.4496897],[17.7783055,49.4496801],[17.7782398,49.4495726],[17.7782926,49.4495362],[17.778281,49.4494554],[17.7781694,49.4493772],[17.7781416,49.449318],[17.7779947,49.4491829],[17.7780233,49.4491441],[17.7779653,49.4490945],[17.7780147,49.4490513],[17.7778499,49.4489604],[17.7778334,49.4488841],[17.7778536,49.4488334],[17.7778368,49.4487995],[17.7777056,49.4487869],[17.7775696,49.4488088],[17.777529,49.4487998],[17.7775274,49.44873],[17.7773206,49.4486019],[17.7773304,49.4485545],[17.7772194,49.4484874],[17.7772181,49.4483896],[17.7731424,49.4454746],[17.7730757,49.4455779],[17.772792,49.4454483],[17.7725471,49.4452349],[17.772453,49.4451801],[17.7718006,49.444882],[17.7707312,49.4448047],[17.7693926,49.4444636],[17.7693101,49.4446369],[17.7692149,49.4446489],[17.769093,49.4445858],[17.7684069,49.4444849],[17.7680182,49.4444485],[17.7676593,49.4445476],[17.7673613,49.4442147]]]}},{"type":"Feature","properties":{"SKNAZEV":"oblast a osa","OBTYPNAZEV":"AKC","DRUH_O_AKC":"AOV","ID_LOKAL":31,"OZNACENI_P":"AOV31","UO":1,"VYKON":67,"UROVEN":"URP","ID_NDOK":null,"NAZEV_NDOK":null,"NAZEV":"Kelč","ZM_CISLO_P":2,"EUP_KOD_P":22907,"ZAPIS":"ZMZA","JE_AKTUALNI":true,"STAV_VYBERU":"ponechana"},"geometry":{"type":"Polygon","coordinates":[[[17.8337298,49.4674263],[17.8336171,49.4674543],[17.8335032,49.4675079],[17.8322415,49.4674011],[17.8314523,49.4672774],[17.8308145,49.4672806],[17.829961,49.467028],[17.829905,49.4670113],[17.8288303,49.4666922],[17.828819,49.4666888],[17.8289183,49.4665518],[17.8291786,49.4658466],[17.8288218,49.4656631],[17.8284752,49.4654981],[17.8277323,49.4651918],[17.8272878,49.4649234],[17.827048,49.464779],[17.8269514,49.4647093],[17.8268424,49.4646305],[17.8266403,49.4644846],[17.8264647,49.4643381],[17.8263103,49.464193],[17.8259907,49.4639213],[17.8258284,49.4637941],[17.8256495,49.4636711],[17.8254313,49.4635945],[17.8251332,49.4634885],[17.8249126,49.4634243],[17.8246973,49.463378],[17.8247205,49.4633491],[17.822827,49.4625705],[17.8218241,49.4625347],[17.8193228,49.4621074],[17.8192204,49.4621763],[17.8187805,49.4620833],[17.8174931,49.4620991],[17.8174432,49.4620822],[17.8171488,49.4620238],[17.8159206,49.4616982],[17.8157577,49.4617295],[17.8139091,49.462119],[17.8137294,49.4621252],[17.8133939,49.462223],[17.813407,49.4621994],[17.8135315,49.461977],[17.8136262,49.4618078],[17.8137333,49.4616077],[17.8137971,49.4614745],[17.8138107,49.4613438],[17.8138357,49.4611053],[17.8138606,49.4608671],[17.8138712,49.4607651],[17.8139105,49.4607059],[17.8139943,49.4605952],[17.8139043,49.4605088],[17.814012,49.4604806],[17.8138906,49.4603093],[17.8141001,49.4601542],[17.8140595,49.4600089],[17.814214,49.4599301],[17.8141037,49.4597331],[17.8140295,49.4595393],[17.8141546,49.4595146],[17.8142764,49.4594882],[17.8141483,49.4592367],[17.8143286,49.4591546],[17.8141306,49.4588729],[17.8139425,49.4585749],[17.813807,49.4583564],[17.8135493,49.4578963],[17.8132815,49.457448],[17.8132709,49.4574322],[17.8132521,49.4574044],[17.8132292,49.4573704],[17.8135503,49.4573624],[17.8135156,49.4572552],[17.8131283,49.4571721],[17.8133884,49.4570886],[17.8131374,49.4567809],[17.8127792,49.4559022],[17.8126908,49.4558693],[17.8125777,49.4557077],[17.8122026,49.4554621],[17.8118779,49.4552953],[17.8117778,49.4552191],[17.8116963,49.455157],[17.8115512,49.4544665],[17.8117285,49.4542289],[17.8114751,49.4538557],[17.811094,49.4537061],[17.8114823,49.4532724],[17.8118766,49.4527754],[17.8115322,49.4527304],[17.8114124,49.4526205],[17.8113243,49.4526071],[17.8113347,49.4525741],[17.8114017,49.4524709],[17.8119407,49.4515983],[17.8136532,49.4514069],[17.8155827,49.4508257],[17.8157446,49.450808],[17.8158092,49.4507829],[17.8171117,49.4502913],[17.8171624,49.4503359],[17.8173592,49.4500615],[17.8174591,49.4500707],[17.8175114,49.4500212],[17.8175378,49.4500079],[17.8176551,49.4499492],[17.8177668,49.4498993],[17.8179481,49.4498184],[17.8180042,49.4497927],[17.8181161,49.4497248],[17.8186249,49.4494268],[17.8185226,49.4494157],[17.8184685,49.4494062],[17.818729,49.44923],[17.819087,49.4489422],[17.8192413,49.4487093],[17.8192708,49.4486587],[17.819287,49.4486017],[17.8210086,49.4480046],[17.8216457,49.4477638],[17.8219961,49.4478702],[17.8220342,49.4478434],[17.8221047,49.4478019],[17.8224979,49.4478953],[17.8225989,49.4478815],[17.8228583,49.4479398],[17.8229277,49.4479943],[17.8230476,49.4480203],[17.8237002,49.4469888],[17.8240619,49.4471036],[17.8247178,49.4460672],[17.82518,49.4462173],[17.8262085,49.4465515],[17.8268292,49.4467744],[17.8277963,49.4471218],[17.828055,49.4472147],[17.8284133,49.447051],[17.831884,49.4462488],[17.8327235,49.4459225],[17.8333092,49.4461572],[17.8334649,49.4459485],[17.833562,49.4459935],[17.8336359,49.4460413],[17.8337359,49.4460273],[17.8345138,49.4460403],[17.8349276,49.4460582],[17.8357696,49.4460462],[17.8362498,49.446013],[17.8365344,49.4459833],[17.8369444,49.4459222],[17.8371708,49.4458811],[17.8379045,49.4457477],[17.838198,49.4456825],[17.8384943,49.4462954],[17.8384092,49.4470777],[17.8385237,49.4477632],[17.8385192,49.4477946],[17.8383492,49.4478639],[17.8382756,49.447963],[17.8382131,49.4480745],[17.8380296,49.4486756],[17.8380013,49.4487227],[17.8379775,49.4489028],[17.8380023,49.4489603],[17.8357582,49.4510436],[17.8345965,49.4512957],[17.8341158,49.4513743],[17.8337648,49.4513567],[17.8326916,49.4515481],[17.8308731,49.4516753],[17.8307326,49.4516515],[17.8307199,49.4515956],[17.828717,49.4525134],[17.8288176,49.4526621],[17.8289005,49.4528586],[17.8289639,49.4530644],[17.829056,49.4531486],[17.8291848,49.4531885],[17.8293161,49.4532569],[17.8297933,49.4539796],[17.8303444,49.4543487],[17.8317792,49.4546234],[17.8321661,49.454791],[17.8324863,49.4550262],[17.8341124,49.4554926],[17.8348544,49.455627],[17.8351969,49.4556626],[17.8360054,49.4557955],[17.8364554,49.4558542],[17.8364801,49.4559649],[17.8367075,49.4559625],[17.8367935,49.4558561],[17.8369333,49.4559215],[17.8370325,49.4558688],[17.8371582,49.4558707],[17.8372594,49.4559357],[17.8375422,49.4558754],[17.8393008,49.455868],[17.8393864,49.4558754],[17.8394521,49.4559086],[17.8395141,49.4559489],[17.8396035,49.4559598],[17.8397593,49.4559021],[17.8397658,49.4558844],[17.8405426,49.4557301],[17.840643,49.4556038],[17.8407793,49.4555774],[17.8409091,49.4554984],[17.8420484,49.4549425],[17.8423659,49.4546827],[17.8427523,49.4544129],[17.8439043,49.4532855],[17.843925,49.4532101],[17.8443551,49.452531],[17.8451753,49.4512629],[17.8453744,49.4510975],[17.8455443,49.4506582],[17.8456735,49.4499705],[17.8453506,49.4488736],[17.8452573,49.4487076],[17.8451037,49.4485384],[17.8451421,49.448485],[17.8456956,49.445922],[17.8457092,49.4458623],[17.846095,49.4458342],[17.8466531,49.4457247],[17.8470217,49.4456578],[17.8471746,49.4457063],[17.847316,49.4457511],[17.8476289,49.4458503],[17.8476836,49.4458642],[17.8496325,49.4446902],[17.8506606,49.4448832],[17.8509575,49.4434906],[17.8510475,49.4432133],[17.8515732,49.4423413],[17.8515913,49.4421619],[17.8517058,49.4419351],[17.852102,49.4411506],[17.852083,49.4411074],[17.8513823,49.4396751],[17.8524443,49.4382708],[17.8530054,49.4378678],[17.8530148,49.4378323],[17.8531934,49.4378541],[17.8532491,49.437712],[17.853392,49.4375538],[17.853829,49.4376548],[17.8538458,49.4376202],[17.8550946,49.4379108],[17.8551725,49.4379289],[17.856033,49.4379727],[17.8575519,49.4379283],[17.8600646,49.4377586],[17.8601316,49.4375296],[17.8608419,49.4372281],[17.8623572,49.4364591],[17.8624447,49.4364346],[17.8631158,49.435932],[17.8631041,49.4358493],[17.863524,49.4354157],[17.8645993,49.4334624],[17.8654392,49.4329974],[17.8654802,49.4330031],[17.8656476,49.4331471],[17.8658055,49.4332829],[17.8679848,49.4351062],[17.8676814,49.4352284],[17.867065,49.4361609],[17.8668483,49.4364241],[17.8666703,49.436571],[17.8665879,49.4366391],[17.8664356,49.4368979],[17.8662011,49.4370967],[17.8661917,49.437232],[17.8660572,49.4373578],[17.8660278,49.4375886],[17.8661,49.4376025],[17.8659631,49.4380977],[17.865895,49.4382548],[17.8659687,49.4383585],[17.866943,49.4390765],[17.8670251,49.4391291],[17.8675908,49.4393873],[17.8680838,49.4391309],[17.8694606,49.4412877],[17.8694772,49.4413261],[17.8699308,49.4417787],[17.8701648,49.4419617],[17.8702852,49.4420494],[17.8705564,49.4423011],[17.8708652,49.4424582],[17.871006,49.4425189],[17.8713142,49.4426328],[17.8716135,49.4427361],[17.8721478,49.4428315],[17.8722859,49.4428692],[17.8725725,49.4429743],[17.8725958,49.4431659],[17.8725412,49.4431728],[17.872668,49.4434446],[17.8721372,49.4444212],[17.8727974,49.4451359],[17.8727496,49.4451994],[17.8724178,49.4456415],[17.8701022,49.4449191],[17.8663576,49.44459],[17.8660143,49.4445599],[17.8659634,49.4445707],[17.865946,49.4445744],[17.8660795,49.4448638],[17.8646801,49.4451361],[17.8646322,49.4451567],[17.8629619,49.4458785],[17.8624768,49.4457046],[17.8614107,49.4467579],[17.8613814,49.4468003],[17.8612567,49.44691],[17.8612395,49.4469023],[17.8610817,49.4468218],[17.8603765,49.4464599],[17.860156,49.4463454],[17.8585595,49.4479549],[17.8582723,49.4481612],[17.8579265,49.4481127],[17.8578883,49.44825],[17.8577784,49.4482287],[17.8569472,49.4493695],[17.8560313,49.4506269],[17.8560193,49.4506806],[17.8558205,49.4510923],[17.8550796,49.4514385],[17.8549645,49.4514038],[17.8524756,49.4537493],[17.8527432,49.4540129],[17.8526676,49.4541017],[17.8525923,49.45419],[17.852353,49.4544712],[17.8523142,49.4545167],[17.8522201,49.4553683],[17.852556,49.4555154],[17.8531423,49.4564448],[17.8528744,49.4566648],[17.8521551,49.4570241],[17.8544643,49.4584665],[17.8546914,49.4584962],[17.8549599,49.4586562],[17.8553231,49.4588512],[17.8559154,49.4591202],[17.856227,49.4592507],[17.856388,49.4593006],[17.8562494,49.4594953],[17.856307,49.4595155],[17.8567517,49.4596856],[17.8570995,49.4598164],[17.857123,49.4598279],[17.8577465,49.4599776],[17.8580211,49.4601394],[17.8585415,49.4604473],[17.8584432,49.4605421],[17.8598208,49.4611494],[17.860076,49.4612571],[17.8601247,49.4612861],[17.8604101,49.4612844],[17.8614956,49.4617436],[17.8615181,49.4617962],[17.8614794,49.4618335],[17.8612328,49.4623777],[17.8611424,49.4624512],[17.8627487,49.4638837],[17.8625514,49.4642941],[17.8624,49.4641953],[17.8622605,49.4641652],[17.8607226,49.464271],[17.8567389,49.4633313],[17.8554396,49.46309],[17.8553711,49.463078],[17.8552281,49.4632489],[17.8512322,49.4612291],[17.8486951,49.4649499],[17.8486923,49.464973],[17.8481032,49.4649839],[17.8481368,49.4650967],[17.8476549,49.4656129],[17.8476359,49.4656364],[17.8476858,49.4656668],[17.8478805,49.4658409],[17.8478668,49.4658729],[17.8475539,49.4659281],[17.8475795,49.4660726],[17.8471642,49.4663908],[17.8472378,49.4664761],[17.8471337,49.4669681],[17.8467099,49.4672726],[17.8469808,49.4674139],[17.8469875,49.4675208],[17.8465687,49.4677895],[17.8448374,49.4676762],[17.8444984,49.467708],[17.8434957,49.4674822],[17.8435926,49.4672669],[17.8429376,49.4673672],[17.8427243,49.4674074],[17.8427914,49.4671546],[17.8426626,49.4670836],[17.8425621,49.4671244],[17.8424436,49.4671444],[17.8423529,49.467148],[17.8419927,49.4671446],[17.8417692,49.467207],[17.8416467,49.4672057],[17.8416259,49.4671729],[17.8414559,49.4669511],[17.8413427,49.4669048],[17.8412823,49.4668575],[17.8409833,49.466787],[17.8408092,49.4667999],[17.8407534,49.4666932],[17.8406064,49.46668],[17.8402971,49.4668093],[17.8401082,49.4667565],[17.8400553,49.4667503],[17.8399597,49.4667477],[17.8397882,49.466846],[17.8396972,49.4668627],[17.839594,49.4668644],[17.8394589,49.4668546],[17.8393258,49.4668633],[17.8389592,49.4669528],[17.8388414,49.466963],[17.8387771,49.4669738],[17.8386358,49.4670417],[17.8385493,49.4670711],[17.8384715,49.4670959],[17.8382861,49.4670443],[17.8381837,49.4670357],[17.8381039,49.4670485],[17.8379792,49.4669726],[17.8377083,49.4671214],[17.8371842,49.4672346],[17.8371633,49.4672347],[17.8369196,49.4672098],[17.836683,49.4671941],[17.8366651,49.4671933],[17.8365474,49.4671049],[17.8361955,49.4671197],[17.8360397,49.4671262],[17.8359002,49.4671409],[17.8357896,49.4671558],[17.8355625,49.4670715],[17.8353258,49.4670041],[17.8350579,49.4669594],[17.8349793,49.4669579],[17.8347898,49.4669611],[17.8345216,49.4669638],[17.8342473,49.4670941],[17.8340975,49.4672005],[17.8340482,49.4673223],[17.8337298,49.4674263]]]}},{"type":"Feature","properties":{"SKNAZEV":"oblast a osa","OBTYPNAZEV":"AKC","DRUH_O_AKC":"AOV","ID_LOKAL":29,"OZNACENI_P":"AOV29","UO":1,"VYKON":231,"UROVEN":"URP","ID_NDOK":null,"NAZEV_NDOK":null,"NAZEV":"Býškovice","ZM_CISLO_P":2,"EUP_KOD_P":22907,"ZAPIS":"ZMZA","JE_AKTUALNI":true,"STAV_VYBERU":"ponechana"},"geometry":{"type":"Polygon","coordinates":[[[17.8134961,49.5107428],[17.8111132,49.5101424],[17.8107274,49.5100384],[17.8104673,49.5098965],[17.8101623,49.5098001],[17.8100247,49.5097015],[17.8099156,49.5096028],[17.8096171,49.5093863],[17.8095093,49.5093391],[17.8094608,49.5093273],[17.8090433,49.5091306],[17.8088426,49.5092584],[17.8087159,49.5092546],[17.8086138,49.5093854],[17.8083161,49.5094048],[17.8081218,49.5094801],[17.8080202,49.5094796],[17.8078445,49.5094749],[17.8076704,49.5094258],[17.8074278,49.5094398],[17.8067245,49.5069722],[17.8039315,49.5069107],[17.8011502,49.5065997],[17.8011258,49.5065589],[17.7994646,49.5063925],[17.7994892,49.5062791],[17.7985157,49.5062377],[17.7984573,49.5061187],[17.7983208,49.505973],[17.7982347,49.5055832],[17.7981718,49.5053566],[17.798292,49.505243],[17.7981582,49.5052363],[17.7983466,49.505089],[17.7986149,49.5049237],[17.7986513,49.5049012],[17.7987793,49.504701],[17.7988071,49.5046574],[17.7988291,49.5046033],[17.7989138,49.5045089],[17.7983978,49.5045141],[17.7986858,49.5043272],[17.7989884,49.5041308],[17.7991623,49.5038826],[17.7985255,49.5028627],[17.7986914,49.5026485],[17.7989083,49.5023987],[17.7992852,49.5019682],[17.7996321,49.5015475],[17.799738,49.5013869],[17.7997997,49.5012501],[17.7999341,49.5011122],[17.8000037,49.5007559],[17.8000325,49.5004588],[17.8001408,49.5003545],[17.8002739,49.5003313],[17.8004177,49.5003203],[17.8007646,49.5003105],[17.8011077,49.500294],[17.8014813,49.5002682],[17.8026557,49.5005853],[17.8035106,49.5007245],[17.8041902,49.5008304],[17.8044527,49.5008622],[17.8049342,49.500898],[17.805252,49.5009529],[17.805252,49.5012376],[17.8068209,49.5012074],[17.8073197,49.5011718],[17.807377,49.5012208],[17.8073583,49.5014275],[17.807706,49.5013987],[17.8084455,49.5013477],[17.8087079,49.5013745],[17.8105168,49.5010431],[17.8117306,49.5010093],[17.8118012,49.5009708],[17.813596,49.4997765],[17.8141543,49.499337],[17.8149434,49.498585],[17.8158721,49.498537],[17.8159991,49.4972677],[17.8159345,49.4969863],[17.816107,49.4947814],[17.8161151,49.4946801],[17.8159059,49.4947225],[17.8157814,49.4947447],[17.815627,49.4947723],[17.8152743,49.4948107],[17.8144509,49.4919961],[17.8141858,49.4919669],[17.8139251,49.4911966],[17.8119453,49.4894656],[17.8109695,49.4888943],[17.8095887,49.4885371],[17.8091496,49.4885359],[17.8083491,49.4883474],[17.8081184,49.4883293],[17.807309,49.4883521],[17.8062149,49.4882719],[17.8061899,49.4882696],[17.8043749,49.4880287],[17.8031763,49.4879791],[17.8021908,49.48796],[17.8021533,49.4879618],[17.8003238,49.4882539],[17.7986536,49.4889643],[17.796875,49.4902573],[17.7962894,49.4916239],[17.7960653,49.491655],[17.795884,49.4916802],[17.7957052,49.4916929],[17.7956416,49.491686],[17.7950401,49.4914952],[17.7949497,49.4914475],[17.7946376,49.491389],[17.7941788,49.4913342],[17.7939799,49.4913221],[17.7937931,49.4913017],[17.7936017,49.4912809],[17.7934382,49.4912631],[17.7934083,49.4912614],[17.7930689,49.4912415],[17.7927959,49.4912256],[17.7925344,49.4912103],[17.7925081,49.4912087],[17.7922754,49.4912123],[17.7920254,49.491217],[17.7917841,49.491231],[17.7912996,49.4910182],[17.7912466,49.4910056],[17.7909536,49.490936],[17.7907807,49.4908949],[17.7905875,49.4908252],[17.7906348,49.4906767],[17.7902863,49.4906039],[17.790401,49.4902538],[17.7897272,49.4900743],[17.789385,49.489985],[17.7888011,49.4895829],[17.7886902,49.4895669],[17.7882646,49.4894048],[17.7864869,49.4891055],[17.7849861,49.488934],[17.7826167,49.4890474],[17.7813594,49.4881642],[17.7812748,49.4882115],[17.7801628,49.4889026],[17.7787351,49.4898131],[17.7777728,49.490266],[17.7773012,49.4902151],[17.7768544,49.4905268],[17.776583,49.4905284],[17.7759998,49.4902573],[17.7754136,49.4902346],[17.7745909,49.4903321],[17.7733215,49.4881506],[17.7730275,49.4870629],[17.7731188,49.487126],[17.7731017,49.4870524],[17.7730141,49.4861354],[17.7716281,49.4847983],[17.7699697,49.4832795],[17.7699136,49.483253],[17.7698358,49.4832221],[17.769503,49.4827543],[17.7694725,49.4827318],[17.7692553,49.4825557],[17.7689828,49.4823071],[17.768323,49.4816524],[17.7678865,49.4811818],[17.7676055,49.4807765],[17.7675764,49.480717],[17.766618,49.4803307],[17.766295,49.4801486],[17.766232,49.4799482],[17.7598272,49.4796105],[17.7577334,49.4795357],[17.7574721,49.4795061],[17.755728,49.479754],[17.7554101,49.4798998],[17.7548292,49.4800141],[17.753262,49.4808075],[17.7531087,49.4808868],[17.7529574,49.4809653],[17.7516155,49.4820146],[17.7509766,49.4837617],[17.7500776,49.4841434],[17.7509571,49.4851977],[17.75098,49.4852207],[17.7508113,49.4853762],[17.7514866,49.486089],[17.7517821,49.4864699],[17.7518089,49.486515],[17.7522681,49.4872755],[17.75224,49.4873905],[17.7536983,49.4887297],[17.7533155,49.4891152],[17.7533253,49.4892091],[17.7534147,49.4892247],[17.7531757,49.4894406],[17.7527501,49.4898772],[17.7523945,49.4922379],[17.7522827,49.4922453],[17.7522127,49.4922483],[17.751914,49.4922613],[17.7517605,49.4922568],[17.7510532,49.4922367],[17.750869,49.4922926],[17.7508301,49.4923134],[17.7503148,49.4918608],[17.7491132,49.4914258],[17.7468559,49.4897768],[17.7450025,49.4885611],[17.7448388,49.4887451],[17.7446259,49.4885078],[17.7440462,49.4879711],[17.742847,49.4874902],[17.7425405,49.4874945],[17.7423487,49.4874908],[17.7421441,49.4874791],[17.7419504,49.4874593],[17.7417333,49.4874284],[17.7413038,49.4873551],[17.7399277,49.4880698],[17.738272,49.488014],[17.7381566,49.4880462],[17.7380533,49.4880709],[17.7380374,49.4880777],[17.7378012,49.4881349],[17.7376941,49.4881598],[17.7375923,49.4881902],[17.7374182,49.4882344],[17.7373636,49.4882518],[17.7372873,49.4882704],[17.7370583,49.4883384],[17.736281,49.4883107],[17.7352597,49.4884449],[17.7347277,49.4885273],[17.7327669,49.4888719],[17.7321671,49.4889637],[17.7320678,49.4889887],[17.7303406,49.4895521],[17.7301507,49.48957],[17.7295841,49.4896986],[17.7292339,49.4897927],[17.729179,49.489809],[17.7292154,49.4898997],[17.7288074,49.4900066],[17.728701,49.4900369],[17.7283823,49.4901503],[17.728452,49.4902523],[17.7282415,49.4903145],[17.7274438,49.4905339],[17.7270546,49.4906517],[17.7273006,49.4909815],[17.7272085,49.4910054],[17.7269388,49.491089],[17.7260997,49.4919799],[17.7256414,49.492308],[17.7247823,49.4928621],[17.7245852,49.4929567],[17.724627,49.4931208],[17.7242007,49.4933203],[17.7238807,49.4935524],[17.7220952,49.4941114],[17.7184935,49.4941652],[17.7175903,49.4941524],[17.717686,49.4936436],[17.717825,49.4929047],[17.717674,49.4919114],[17.7174069,49.4901534],[17.7173842,49.4900094],[17.717229,49.4891486],[17.7172376,49.4890383],[17.7172341,49.4890158],[17.7169168,49.489092],[17.716817,49.4870182],[17.716193,49.4871578],[17.7161063,49.4871307],[17.7154686,49.4854352],[17.715388,49.4853719],[17.7153636,49.4853071],[17.7147563,49.4836919],[17.7102878,49.4814588],[17.7098763,49.4814144],[17.7098374,49.4815136],[17.7096027,49.4815537],[17.7094073,49.4816673],[17.7048982,49.48172],[17.7039449,49.4828104],[17.703856,49.4828484],[17.7037379,49.4829835],[17.7004298,49.4829163],[17.6999834,49.4827727],[17.6993288,49.4825229],[17.6971959,49.4835965],[17.6960491,49.4849827],[17.6949868,49.4851176],[17.6949552,49.4852891],[17.6949142,49.4853082],[17.6947001,49.4854887],[17.6942813,49.4860146],[17.6941825,49.4861367],[17.6939724,49.4863894],[17.6939267,49.4864558],[17.693945,49.4865364],[17.6939065,49.486542],[17.6938979,49.4866707],[17.6938641,49.4867796],[17.6937196,49.4870478],[17.693645,49.4871242],[17.6934766,49.4872294],[17.6934078,49.487246],[17.6933064,49.4872667],[17.6932543,49.4872892],[17.6931783,49.4873616],[17.6926437,49.4879869],[17.6918911,49.4888946],[17.690829,49.49018],[17.6907232,49.4902873],[17.6906725,49.4903237],[17.6906194,49.4903648],[17.6904597,49.4903447],[17.6882241,49.4901399],[17.6882993,49.489959],[17.6866601,49.4885538],[17.6868208,49.4882462],[17.6869987,49.4879057],[17.6871496,49.487575],[17.6872283,49.4874215],[17.6873196,49.487272],[17.6873911,49.4871322],[17.6876977,49.4864849],[17.6879012,49.4860539],[17.688128,49.4855734],[17.6882653,49.4852824],[17.6883752,49.4850496],[17.6884135,49.4849686],[17.6885634,49.4848059],[17.6887751,49.4846674],[17.6890073,49.4845759],[17.6895035,49.4844752],[17.6881763,49.4841275],[17.6880146,49.4833072],[17.6880926,49.4829219],[17.6892166,49.4801126],[17.6892769,49.4800914],[17.6918102,49.4789228],[17.6918024,49.4787697],[17.6917554,49.478402],[17.6916953,49.478244],[17.6917728,49.4781844],[17.6918097,49.4781775],[17.6918614,49.4781605],[17.691941,49.4781168],[17.6933911,49.477442],[17.6935742,49.4774757],[17.6947289,49.4763444],[17.6954042,49.475679],[17.6953369,49.4749376],[17.6955586,49.4745755],[17.6958552,49.4740916],[17.6960421,49.4738494],[17.6962747,49.4736244],[17.6966644,49.4733081],[17.6969005,49.4730729],[17.6971955,49.4726572],[17.6973331,49.4724445],[17.6973457,49.4721385],[17.6976813,49.4716883],[17.6977366,49.4715667],[17.6976133,49.4714921],[17.6972436,49.47148],[17.6973673,49.4704427],[17.6976791,49.4704633],[17.6978836,49.4704108],[17.6981796,49.4703015],[17.6983914,49.4702752],[17.6986956,49.469991],[17.6988352,49.4699216],[17.6989549,49.4698812],[17.6989831,49.4699263],[17.6991269,49.4698812],[17.6994692,49.4699281],[17.7001993,49.4702379],[17.7006376,49.470396],[17.7010173,49.4705081],[17.701229,49.4705706],[17.7014938,49.4706322],[17.7017259,49.4706651],[17.7018195,49.4706087],[17.7021006,49.4707006],[17.7024129,49.4707974],[17.7031715,49.4710076],[17.7033921,49.4710687],[17.7036835,49.4711494],[17.7043166,49.4713248],[17.7046357,49.4714132],[17.7050978,49.4715412],[17.7052555,49.4715848],[17.7053186,49.4716022],[17.7057941,49.4717339],[17.7061781,49.4718403],[17.7065165,49.471934],[17.7077135,49.4722546],[17.7078285,49.4723658],[17.7092303,49.4733409],[17.7093255,49.4734028],[17.7094835,49.4734312],[17.7100573,49.473712],[17.7109929,49.4741478],[17.7114678,49.4743165],[17.7129781,49.4748327],[17.7131943,49.4748655],[17.7132489,49.474866],[17.7134089,49.4748676],[17.7134604,49.4748683],[17.7135917,49.4748658],[17.7137421,49.4748637],[17.7138046,49.4748626],[17.7140981,49.4748389],[17.7144509,49.4747926],[17.7146765,49.4747409],[17.7149431,49.4746577],[17.7151399,49.4745885],[17.7190887,49.4748713],[17.7196862,49.4743685],[17.7199417,49.4742459],[17.7214733,49.4741806],[17.7222544,49.4737396],[17.722921,49.4733635],[17.7231031,49.4733181],[17.7231104,49.473272],[17.7238267,49.4728755],[17.7251156,49.4721617],[17.7254068,49.4720004],[17.726044,49.4716329],[17.7259424,49.4715648],[17.7261648,49.4714535],[17.7266629,49.4712064],[17.7271755,49.4709521],[17.7262778,49.4697403],[17.7267877,49.4696621],[17.7268907,49.4696019],[17.7272147,49.4695978],[17.727254,49.4695013],[17.7273683,49.4694525],[17.7289912,49.4673857],[17.729327,49.4669574],[17.7291948,49.4668522],[17.7288249,49.4667647],[17.7285564,49.4666879],[17.7283919,49.4666359],[17.7280341,49.466673],[17.727914,49.4666573],[17.727469,49.4662378],[17.727152,49.4661293],[17.7270551,49.4661176],[17.7267572,49.4658064],[17.7259934,49.464233],[17.7249006,49.4624836],[17.7232787,49.4609159],[17.7222439,49.4609393],[17.7219949,49.460925],[17.7218225,49.4608691],[17.7214683,49.4605183],[17.7212679,49.4605006],[17.7210211,49.4604787],[17.7209795,49.4604938],[17.7209306,49.4604858],[17.7208345,49.4604817],[17.7207906,49.4604735],[17.7207206,49.4604346],[17.7188476,49.4601191],[17.7187587,49.4601227],[17.7184916,49.460078],[17.7184188,49.4600468],[17.7180962,49.4599909],[17.7152574,49.4599161],[17.7151784,49.4598983],[17.7142629,49.461068],[17.7141522,49.4612311],[17.7141121,49.4614646],[17.7137506,49.4618559],[17.7104934,49.4621933],[17.7101756,49.4620207],[17.7099647,49.4618988],[17.7094564,49.4614712],[17.7088361,49.4609493],[17.7079018,49.4601632],[17.707471,49.4598007],[17.7072629,49.4596258],[17.7067897,49.4592275],[17.7061652,49.4587171],[17.7044005,49.4572988],[17.7043697,49.4541572],[17.706081,49.4529062],[17.7062683,49.4527705],[17.7062766,49.4526947],[17.7062552,49.4526149],[17.7061934,49.4523848],[17.7061702,49.4522002],[17.7061491,49.4520329],[17.70616,49.4519935],[17.7061741,49.4519427],[17.7060637,49.4519232],[17.7060134,49.4518498],[17.7059461,49.4518186],[17.7048302,49.4507699],[17.7086773,49.4499101],[17.7086741,49.449826],[17.7087284,49.4497717],[17.7087128,49.4489062],[17.7088669,49.4483448],[17.7089774,49.4483579],[17.7090247,49.4481999],[17.7095426,49.445821],[17.7087402,49.4439343],[17.7063435,49.4414308],[17.7058772,49.4405591],[17.706152,49.44049],[17.706151,49.4383649],[17.706369,49.4383152],[17.7066606,49.4382202],[17.7061156,49.4363408],[17.7073644,49.4359598],[17.7077872,49.4358071],[17.7093264,49.4366365],[17.7094399,49.4367383],[17.7137816,49.4385443],[17.7138737,49.4382252],[17.7159262,49.4381908],[17.7165395,49.4382714],[17.7199239,49.4366619],[17.7245021,49.434874],[17.7246571,49.4347778],[17.72467,49.4347219],[17.7248748,49.4345089],[17.7249181,49.434485],[17.7249668,49.4344271],[17.7247399,49.4343739],[17.7246256,49.4343475],[17.7244617,49.4342825],[17.7244094,49.4342651],[17.7242829,49.4342157],[17.7241779,49.4341726],[17.7238957,49.434057],[17.7245001,49.4336698],[17.7242936,49.4328962],[17.7261707,49.4299691],[17.7263384,49.429927],[17.7262906,49.4293868],[17.7278245,49.4291193],[17.7278994,49.4290432],[17.728053,49.4290531],[17.7283244,49.4292069],[17.7286564,49.4293949],[17.7289402,49.4295069],[17.7315972,49.4273574],[17.7337014,49.4282568],[17.7339235,49.4277583],[17.7339559,49.4276855],[17.735303,49.4281077],[17.7353622,49.4281263],[17.7356782,49.42826],[17.7374116,49.4292296],[17.7377696,49.4292512],[17.7415491,49.4326458],[17.7438083,49.4340715],[17.7452614,49.4364751],[17.7455078,49.4365274],[17.745671,49.4365354],[17.7458048,49.4365204],[17.7459154,49.4364957],[17.7459634,49.4364773],[17.7460379,49.4365133],[17.7461692,49.4365933],[17.7467139,49.4367259],[17.7470362,49.4369918],[17.7482954,49.4380946],[17.749272,49.4377097],[17.749545,49.4376564],[17.7496419,49.4375678],[17.7497176,49.4375744],[17.7512403,49.4389666],[17.7513871,49.4392671],[17.7514986,49.4394958],[17.751569,49.4396398],[17.7521518,49.4397142],[17.7519375,49.4397575],[17.7518512,49.4398026],[17.7513601,49.4400172],[17.7511422,49.440128],[17.7509288,49.4402582],[17.7470832,49.4397959],[17.7452783,49.4403705],[17.7442703,49.4403094],[17.7394373,49.4416324],[17.7340099,49.4426084],[17.730031,49.4425682],[17.7296453,49.4422977],[17.7292297,49.4421007],[17.7289165,49.4420051],[17.7274905,49.4416595],[17.726462,49.4412301],[17.7257256,49.4409854],[17.7256417,49.4409883],[17.725353,49.4409614],[17.7250744,49.4409409],[17.7248204,49.4409974],[17.7242178,49.4412849],[17.7239824,49.4414376],[17.7238503,49.4415005],[17.7234858,49.4415866],[17.7234242,49.4415981],[17.7231932,49.4416135],[17.7231332,49.4416175],[17.7228846,49.4415942],[17.7226439,49.4415611],[17.722311,49.4415283],[17.7220427,49.4415221],[17.7219621,49.4415415],[17.7215702,49.4418336],[17.7214454,49.4418879],[17.7213272,49.4418955],[17.7204454,49.4421841],[17.7203394,49.4422472],[17.7202159,49.4423768],[17.7201196,49.4424169],[17.7200271,49.4424174],[17.7199355,49.4423952],[17.7196233,49.4421392],[17.719532,49.4421024],[17.7194163,49.4420788],[17.7188565,49.442051],[17.7188008,49.442047],[17.7183644,49.4419909],[17.7180568,49.442042],[17.7178623,49.4421017],[17.7177364,49.4421149],[17.7175103,49.4425159],[17.7152238,49.4455524],[17.7141355,49.4453162],[17.7140768,49.4460354],[17.713966,49.4483729],[17.7136286,49.4485606],[17.7138383,49.4494139],[17.7138807,49.4495],[17.7139277,49.4496764],[17.7139383,49.4497698],[17.7143193,49.4507995],[17.7153185,49.4508074],[17.7153205,49.4518325],[17.7175808,49.4521921],[17.7198934,49.4530439],[17.719906,49.4532738],[17.7217636,49.4539385],[17.7224945,49.4538227],[17.7246416,49.4540449],[17.7259138,49.4535981],[17.7288026,49.4544373],[17.728985,49.4538346],[17.7291078,49.4532419],[17.7292997,49.4532399],[17.7301732,49.4532489],[17.730237,49.4532549],[17.7329326,49.4535969],[17.7330121,49.4536336],[17.7342389,49.453708],[17.7349726,49.4537526],[17.7350941,49.4537599],[17.7366809,49.4538562],[17.7383986,49.4539604],[17.7405744,49.4529422],[17.7406825,49.4529113],[17.7408563,49.4529478],[17.7409886,49.4529891],[17.7411237,49.453032],[17.7413112,49.4531297],[17.7413307,49.4532078],[17.7412808,49.4533584],[17.7413264,49.4533766],[17.741289,49.4534378],[17.7415052,49.4535579],[17.7416825,49.4536403],[17.7419875,49.4538165],[17.7422044,49.4539728],[17.7424084,49.4541153],[17.7425756,49.454252],[17.7427421,49.4544151],[17.7429623,49.4546844],[17.7432456,49.4549927],[17.7433622,49.4554125],[17.7434685,49.4555638],[17.7435318,49.4556597],[17.7436013,49.455979],[17.7438295,49.4558001],[17.74393,49.4559055],[17.7440209,49.4560216],[17.7441045,49.4561517],[17.7441573,49.4562075],[17.7442117,49.456266],[17.7442328,49.4562458],[17.74469,49.4560742],[17.7447476,49.4561348],[17.7448127,49.4561938],[17.7450422,49.4564055],[17.7451591,49.4565061],[17.7452556,49.4565922],[17.7450138,49.4567575],[17.7448878,49.4566662],[17.7445407,49.4569914],[17.7445112,49.4570335],[17.7443423,49.457008],[17.7442443,49.4570409],[17.7438201,49.4569865],[17.7433063,49.4587467],[17.7428163,49.4588077],[17.7428094,49.4601735],[17.7428206,49.4602934],[17.7427608,49.4622493],[17.7431,49.4622788],[17.7432724,49.4623133],[17.7441077,49.4623816],[17.7441226,49.463333],[17.7485319,49.4655061],[17.7490823,49.467354],[17.7501881,49.4691758],[17.7517928,49.4706432],[17.7527447,49.4709517],[17.7528127,49.4709636],[17.7549184,49.4716548],[17.7549997,49.4716216],[17.755184,49.4716128],[17.7552163,49.4716075],[17.755478,49.4715636],[17.7557931,49.4716017],[17.756086,49.4716371],[17.7562409,49.4716553],[17.7563956,49.4716662],[17.7566629,49.4717062],[17.7569814,49.4717371],[17.7571102,49.4717725],[17.7571044,49.4717017],[17.7571015,49.4716674],[17.7571559,49.4716821],[17.7605452,49.4710483],[17.761538,49.4704619],[17.7616769,49.4704199],[17.7619661,49.4704843],[17.7633144,49.4685632],[17.7633501,49.4684715],[17.7648679,49.4670308],[17.7671959,49.4661142],[17.7673108,49.4661404],[17.7674232,49.4661346],[17.7676506,49.4662258],[17.7679718,49.4663414],[17.7683981,49.4664888],[17.7692586,49.4667929],[17.7695883,49.4669277],[17.7696611,49.4669545],[17.7697614,49.4669805],[17.7698274,49.4669975],[17.7700278,49.4670794],[17.770105,49.4671255],[17.7702868,49.4672729],[17.7692893,49.4678667],[17.769008,49.4681748],[17.7687378,49.4685266],[17.7686466,49.4686321],[17.767891,49.4696469],[17.7676743,49.4700847],[17.7673806,49.4699046],[17.7677653,49.4729036],[17.7679056,49.473997],[17.7680073,49.4739629],[17.7683382,49.4739379],[17.7687698,49.474228],[17.768769,49.474535],[17.7691112,49.4745762],[17.7693777,49.4746911],[17.7694282,49.4749403],[17.7696346,49.474923],[17.769849,49.4750423],[17.7699807,49.4750492],[17.7702486,49.4755177],[17.7710395,49.475857],[17.7714433,49.475898],[17.7718295,49.4760576],[17.7721041,49.4761806],[17.7723175,49.4762434],[17.7725393,49.4762167],[17.7729172,49.4765189],[17.7730484,49.4765569],[17.7731691,49.4766228],[17.774692,49.4770833],[17.7748649,49.4771193],[17.7753091,49.4775875],[17.7751801,49.4776975],[17.7757599,49.4778683],[17.7755228,49.47821],[17.7758951,49.4784966],[17.7761602,49.4785962],[17.7763844,49.4786187],[17.7771402,49.4788205],[17.7777271,49.4789735],[17.7785496,49.479092],[17.7796908,49.4794139],[17.7811804,49.4792029],[17.7825823,49.479149],[17.7830066,49.4790358],[17.7831937,49.4790548],[17.7834673,49.4790888],[17.7836301,49.4791052],[17.7841252,49.478827],[17.7844888,49.4787736],[17.7849441,49.4786048],[17.7850375,49.4787321],[17.7852218,49.4789305],[17.7854129,49.4786572],[17.7854972,49.4785438],[17.7858126,49.4781624],[17.7860126,49.4782117],[17.7861941,49.4783117],[17.786276,49.478045],[17.7863884,49.477991],[17.7864845,49.4779687],[17.7867177,49.4780672],[17.7868101,49.4780507],[17.7870838,49.4774711],[17.7874822,49.477412],[17.7877414,49.4773007],[17.7879645,49.4768222],[17.7880583,49.4766366],[17.7883023,49.4760952],[17.7885822,49.4759331],[17.7893486,49.4761616],[17.7896515,49.4754694],[17.790029,49.4746429],[17.7902139,49.474272],[17.7903819,49.4740151],[17.7900748,49.4738045],[17.7897716,49.4736569],[17.7895328,49.4735814],[17.7896232,49.473359],[17.7899056,49.4728863],[17.790061,49.4725599],[17.7897576,49.472523],[17.7894238,49.4725054],[17.7895411,49.4723483],[17.7903513,49.4717371],[17.790381,49.4717057],[17.7906867,49.4718268],[17.7912805,49.4712473],[17.7913652,49.4711077],[17.7915019,49.470882],[17.7918437,49.4704297],[17.7918262,49.4704236],[17.7920147,49.4701713],[17.7921528,49.4700521],[17.7922866,49.4698595],[17.7932161,49.4692622],[17.7933795,49.4691385],[17.7936969,49.4692686],[17.7966289,49.470384],[17.8000437,49.4713034],[17.8002457,49.4711185],[17.8003179,49.4710811],[17.8009926,49.4713461],[17.8019679,49.4716534],[17.802601,49.4715905],[17.8027606,49.4717294],[17.8028945,49.4719089],[17.8030436,49.4721017],[17.8031096,49.4721967],[17.8031472,49.4722441],[17.8031832,49.4722956],[17.8032135,49.4723331],[17.8032508,49.472379],[17.8031626,49.4724252],[17.8012447,49.4734095],[17.8008171,49.4736856],[17.8009333,49.4737684],[17.8010709,49.4738811],[17.8011933,49.4739929],[17.8009344,49.4741789],[17.8008879,49.4742173],[17.8007443,49.4743127],[17.7998641,49.475036],[17.7982216,49.4772637],[17.7978257,49.4778969],[17.7981984,49.4792685],[17.7982753,49.479419],[17.7980956,49.4794346],[17.798333,49.4800091],[17.7980351,49.4800252],[17.7977973,49.4800642],[17.7975606,49.4801393],[17.797773,49.4803074],[17.7978091,49.4805016],[17.7976371,49.4806162],[17.7974865,49.4806024],[17.7979115,49.4808463],[17.7979946,49.4809407],[17.7981627,49.4812363],[17.7981861,49.4813406],[17.7981997,49.4815066],[17.7989289,49.4818008],[17.7992962,49.4820311],[17.7998635,49.4824287],[17.8002478,49.482411],[17.8012032,49.482636],[17.8022417,49.482824],[17.8029282,49.4829562],[17.8028577,49.4831185],[17.8035262,49.4832197],[17.8037788,49.4832411],[17.8040889,49.4832502],[17.804142,49.4834364],[17.8041406,49.4835609],[17.8041846,49.4835704],[17.8046081,49.4836284],[17.8054115,49.4837661],[17.8058058,49.483863],[17.8062036,49.4839359],[17.8065485,49.483961],[17.8082969,49.4840966],[17.8082799,49.4841506],[17.8095785,49.4842012],[17.8096079,49.4842874],[17.8094684,49.4848758],[17.8114619,49.4849316],[17.8121054,49.485362],[17.8124157,49.4853627],[17.8124054,49.485454],[17.8124067,49.4854927],[17.8124115,49.4855102],[17.8123806,49.4858053],[17.8129018,49.4862704],[17.8132651,49.4862177],[17.8136162,49.4865891],[17.8138629,49.4870783],[17.8141571,49.487096],[17.8189122,49.4877831],[17.8217437,49.4875299],[17.8247151,49.4862297],[17.8258323,49.4853944],[17.8258939,49.4848447],[17.8260662,49.4848489],[17.8262183,49.4848519],[17.8265962,49.4848235],[17.8266083,49.4847378],[17.8266242,49.4846253],[17.8266373,49.4845211],[17.8278629,49.4843968],[17.8291625,49.4844481],[17.8292132,49.4844497],[17.8292063,49.4843091],[17.8292084,49.4842884],[17.835475,49.4863989],[17.8355198,49.4864181],[17.8365478,49.4869951],[17.8368384,49.4871139],[17.8369908,49.4872176],[17.8370417,49.4873486],[17.8373534,49.4874002],[17.8387788,49.4883971],[17.8425077,49.4912494],[17.8424986,49.4913155],[17.8424892,49.4914611],[17.8424822,49.4915214],[17.842475,49.4915844],[17.8404595,49.4916849],[17.8384507,49.4917334],[17.836382,49.4920145],[17.8362477,49.492023],[17.8360445,49.4920979],[17.8358743,49.4921915],[17.8358896,49.4922469],[17.8349385,49.4925852],[17.8348386,49.4925735],[17.8347395,49.4925587],[17.8346368,49.4925434],[17.8345176,49.4925256],[17.834411,49.4925097],[17.8343108,49.4924947],[17.8342076,49.4924794],[17.8340832,49.4924603],[17.8338889,49.4924305],[17.8337971,49.4924178],[17.8337001,49.4924036],[17.8336062,49.4923896],[17.833505,49.4923774],[17.8333978,49.492801],[17.8333854,49.4928299],[17.8332555,49.4931836],[17.8330826,49.4935317],[17.8330415,49.4935234],[17.8330276,49.4935447],[17.8329147,49.4937197],[17.8327912,49.4938711],[17.8327427,49.4939314],[17.8324578,49.4938794],[17.8321479,49.4937508],[17.832126,49.493737],[17.8318555,49.4937816],[17.8318174,49.493825],[17.8318053,49.4938636],[17.8317536,49.494029],[17.8316049,49.4941592],[17.8314313,49.4945327],[17.8314355,49.4946747],[17.831407,49.4947194],[17.8314248,49.4948409],[17.8313939,49.495046],[17.8313641,49.495141],[17.8312589,49.4951957],[17.8312422,49.4952792],[17.8311887,49.4952949],[17.831164,49.4953232],[17.8310795,49.4955234],[17.8310414,49.4958344],[17.8310136,49.4959669],[17.8309892,49.4961496],[17.8309934,49.4961907],[17.8310216,49.4963085],[17.8309665,49.4966087],[17.8308967,49.4969669],[17.8309189,49.4970627],[17.8309049,49.4970912],[17.8308511,49.4973766],[17.8308233,49.4975234],[17.8308603,49.4976697],[17.8308214,49.497698],[17.8308354,49.4977268],[17.8310254,49.4981177],[17.8311174,49.4983071],[17.8311532,49.4984266],[17.8311359,49.4984293],[17.8300912,49.4985959],[17.8296382,49.4989851],[17.8277485,49.4982118],[17.826593,49.498581],[17.8262788,49.4983994],[17.825655,49.4984264],[17.825009,49.4984585],[17.8245021,49.4985033],[17.8244614,49.4984969],[17.8239444,49.4985377],[17.8239169,49.4987385],[17.8214026,49.4993746],[17.8210658,49.4995396],[17.8205367,49.499709],[17.8198723,49.5003181],[17.819874,49.5003616],[17.8196811,49.5004258],[17.81952,49.5004682],[17.819319,49.5005061],[17.8193445,49.5005229],[17.8189736,49.5007524],[17.8175684,49.5017387],[17.8163137,49.5032401],[17.8162314,49.5034039],[17.8161498,49.5040616],[17.8161578,49.5041674],[17.8160071,49.505206],[17.8165319,49.5056009],[17.8164187,49.5058795],[17.8163426,49.5061559],[17.8162901,49.5065273],[17.8162925,49.5066997],[17.8167091,49.5066759],[17.817032,49.5066314],[17.8171273,49.5066182],[17.8172954,49.506706],[17.8174695,49.5072651],[17.8176898,49.5074212],[17.8176519,49.5075929],[17.8176299,49.5076923],[17.8176169,49.5077148],[17.8176947,49.5078571],[17.8178858,49.5079895],[17.8197281,49.5090646],[17.8203228,49.5095425],[17.8203551,49.5098589],[17.8205114,49.5101508],[17.8208537,49.5103442],[17.82083,49.5104699],[17.8207931,49.5106456],[17.8207114,49.5110112],[17.8195783,49.5112147],[17.8183993,49.5113826],[17.8183911,49.5114461],[17.8168711,49.5117797],[17.8163326,49.5117081],[17.8160632,49.5116814],[17.8153564,49.5114133],[17.8151227,49.5113834],[17.8148608,49.5113494],[17.8135325,49.5107414],[17.8134961,49.5107428]]]}},{"type":"Feature","properties":{"SKNAZEV":"oblast a osa","OBTYPNAZEV":"AKC","DRUH_O_AKC":"AOV","ID_LOKAL":24,"OZNACENI_P":"AOV24","UO":1,"VYKON":42,"UROVEN":"URP","ID_NDOK":null,"NAZEV_NDOK":null,"NAZEV":"Lodhéřov","ZM_CISLO_P":2,"EUP_KOD_P":22907,"ZAPIS":"ZMZA","JE_AKTUALNI":true,"STAV_VYBERU":"ponechana"},"geometry":{"type":"Polygon","coordinates":[[[14.9365208,49.2258457],[14.9371481,49.2249282],[14.9369313,49.224819],[14.9370307,49.2247217],[14.9371908,49.2244662],[14.9366538,49.2236718],[14.9366211,49.2236261],[14.9366533,49.2234419],[14.9364329,49.2232771],[14.9370296,49.2219254],[14.9366127,49.2215382],[14.9365966,49.2208631],[14.9366039,49.2208308],[14.9375887,49.2181446],[14.9380765,49.217478],[14.9382119,49.2172264],[14.9384198,49.2168761],[14.9385323,49.2166263],[14.938589,49.2162798],[14.9387643,49.2160588],[14.9392015,49.2155973],[14.9395392,49.2151416],[14.939483,49.2143448],[14.9391802,49.2141736],[14.9378858,49.2119814],[14.9387421,49.2104723],[14.9388101,49.2103803],[14.9400212,49.2091433],[14.9399984,49.2089398],[14.9404026,49.2085396],[14.9409797,49.2080965],[14.941348,49.2077558],[14.9414355,49.2072639],[14.9422913,49.2064846],[14.9423055,49.2064452],[14.9426516,49.2053311],[14.9423348,49.2037621],[14.9420506,49.2027449],[14.9413075,49.2024998],[14.9412271,49.2024949],[14.9411556,49.2025085],[14.941096,49.2025079],[14.940997,49.2025286],[14.9405138,49.2022208],[14.9404854,49.2022012],[14.9403646,49.202075],[14.9403433,49.2020503],[14.9402044,49.2019681],[14.9392424,49.2013817],[14.9391982,49.2011769],[14.9391094,49.2011732],[14.9390493,49.201021],[14.9390149,49.2009805],[14.9390571,49.2009348],[14.9379105,49.2006378],[14.9378638,49.2005073],[14.9379749,49.2004803],[14.9378409,49.2003267],[14.9376469,49.200138],[14.937355,49.1999088],[14.9366746,49.199432],[14.936612,49.1993882],[14.9359116,49.1996744],[14.9356586,49.1997621],[14.935532,49.1997864],[14.9298063,49.198148],[14.929805,49.1980801],[14.9301218,49.1980516],[14.931069,49.1980145],[14.9318479,49.1979529],[14.931733,49.1979405],[14.9316474,49.1979384],[14.9315335,49.1979359],[14.9314457,49.197925],[14.9313252,49.1978934],[14.9312151,49.1978869],[14.9311359,49.1978793],[14.931036,49.1978397],[14.9309292,49.1978049],[14.9308254,49.197783],[14.9307475,49.1977578],[14.9307121,49.1977348],[14.9305128,49.1976378],[14.9303656,49.197585],[14.9302893,49.197545],[14.9301296,49.1974914],[14.9300439,49.1974713],[14.9299872,49.1974436],[14.9299444,49.1974228],[14.9298965,49.1973921],[14.9298566,49.1973719],[14.9297156,49.197304],[14.9296581,49.1972875],[14.9295398,49.1972585],[14.9294141,49.197238],[14.9293678,49.1972246],[14.9292702,49.1971588],[14.9297729,49.1971324],[14.9301128,49.1970748],[14.9304331,49.1970077],[14.9309015,49.1968649],[14.9311119,49.196784],[14.9310495,49.196763],[14.9309633,49.1967381],[14.9308142,49.1966613],[14.9307076,49.1966221],[14.9305444,49.1965871],[14.9303785,49.1965343],[14.930271,49.1965186],[14.9302258,49.1965062],[14.9300524,49.1964209],[14.9299302,49.1963708],[14.9297525,49.1962565],[14.9297062,49.1962299],[14.9295947,49.1961767],[14.9295275,49.196133],[14.9294241,49.1960699],[14.9293115,49.1959858],[14.9292023,49.1958762],[14.9291248,49.1958152],[14.929054,49.1957661],[14.9289285,49.195683],[14.9288214,49.1955885],[14.928697,49.1954522],[14.9286774,49.1954337],[14.9292917,49.1952882],[14.929886,49.1951086],[14.9307374,49.1948111],[14.9314821,49.1950846],[14.9314968,49.1952528],[14.9315227,49.1953939],[14.9315586,49.195448],[14.931655,49.1955088],[14.9320127,49.1955009],[14.9335926,49.195738],[14.9337005,49.1957287],[14.9346276,49.1957217],[14.934675,49.1957408],[14.9356626,49.1960416],[14.9360981,49.1963261],[14.9381,49.196422],[14.9381436,49.1964759],[14.9382605,49.1966706],[14.9383321,49.196692],[14.9384779,49.1966545],[14.9385647,49.1966732],[14.9390835,49.1967851],[14.9392677,49.1968721],[14.9393435,49.1968911],[14.9394697,49.1969226],[14.9395402,49.1968606],[14.9395183,49.1968006],[14.939595,49.1967862],[14.9405557,49.1969332],[14.9413141,49.1970588],[14.9414458,49.1970807],[14.9415618,49.1970999],[14.9422506,49.1972288],[14.9428071,49.1973212],[14.9428531,49.197351],[14.9430392,49.1973152],[14.9445657,49.1975162],[14.9446001,49.1975251],[14.9446086,49.197547],[14.9445473,49.1976121],[14.9446554,49.1976183],[14.9448456,49.197629],[14.944997,49.1975916],[14.9463996,49.1978908],[14.9463178,49.1979975],[14.9464858,49.1979536],[14.9465238,49.1978839],[14.948195,49.1983627],[14.9488294,49.1985411],[14.9470137,49.2001408],[14.9488696,49.2000385],[14.9499235,49.2005156],[14.9511381,49.2007949],[14.9506509,49.2015955],[14.9505218,49.2021171],[14.952116,49.2014469],[14.9532171,49.20158],[14.9542441,49.2023924],[14.9555143,49.2018795],[14.9555929,49.2024174],[14.9557905,49.2038637],[14.955771,49.2044168],[14.9557504,49.2044648],[14.9555847,49.2048192],[14.9553107,49.2054598],[14.9551415,49.2058106],[14.9551282,49.2059074],[14.954583,49.2062212],[14.9545466,49.2066335],[14.9551931,49.2069826],[14.9553679,49.2072835],[14.9555332,49.2077804],[14.955828,49.2084602],[14.9553944,49.2090895],[14.9544287,49.2096996],[14.9545602,49.2107404],[14.9545524,49.2108812],[14.9544758,49.2108931],[14.9542798,49.2110637],[14.9542528,49.2110872],[14.954224,49.2111679],[14.9541709,49.2111587],[14.953601,49.2113386],[14.9531389,49.2116561],[14.9525636,49.2125577],[14.9525394,49.2125804],[14.9522428,49.2130111],[14.952084,49.2130711],[14.9520212,49.2131575],[14.9520507,49.2132109],[14.9520569,49.2132233],[14.9512537,49.213836],[14.9497429,49.2147113],[14.9495147,49.2147042],[14.949384,49.2154956],[14.9489765,49.2163081],[14.948963,49.2164065],[14.9489831,49.2164875],[14.9490274,49.2165737],[14.9491738,49.2166376],[14.9491609,49.2177901],[14.9493848,49.2178606],[14.9492532,49.2178948],[14.9498207,49.2180477],[14.9505631,49.2197327],[14.9511093,49.2210068],[14.9511948,49.2224999],[14.951097,49.222539],[14.9508191,49.2225765],[14.9506635,49.2226379],[14.950527,49.2227344],[14.9504394,49.2227955],[14.9503186,49.2228674],[14.9502324,49.2229039],[14.9501286,49.222963],[14.9501051,49.22299],[14.9500826,49.223025],[14.9499746,49.2231051],[14.9498877,49.2231681],[14.9497096,49.2232739],[14.9495763,49.2233595],[14.9494674,49.2234131],[14.9493607,49.2234666],[14.949176,49.2235898],[14.9491406,49.2236416],[14.9490628,49.2237766],[14.9490267,49.2238],[14.9489813,49.2238186],[14.9488564,49.2238999],[14.9487509,49.2239841],[14.9487153,49.2240243],[14.9486842,49.2240734],[14.9486377,49.2241299],[14.9485949,49.2242367],[14.9485617,49.2242755],[14.9485603,49.2243078],[14.9485741,49.2243235],[14.9486163,49.2243546],[14.9486201,49.2243683],[14.9486084,49.2243717],[14.9485608,49.2243587],[14.9485439,49.2243559],[14.9484344,49.2244019],[14.9483755,49.2244464],[14.9482959,49.2245226],[14.9482116,49.2246432],[14.9481284,49.2247662],[14.9479865,49.2249322],[14.9478054,49.2251227],[14.9476947,49.2252288],[14.9475987,49.2253356],[14.9475853,49.2253504],[14.9475162,49.2253924],[14.9472954,49.2255008],[14.9472007,49.2255638],[14.9471527,49.2256103],[14.9471208,49.2256576],[14.9471329,49.2256887],[14.9471338,49.2256955],[14.947064,49.2257281],[14.9469706,49.2258016],[14.946912,49.2258546],[14.946854,49.2259334],[14.9468198,49.2259761],[14.9467969,49.2260088],[14.9467586,49.2260471],[14.9467333,49.2260852],[14.9467011,49.2260946],[14.9466624,49.2261289],[14.9465416,49.2263154],[14.9465061,49.2264014],[14.9464975,49.2264852],[14.9465041,49.2265819],[14.9465097,49.2266354],[14.9465115,49.2266523],[14.9464979,49.2266941],[14.9464725,49.2267657],[14.946483,49.226812],[14.9465054,49.2268376],[14.94652,49.2268576],[14.9465238,49.226885],[14.9465095,49.2269028],[14.9464414,49.2269302],[14.9463791,49.2269456],[14.9463759,49.2269553],[14.9463856,49.2269604],[14.9468793,49.2269842],[14.9470864,49.2270155],[14.9472474,49.2270565],[14.9479137,49.2273061],[14.9484163,49.2274752],[14.9487757,49.2275656],[14.9489379,49.227588],[14.949212,49.2275841],[14.9495152,49.2275384],[14.9499871,49.2274294],[14.9499874,49.2274636],[14.9497824,49.2285086],[14.948357,49.2295904],[14.948684,49.2297229],[14.9488968,49.2298241],[14.9514156,49.2310027],[14.951993,49.2315114],[14.9525427,49.2320192],[14.9524762,49.232061],[14.9514942,49.2326838],[14.9512329,49.2328259],[14.9509882,49.2329266],[14.9503358,49.2330207],[14.9495682,49.2330139],[14.9467439,49.2331722],[14.94653,49.2330639],[14.9464525,49.2330975],[14.9462238,49.2332932],[14.9455757,49.2336656],[14.9453773,49.2338526],[14.9450793,49.2341095],[14.9449331,49.2341896],[14.9448047,49.2342598],[14.9438918,49.2342508],[14.9436964,49.2342717],[14.9435368,49.2343194],[14.9435234,49.2342821],[14.9435279,49.2341499],[14.9417533,49.2342511],[14.9411759,49.2339428],[14.9413086,49.2338482],[14.940982,49.2323423],[14.9400362,49.2323804],[14.9396951,49.2323758],[14.9395509,49.2323738],[14.9391508,49.2316211],[14.9390567,49.2314499],[14.9389176,49.231325],[14.938717,49.2310684],[14.9385415,49.2309017],[14.9367069,49.2299274],[14.9367345,49.2296278],[14.9369332,49.2291675],[14.9369366,49.2287852],[14.9389721,49.2286706],[14.9394884,49.2286264],[14.9402655,49.2284963],[14.9400656,49.2283348],[14.938779,49.2276892],[14.937772,49.2267268],[14.9367905,49.2261876],[14.9364764,49.2259331],[14.9365208,49.2258457]]]}},{"type":"Feature","properties":{"SKNAZEV":"oblast a osa","OBTYPNAZEV":"AKC","DRUH_O_AKC":"AOV","ID_LOKAL":25,"OZNACENI_P":"AOV25","UO":1,"VYKON":28,"UROVEN":"URP","ID_NDOK":null,"NAZEV_NDOK":null,"NAZEV":"Zahrádka","ZM_CISLO_P":2,"EUP_KOD_P":22907,"ZAPIS":"ZMZA","JE_AKTUALNI":true,"STAV_VYBERU":"ponechana"},"geometry":{"type":"Polygon","coordinates":[[[13.1951152,49.8697183],[13.1964438,49.8697623],[13.1972516,49.8696751],[13.1981821,49.8695585],[13.1987277,49.8695197],[13.1992455,49.8694622],[13.1993843,49.8694751],[13.1996424,49.869247],[13.199697,49.869098],[13.1996967,49.8688257],[13.1994619,49.8680838],[13.1994713,49.8675806],[13.1995989,49.8674228],[13.1997769,49.8663269],[13.1998246,49.8663605],[13.199895,49.866357],[13.2015111,49.8662439],[13.2031363,49.8665713],[13.2057154,49.8656373],[13.2073039,49.8645572],[13.2076272,49.8646509],[13.2077441,49.8647046],[13.2078103,49.8647412],[13.2079334,49.864817],[13.2100699,49.8653556],[13.2101705,49.8655005],[13.2104046,49.8657517],[13.2119389,49.8652267],[13.2137104,49.8654099],[13.2137999,49.8654739],[13.2138753,49.8655836],[13.2139485,49.8652707],[13.2151699,49.8656714],[13.2160791,49.8655758],[13.2161495,49.8656097],[13.2173811,49.8657971],[13.2189304,49.8659815],[13.2189932,49.8658547],[13.2190304,49.8658351],[13.2191538,49.865944],[13.2243088,49.8662622],[13.2243598,49.8662261],[13.2252565,49.8656688],[13.226593,49.8669481],[13.2266698,49.8669789],[13.2267433,49.8671464],[13.2270861,49.8683015],[13.2273347,49.8684587],[13.2272374,49.8684846],[13.2273983,49.8690173],[13.227545,49.8690943],[13.2279159,49.870485],[13.2284373,49.8710287],[13.2286693,49.8709128],[13.2287023,49.8708631],[13.2289139,49.8707864],[13.2289349,49.8708125],[13.2290986,49.870929],[13.229696,49.8710283],[13.2304353,49.8713178],[13.2306101,49.8713774],[13.2305854,49.8714345],[13.2305952,49.8714406],[13.2306438,49.8714492],[13.230712,49.8713798],[13.2306434,49.8715337],[13.2306611,49.8715985],[13.2309837,49.8719075],[13.2310502,49.8719889],[13.2371168,49.8754731],[13.2371914,49.8754837],[13.2357926,49.875922],[13.2389934,49.8791493],[13.2390336,49.8791757],[13.2382068,49.8795324],[13.2374043,49.8798025],[13.2369359,49.8799443],[13.236649,49.8801061],[13.2364399,49.8802005],[13.2358161,49.8804103],[13.2353608,49.8806527],[13.2349831,49.8809006],[13.2343421,49.881166],[13.2322461,49.883451],[13.232443,49.8836187],[13.232346,49.8836252],[13.2300824,49.8842374],[13.2283712,49.8848833],[13.2276244,49.8848827],[13.226751,49.8849615],[13.2267049,49.8849211],[13.2251474,49.8848219],[13.2252168,49.8845795],[13.2247991,49.8845328],[13.2247332,49.8845263],[13.2246581,49.8845188],[13.2245384,49.884503],[13.224497,49.8845834],[13.2244542,49.8846667],[13.2235278,49.8844852],[13.2230995,49.8843157],[13.2227543,49.8841635],[13.2228661,49.8840646],[13.2225942,49.8839085],[13.2227092,49.883817],[13.2228065,49.8837292],[13.2237394,49.8838048],[13.2237666,49.8836983],[13.2231555,49.883415],[13.222073,49.8830589],[13.2219067,49.8828567],[13.2247777,49.8830503],[13.224865,49.8828794],[13.225057,49.8827386],[13.2251105,49.882534],[13.2244726,49.8821814],[13.225396,49.8816473],[13.2254581,49.8813025],[13.2255013,49.881279],[13.2257218,49.8812481],[13.2257248,49.8812184],[13.2258053,49.8811969],[13.2262316,49.8808943],[13.2271141,49.8804948],[13.2270278,49.8803193],[13.2272476,49.8802425],[13.2274057,49.8802147],[13.2281143,49.8798834],[13.227636,49.8797295],[13.228054,49.8795147],[13.2279601,49.8793635],[13.2278444,49.8792457],[13.2283768,49.8783317],[13.2288986,49.87794],[13.2288265,49.8772247],[13.2283612,49.8762231],[13.2281553,49.8748967],[13.2283805,49.874443],[13.2282606,49.8742926],[13.2280232,49.8741914],[13.2277524,49.8741399],[13.2262801,49.8729296],[13.2256132,49.8726402],[13.2253501,49.8720203],[13.2251151,49.871976],[13.2248921,49.8719415],[13.2246895,49.8719103],[13.2244955,49.8718805],[13.2241883,49.8717384],[13.2241271,49.8717253],[13.2239627,49.8716943],[13.223723,49.8719524],[13.223039,49.8718211],[13.22239,49.8717718],[13.2220801,49.8717031],[13.2218479,49.8716624],[13.2215213,49.8716075],[13.2213441,49.8715754],[13.2212162,49.8715522],[13.2212134,49.8715789],[13.2197807,49.8715229],[13.2191977,49.8715075],[13.21697,49.8713333],[13.2169089,49.8713233],[13.216449,49.8717085],[13.2162085,49.8717696],[13.2161526,49.8717823],[13.2159077,49.8715909],[13.2155994,49.8713637],[13.2155398,49.8713319],[13.2155182,49.8713271],[13.2153884,49.8712733],[13.2153071,49.8712488],[13.2151674,49.8712248],[13.2150806,49.871198],[13.2150103,49.8711831],[13.214922,49.8711727],[13.2148566,49.8711554],[13.2147026,49.8710902],[13.2146326,49.871073],[13.2144778,49.8710484],[13.2144066,49.8710443],[13.2143796,49.8710507],[13.2143735,49.8710661],[13.2143649,49.8710958],[13.2143482,49.8711215],[13.2142867,49.8711646],[13.2142659,49.8711934],[13.2142721,49.8712577],[13.2142587,49.8712836],[13.2142286,49.8713068],[13.2141738,49.8713259],[13.2140649,49.8713627],[13.2140138,49.871394],[13.2139743,49.8714435],[13.2139554,49.8714955],[13.2139487,49.8715962],[13.2139354,49.871662],[13.2139005,49.8717247],[13.2138805,49.8717836],[13.213878,49.8718892],[13.2138706,49.871931],[13.2138113,49.8719959],[13.2137736,49.8720266],[13.2136978,49.8721501],[13.2136729,49.8721851],[13.2135939,49.8722489],[13.2135692,49.8722821],[13.2135616,49.8723447],[13.2135682,49.872407],[13.213578,49.8724513],[13.2135663,49.8724928],[13.2135456,49.8725849],[13.2135299,49.8726216],[13.2134255,49.8727041],[13.2133761,49.8727289],[13.2133247,49.8727574],[13.2133062,49.872779],[13.213276,49.8728235],[13.2132297,49.8728662],[13.2131732,49.8729027],[13.2131082,49.8729326],[13.2128489,49.8730687],[13.2127033,49.8731208],[13.2126041,49.8731505],[13.2125218,49.8731763],[13.2124515,49.8732309],[13.2124114,49.8732738],[13.2123706,49.8733542],[13.2123421,49.8733823],[13.2122494,49.8734355],[13.2122112,49.8734465],[13.2121658,49.8734484],[13.2121354,49.8734401],[13.2119719,49.8733754],[13.2119043,49.8733402],[13.2118306,49.873638],[13.2117329,49.8737595],[13.2114626,49.8738902],[13.2113725,49.8741088],[13.2113548,49.8741486],[13.2113119,49.8742453],[13.2112238,49.8744723],[13.2111617,49.8746326],[13.2111605,49.8746356],[13.211105,49.8747769],[13.2110577,49.8748972],[13.2110466,49.8749255],[13.2110098,49.8751625],[13.2110004,49.8752231],[13.2109841,49.8754456],[13.2105923,49.87559],[13.2105788,49.875592],[13.2104279,49.8756415],[13.210081,49.8757554],[13.2096904,49.8758953],[13.2094135,49.8759799],[13.2092994,49.8760135],[13.2089626,49.8761126],[13.2086742,49.8762042],[13.2084134,49.8762871],[13.2082646,49.8763559],[13.2073819,49.8766484],[13.2069716,49.8767855],[13.2069624,49.8767886],[13.2069292,49.8767991],[13.2064737,49.8769439],[13.2063138,49.8769947],[13.2061893,49.8770141],[13.2060646,49.8770336],[13.2056948,49.8768548],[13.205555,49.8767925],[13.2054676,49.8768195],[13.205432,49.8768486],[13.2054092,49.8768569],[13.2052125,49.8768495],[13.2051323,49.8768352],[13.2049017,49.8766834],[13.2048652,49.876667],[13.2048083,49.8766255],[13.2047404,49.8765891],[13.2046967,49.8765735],[13.2046646,49.87658],[13.2045669,49.8766081],[13.204539,49.8766188],[13.2045212,49.8766598],[13.2045333,49.8767184],[13.2038055,49.8770463],[13.2037934,49.8770619],[13.2036527,49.8773196],[13.2034014,49.8773053],[13.2026534,49.8769404],[13.202184,49.8770503],[13.2020522,49.8770425],[13.2019511,49.8769761],[13.202379,49.8763766],[13.2021325,49.8762993],[13.2019413,49.8762537],[13.2018713,49.8764494],[13.201543,49.8766454],[13.2012497,49.8765902],[13.2001555,49.8762784],[13.2002264,49.8764244],[13.2000903,49.8763488],[13.1998083,49.8761324],[13.1996151,49.8759931],[13.1995153,49.8759211],[13.1994364,49.8758709],[13.1993892,49.8758134],[13.1993107,49.8757653],[13.1992024,49.8756933],[13.1991773,49.8757092],[13.1990328,49.8758234],[13.1988906,49.8759507],[13.1974675,49.8753587],[13.1973957,49.8753324],[13.1974817,49.8751809],[13.1975349,49.8750696],[13.1975531,49.8750002],[13.1976262,49.8750189],[13.1973937,49.874737],[13.197493,49.874709],[13.19759,49.8745572],[13.197926,49.8747383],[13.19793,49.8747119],[13.1977723,49.8746218],[13.1979614,49.8745157],[13.197967,49.8744799],[13.1979448,49.8743483],[13.1979752,49.8743452],[13.1979321,49.8742646],[13.1977298,49.8740189],[13.1975143,49.8736202],[13.1974646,49.8734226],[13.1974504,49.8733303],[13.1972625,49.872591],[13.1968005,49.8724912],[13.1967147,49.8721933],[13.1966837,49.8721716],[13.1965753,49.8720054],[13.1965707,49.8719399],[13.1965428,49.8719298],[13.1963901,49.8720129],[13.1956784,49.8710903],[13.1952466,49.8706221],[13.1952404,49.8704556],[13.1951083,49.8701002],[13.1950975,49.8700711],[13.1950924,49.8700573],[13.195085,49.8700372],[13.1951152,49.8697183]]]}},{"type":"Feature","properties":{"SKNAZEV":"oblast a osa","OBTYPNAZEV":"AKC","DRUH_O_AKC":"AOV","ID_LOKAL":35,"OZNACENI_P":"AOV35","UO":1,"VYKON":63,"UROVEN":"URP","ID_NDOK":null,"NAZEV_NDOK":null,"NAZEV":"Horní Loděnice","ZM_CISLO_P":2,"EUP_KOD_P":22907,"ZAPIS":"ZMZA","JE_AKTUALNI":true,"STAV_VYBERU":"ponechana"},"geometry":{"type":"Polygon","coordinates":[[[17.3708794,49.735779],[17.3715975,49.7362999],[17.3720104,49.7360914],[17.3722985,49.7363202],[17.3725579,49.7361466],[17.3728179,49.7359781],[17.3729091,49.7360374],[17.3732018,49.7363059],[17.3738355,49.7369904],[17.3738664,49.7370312],[17.374285,49.7370066],[17.3754084,49.7373578],[17.3754069,49.7375347],[17.375459,49.7377596],[17.3756986,49.7378721],[17.3757589,49.7379419],[17.3758852,49.7380997],[17.3761546,49.7383732],[17.3766242,49.7384878],[17.3768039,49.7385817],[17.3771454,49.7386274],[17.3774746,49.7387115],[17.377911,49.7388555],[17.3783005,49.7389324],[17.3776561,49.7399539],[17.3772412,49.7398679],[17.377013,49.7398785],[17.3768245,49.7399617],[17.3766889,49.7401441],[17.3765905,49.7403375],[17.3766274,49.7406578],[17.3765981,49.7407018],[17.3767845,49.7410368],[17.3768884,49.7413307],[17.3768666,49.7416698],[17.376928,49.7418812],[17.3769458,49.7421693],[17.3770982,49.7424762],[17.3770792,49.7426367],[17.3771618,49.7430437],[17.3773429,49.7434424],[17.3759541,49.7441981],[17.3753578,49.7444121],[17.3754787,49.744508],[17.3755749,49.7448694],[17.3755788,49.7450105],[17.3755805,49.7450702],[17.375693,49.7453046],[17.3758183,49.7454197],[17.3761938,49.7456164],[17.3764237,49.7459049],[17.376839,49.7461119],[17.3771118,49.7463357],[17.3773742,49.7465927],[17.377636,49.7469351],[17.3777119,49.7470851],[17.3779675,49.747326],[17.3780279,49.7476065],[17.3781499,49.7478924],[17.3786615,49.748249],[17.3790666,49.7483818],[17.3793621,49.7485204],[17.3796352,49.7485832],[17.3798402,49.7486625],[17.3800924,49.7486525],[17.3801215,49.7490572],[17.380508,49.749488],[17.3805305,49.7495473],[17.3804566,49.7496922],[17.3797636,49.7499643],[17.3791297,49.7502522],[17.3794576,49.7502203],[17.3796916,49.7502142],[17.3798618,49.7503623],[17.3800039,49.7506264],[17.3800236,49.7507649],[17.3801033,49.7509736],[17.3804478,49.7512653],[17.3805062,49.7514805],[17.3806484,49.7518472],[17.3807508,49.7519645],[17.3808275,49.7521165],[17.3808786,49.752261],[17.3809256,49.7524331],[17.3809738,49.7527464],[17.381117,49.752932],[17.3813795,49.7528514],[17.3817928,49.7527708],[17.3819714,49.7526666],[17.382077,49.7525491],[17.3823774,49.7524257],[17.3824443,49.7525042],[17.3825732,49.7528837],[17.3827796,49.7531471],[17.382841,49.753168],[17.3828467,49.7534301],[17.3827478,49.7536993],[17.3829252,49.7537123],[17.3830419,49.7537936],[17.3831385,49.7544008],[17.383357,49.7547843],[17.3835454,49.7550046],[17.3838138,49.7552794],[17.3835789,49.7552637],[17.3834303,49.7552608],[17.383239,49.7553043],[17.3832074,49.755408],[17.383476,49.755846],[17.3838217,49.7567316],[17.3839287,49.756858],[17.3840189,49.7571221],[17.3840692,49.7572305],[17.3840589,49.7573136],[17.3840271,49.7573871],[17.3841031,49.7574623],[17.3845124,49.7576559],[17.3846634,49.7577565],[17.3847708,49.7581254],[17.3848812,49.758568],[17.3859266,49.7594138],[17.3858751,49.7594457],[17.3834321,49.7592062],[17.3823582,49.7590782],[17.3820561,49.7589658],[17.3812001,49.7586775],[17.3762171,49.759935],[17.3761481,49.75993],[17.3760576,49.7599307],[17.3760544,49.7599446],[17.3739605,49.7582296],[17.3717702,49.7593307],[17.3696375,49.7604023],[17.3695797,49.7604317],[17.3695114,49.7604722],[17.3696989,49.7606191],[17.3701493,49.7609962],[17.3704707,49.7612965],[17.3708232,49.7616475],[17.3706034,49.7617675],[17.3706069,49.7618957],[17.3706568,49.7619606],[17.3712915,49.7623117],[17.3714211,49.7623669],[17.3714888,49.7623362],[17.3720568,49.7626945],[17.372568,49.7630616],[17.3727567,49.763221],[17.3728763,49.7633846],[17.3730838,49.7637594],[17.370094,49.7641418],[17.3699815,49.7640295],[17.3696416,49.7638382],[17.369413,49.7637487],[17.3691829,49.7638859],[17.3690338,49.764005],[17.368737,49.7643848],[17.368407,49.7645362],[17.3676887,49.7642967],[17.367323,49.7641939],[17.3668427,49.7640784],[17.3661871,49.7639066],[17.3650808,49.7635715],[17.3635779,49.7631008],[17.362323,49.7626925],[17.3613027,49.7623797],[17.3608793,49.7611365],[17.3582491,49.7592653],[17.3575733,49.7591399],[17.3572924,49.7595262],[17.3548936,49.7584821],[17.354664,49.7583637],[17.349104,49.758451],[17.3453482,49.7581186],[17.3446443,49.7598101],[17.3444333,49.7598108],[17.3441314,49.7596875],[17.343133,49.7591609],[17.3427155,49.7589322],[17.3426331,49.7588599],[17.3424268,49.7587396],[17.3422919,49.7586895],[17.3415303,49.7582518],[17.3411554,49.7580225],[17.3407624,49.7577947],[17.3403735,49.7575712],[17.3400014,49.7573528],[17.3397772,49.7572192],[17.3391379,49.7568387],[17.3390647,49.7567706],[17.3388603,49.756649],[17.3387498,49.7566074],[17.3383466,49.7563699],[17.3370226,49.7555984],[17.3360326,49.7542349],[17.3363778,49.753496],[17.336536,49.7532906],[17.3365114,49.7528741],[17.336566,49.7528211],[17.336141,49.7526356],[17.3360019,49.7525504],[17.335979,49.7525032],[17.3359815,49.7524253],[17.3360634,49.7522835],[17.3361465,49.7522587],[17.3364566,49.7523313],[17.3365498,49.7522603],[17.336895,49.7515583],[17.3369382,49.7513985],[17.3372528,49.7507586],[17.3373199,49.7502996],[17.3373102,49.7502262],[17.3372661,49.7501539],[17.3372406,49.7500698],[17.3372754,49.7498283],[17.3380617,49.7494849],[17.3381816,49.7494919],[17.3387322,49.7481655],[17.3388113,49.7480815],[17.3389592,49.7480333],[17.3392686,49.7480771],[17.3397867,49.7449487],[17.3395111,49.7445728],[17.3396565,49.7440582],[17.3396677,49.7440524],[17.3397253,49.7440277],[17.3406346,49.7447467],[17.3408806,49.7448893],[17.3412073,49.7450701],[17.3416261,49.7452644],[17.3417405,49.7453559],[17.3424794,49.7456236],[17.3425792,49.745659],[17.3428753,49.7457246],[17.3439651,49.7461125],[17.3443664,49.7462547],[17.34456,49.7463297],[17.345083,49.7465753],[17.3452394,49.7466876],[17.34557,49.7470168],[17.3481015,49.7467629],[17.3482358,49.7468242],[17.3492259,49.7467442],[17.3501203,49.7465524],[17.3506041,49.7466317],[17.3509116,49.7467241],[17.3511393,49.746446],[17.3524818,49.7458626],[17.3525135,49.7458596],[17.3527423,49.7458531],[17.3529037,49.7457639],[17.3530375,49.7458317],[17.3533816,49.745961],[17.3537901,49.7460458],[17.3553478,49.7462499],[17.3545611,49.7444964],[17.3550277,49.7442397],[17.3553094,49.7442455],[17.3554677,49.7442746],[17.355583,49.7443052],[17.3561443,49.743812],[17.3563091,49.7436124],[17.3563686,49.7435739],[17.3568593,49.743245],[17.3570587,49.7430734],[17.3563698,49.739622],[17.3563872,49.7395659],[17.3563874,49.7395292],[17.3564242,49.7395276],[17.3564278,49.7392726],[17.3565138,49.738896],[17.3566332,49.7384766],[17.3566305,49.7381456],[17.3567368,49.7376917],[17.3567543,49.7374352],[17.3566528,49.737217],[17.3565132,49.736827],[17.3566251,49.7365329],[17.3566897,49.7363373],[17.3567584,49.7362071],[17.3568326,49.7360862],[17.3573457,49.7361794],[17.3579685,49.736287],[17.3583058,49.7363553],[17.3588263,49.7365371],[17.3595287,49.7367719],[17.3596495,49.7368073],[17.359699,49.7368202],[17.3599321,49.7369025],[17.3605249,49.7370633],[17.3635772,49.737224],[17.3642576,49.7372025],[17.36441,49.7371663],[17.3644789,49.7372204],[17.3649583,49.7375339],[17.3654255,49.7378284],[17.3654628,49.7378523],[17.3655533,49.7379128],[17.3656214,49.7379229],[17.3665696,49.7381095],[17.3667385,49.7381422],[17.3668271,49.7381646],[17.3669003,49.7381658],[17.3669814,49.7381492],[17.3670671,49.738102],[17.3673489,49.737693],[17.3676309,49.7372686],[17.3683396,49.7367423],[17.3689027,49.7364537],[17.3690954,49.7363518],[17.3698462,49.7361376],[17.3700047,49.7360536],[17.3700835,49.7359903],[17.3701255,49.7359152],[17.3701618,49.7357914],[17.3705044,49.7360111],[17.3708794,49.735779]]]}},{"type":"Feature","properties":{"SKNAZEV":"oblast a osa","OBTYPNAZEV":"AKC","DRUH_O_AKC":"AOV","ID_LOKAL":26,"OZNACENI_P":"AOV26","UO":1,"VYKON":60,"UROVEN":"URP","ID_NDOK":null,"NAZEV_NDOK":null,"NAZEV":"Ralsko","ZM_CISLO_P":2,"EUP_KOD_P":22907,"ZAPIS":"ZMZA","JE_AKTUALNI":false,"STAV_VYBERU":"zrusena"},"geometry":{"type":"Polygon","coordinates":[[[14.8759905,50.6047984],[14.877543,50.602331],[14.8787647,50.601439],[14.879686,50.6008336],[14.8811449,50.6000857],[14.882089,50.5993865],[14.8832446,50.5985302],[14.8833285,50.5984972],[14.8839803,50.5992314],[14.8847898,50.5989509],[14.8855051,50.5983661],[14.8872205,50.5981798],[14.8874706,50.5983024],[14.8877931,50.5983229],[14.8883925,50.598361],[14.8893914,50.5982214],[14.8916797,50.5977337],[14.8935819,50.5979009],[14.8937456,50.5981458],[14.8936796,50.5982614],[14.8940936,50.5986262],[14.8945023,50.598784],[14.8945701,50.5989545],[14.8947736,50.5989869],[14.89572,50.598343],[14.8969193,50.5987226],[14.8975214,50.5987878],[14.8981885,50.5988599],[14.8981777,50.5989037],[14.8981581,50.5989837],[14.898151,50.5990129],[14.8981311,50.5990943],[14.897572,50.5993207],[14.8970572,50.5995292],[14.8963108,50.5996836],[14.8950479,50.6005047],[14.8945146,50.6003831],[14.8942198,50.6004959],[14.8941421,50.6005256],[14.8935353,50.6004154],[14.8929903,50.6003164],[14.8928079,50.6003789],[14.8912603,50.6009093],[14.890867,50.6011173],[14.8906037,50.6012565],[14.8906438,50.6012872],[14.8909862,50.6015488],[14.8910831,50.6015347],[14.8918802,50.6014191],[14.8920684,50.6013702],[14.8924879,50.6012611],[14.8925998,50.601232],[14.8926857,50.6012852],[14.8929929,50.6014756],[14.8939578,50.6013662],[14.8944661,50.6013086],[14.8953781,50.601197],[14.8961632,50.6009639],[14.8971716,50.6005635],[14.8972554,50.6005303],[14.8973039,50.6004878],[14.8977771,50.6000744],[14.8979197,50.5999504],[14.8979785,50.5998993],[14.8984295,50.5995073],[14.8984668,50.5994748],[14.8986878,50.5993751],[14.8988544,50.5991936],[14.8991527,50.5988684],[14.8993589,50.5985111],[14.8994623,50.5983318],[14.8996447,50.5978888],[14.8996747,50.5978523],[14.9000262,50.5974253],[14.9007286,50.5968919],[14.9021642,50.5973544],[14.9023986,50.5971141],[14.9024766,50.5970342],[14.9025667,50.5969491],[14.9027534,50.5967729],[14.9027971,50.5967318],[14.9029464,50.5966349],[14.9029858,50.5966093],[14.9031759,50.5964635],[14.9032006,50.5964446],[14.9034224,50.596271],[14.90346,50.596258],[14.9035116,50.5962401],[14.9036528,50.5961352],[14.9037579,50.5960155],[14.9037831,50.5959982],[14.9039316,50.5958962],[14.904073,50.5958006],[14.9041005,50.595782],[14.9040905,50.5957131],[14.9042696,50.5955825],[14.9042405,50.5954969],[14.9041309,50.5954731],[14.9043089,50.5952008],[14.9043284,50.5951709],[14.9044529,50.5950325],[14.9044789,50.5949654],[14.9045582,50.5947612],[14.9046331,50.5945679],[14.9044189,50.5943106],[14.9041733,50.5940128],[14.9041406,50.5939731],[14.9041136,50.5939648],[14.9041114,50.5939641],[14.9039886,50.5939263],[14.9042937,50.5936795],[14.9058997,50.5932787],[14.9090353,50.5929102],[14.9109518,50.5926533],[14.9114365,50.5927433],[14.9118662,50.59245],[14.9120849,50.5926148],[14.9142351,50.5923191],[14.9152922,50.5926474],[14.9156458,50.5927909],[14.9160474,50.59297],[14.916743,50.5933202],[14.9175828,50.5936377],[14.9185926,50.5940248],[14.9183686,50.5942465],[14.9183452,50.5945106],[14.9186634,50.594611],[14.9190705,50.5956476],[14.9208697,50.597188],[14.9211822,50.597311],[14.9213649,50.5973807],[14.9231984,50.598489],[14.9248302,50.5989394],[14.9248131,50.5991113],[14.9246011,50.5997582],[14.9245529,50.6006139],[14.9245279,50.6007833],[14.9242277,50.601277],[14.9240949,50.6017972],[14.9224541,50.6025642],[14.92138,50.6036787],[14.9215374,50.6038209],[14.9218023,50.6041466],[14.9213186,50.6052707],[14.9214616,50.606603],[14.9218666,50.6070624],[14.922136,50.6072605],[14.9218666,50.6080378],[14.9208387,50.6082844],[14.9198646,50.6088765],[14.9174208,50.6078775],[14.9168735,50.6076376],[14.916924,50.6074742],[14.9164924,50.6071279],[14.9156111,50.6070044],[14.9148758,50.6069716],[14.9146703,50.6069501],[14.9144971,50.6069106],[14.9142159,50.6068152],[14.9138509,50.6066636],[14.9137372,50.6065936],[14.9134246,50.6065086],[14.9132171,50.6065062],[14.912937,50.6064704],[14.9117205,50.6062732],[14.9115027,50.6034646],[14.9114107,50.6031336],[14.9114893,50.6030548],[14.9113886,50.6029791],[14.9113098,50.6027909],[14.9107847,50.6022552],[14.9092808,50.6009378],[14.9092185,50.6008986],[14.9089015,50.6008786],[14.9084702,50.6007948],[14.9082825,50.6007798],[14.9080702,50.6007883],[14.9074442,50.6009267],[14.9074063,50.6009046],[14.9065424,50.6007621],[14.9070361,50.5999661],[14.9066985,50.5997558],[14.9065094,50.5997504],[14.9059539,50.5994795],[14.9023242,50.6005816],[14.901872,50.600343],[14.899243,50.6010129],[14.8981906,50.60282],[14.8974588,50.6030585],[14.8963799,50.6065268],[14.8965134,50.6066256],[14.897531,50.6093183],[14.8980014,50.6094185],[14.8972943,50.609913],[14.896161,50.6097915],[14.8958966,50.6099149],[14.8955966,50.6102129],[14.8953981,50.6105542],[14.8955353,50.610828],[14.8947801,50.6109371],[14.8945428,50.6110719],[14.8949946,50.6112299],[14.895066,50.6112547],[14.8952343,50.6113437],[14.8953462,50.6114524],[14.8953751,50.6115094],[14.8953689,50.6115547],[14.8952823,50.6117813],[14.8951476,50.6120347],[14.8950845,50.6121278],[14.8950317,50.6121787],[14.894852,50.612306],[14.8947844,50.6123577],[14.8946571,50.6124325],[14.8946522,50.6124443],[14.8946868,50.6124673],[14.8947766,50.6125031],[14.8948144,50.6125321],[14.8948431,50.6125741],[14.8948524,50.6126096],[14.8948479,50.6127001],[14.8948059,50.6128262],[14.8947474,50.6129303],[14.8946789,50.6130147],[14.8944904,50.6132405],[14.8943588,50.6133764],[14.8942365,50.6134843],[14.894145,50.6135571],[14.8941039,50.6135929],[14.8939423,50.6137056],[14.8938621,50.6137706],[14.893644,50.6138855],[14.8935673,50.6139225],[14.8935301,50.6139459],[14.8934486,50.6139852],[14.893405,50.6140016],[14.8933809,50.6140124],[14.8933687,50.6140281],[14.8933506,50.6140388],[14.8932831,50.6140582],[14.8932545,50.6140779],[14.8932091,50.6140997],[14.8931369,50.6141382],[14.8930424,50.6141667],[14.8929232,50.6142153],[14.8928405,50.6142468],[14.892772,50.6142724],[14.8928886,50.6143321],[14.8927121,50.6174565],[14.8927005,50.617624],[14.8934439,50.6182007],[14.8940234,50.6187397],[14.8945782,50.6191386],[14.8949141,50.6193994],[14.8951312,50.6193914],[14.8959298,50.6193261],[14.8960431,50.6192671],[14.8960916,50.6192648],[14.8964986,50.6192759],[14.8967569,50.619089],[14.8969591,50.6190344],[14.89716,50.6189148],[14.8977228,50.618961],[14.8979996,50.6189708],[14.8983696,50.6188707],[14.8992014,50.6188599],[14.8993308,50.6185266],[14.8994048,50.6185255],[14.8994419,50.6183363],[14.8999126,50.617894],[14.9006573,50.6174485],[14.9016333,50.6177401],[14.9073888,50.6183886],[14.9073564,50.6186634],[14.9072558,50.618948],[14.9071997,50.618974],[14.9063266,50.6196279],[14.9059538,50.6198507],[14.9055017,50.6200309],[14.9054128,50.6200968],[14.904653,50.6203138],[14.9032228,50.6205973],[14.9019291,50.6209553],[14.9013583,50.6211423],[14.9010041,50.6212173],[14.9009202,50.6214489],[14.9005197,50.6214517],[14.900255,50.621534],[14.8999052,50.6217456],[14.9000332,50.6217764],[14.8997731,50.621934],[14.8997518,50.6219215],[14.8996889,50.6219617],[14.8994527,50.6219982],[14.8994584,50.6220302],[14.8993924,50.6220733],[14.8992914,50.62219],[14.8993528,50.6223022],[14.9009049,50.6228906],[14.9014907,50.6232009],[14.9020875,50.6234327],[14.9018529,50.6246054],[14.9019887,50.6247452],[14.9019539,50.6254138],[14.902115,50.625558],[14.9021626,50.6257927],[14.902439,50.6258931],[14.9028861,50.6261925],[14.902894,50.6263022],[14.9032138,50.6266177],[14.9037676,50.6273966],[14.904057,50.627881],[14.9036972,50.628037],[14.9032734,50.6282476],[14.9031235,50.6283221],[14.9023355,50.6289562],[14.9019853,50.6291547],[14.9017952,50.6292326],[14.9016911,50.6292753],[14.9014549,50.6289327],[14.9012216,50.6288891],[14.9005645,50.6291543],[14.9007974,50.6296236],[14.9006071,50.6296878],[14.9003194,50.629684],[14.9002043,50.6295535],[14.8999598,50.6292096],[14.8998492,50.6290553],[14.8996358,50.6288119],[14.8994198,50.628663],[14.8991464,50.6286343],[14.8990839,50.6286278],[14.8984803,50.6287195],[14.8977996,50.6289554],[14.8975949,50.6290317],[14.8974825,50.6290737],[14.8968013,50.6293276],[14.8967571,50.6293716],[14.8963634,50.6293807],[14.8954811,50.6294012],[14.8947651,50.629702],[14.894595,50.6297996],[14.8941993,50.6300265],[14.8940882,50.6300902],[14.893652,50.630306],[14.8932004,50.6305294],[14.8928885,50.630621],[14.8924251,50.6307569],[14.8915538,50.6309383],[14.8915482,50.6309908],[14.8915248,50.6310069],[14.8915203,50.6310101],[14.8912504,50.6311963],[14.8909438,50.631272],[14.8906406,50.6313468],[14.8903744,50.6311808],[14.8903109,50.6308638],[14.8902718,50.6306684],[14.8900384,50.6306126],[14.8900201,50.6308369],[14.889756,50.6311775],[14.8896633,50.631297],[14.8898947,50.6315267],[14.8900114,50.6316424],[14.8900388,50.6316623],[14.8901376,50.6317337],[14.8905414,50.6320262],[14.8902128,50.6321837],[14.8900625,50.6322557],[14.8893991,50.6325738],[14.8891495,50.633194],[14.8882306,50.6326998],[14.887391,50.6329652],[14.8864897,50.6332382],[14.8855576,50.6324821],[14.8845374,50.6321946],[14.8838187,50.6319747],[14.8824468,50.6320388],[14.8836701,50.6325338],[14.8839387,50.6329944],[14.8837345,50.6335104],[14.8833125,50.6334373],[14.8832436,50.6333121],[14.8830751,50.6331564],[14.8828331,50.6330119],[14.8824484,50.6328638],[14.882058,50.6327475],[14.88158,50.6325515],[14.881368,50.6324186],[14.8809559,50.6316103],[14.8813907,50.6309594],[14.8818962,50.6308185],[14.8818988,50.6307975],[14.8819075,50.6307262],[14.8820559,50.630347],[14.8828975,50.6297499],[14.8831906,50.6289983],[14.8831928,50.6283669],[14.8828896,50.6277343],[14.8826395,50.626949],[14.8825701,50.6267765],[14.8822575,50.6259993],[14.8822391,50.6259312],[14.8834544,50.6253876],[14.8839726,50.6252047],[14.8839898,50.6251814],[14.8840933,50.6250412],[14.8842726,50.6248515],[14.8843327,50.6247121],[14.8843728,50.6245458],[14.8846849,50.6240491],[14.8847942,50.6238127],[14.8848039,50.623647],[14.8847787,50.6234084],[14.8847598,50.6232624],[14.8847218,50.6230068],[14.8847315,50.6228135],[14.8847352,50.622646],[14.8847369,50.6225137],[14.8847416,50.6223216],[14.8847488,50.6219139],[14.8846895,50.6211236],[14.8846141,50.6204249],[14.8845607,50.6197926],[14.8845662,50.6195063],[14.8846397,50.6192742],[14.8847055,50.6189685],[14.8847234,50.618886],[14.8848321,50.6183813],[14.8850658,50.6173784],[14.8851042,50.6171992],[14.8852533,50.6166457],[14.8854909,50.6155284],[14.884742,50.6141042],[14.8837846,50.614065],[14.8832834,50.6142413],[14.8827382,50.6139173],[14.8826955,50.6137679],[14.8823138,50.6135558],[14.8813711,50.6129513],[14.8813281,50.612911],[14.8808399,50.6126341],[14.8803524,50.6123134],[14.8796827,50.6118189],[14.8781527,50.6104511],[14.8775528,50.6107425],[14.8773278,50.6104083],[14.8765608,50.6094409],[14.8752092,50.6086356],[14.8749541,50.608413],[14.8749021,50.6083799],[14.8747355,50.6082321],[14.8744553,50.6077849],[14.8745761,50.6075496],[14.8745542,50.6075169],[14.8760663,50.6065714],[14.8769183,50.6059117],[14.8765668,50.6056257],[14.8764413,50.6055464],[14.875834,50.6051624],[14.8752918,50.6048565],[14.8759905,50.6047984]]]}},{"type":"Feature","properties":{"SKNAZEV":"oblast a osa","OBTYPNAZEV":"AKC","DRUH_O_AKC":"AOV","ID_LOKAL":73,"OZNACENI_P":"AOV73","UO":1,"VYKON":81,"UROVEN":"URP","ID_NDOK":null,"NAZEV_NDOK":null,"NAZEV":"Jemnice","ZM_CISLO_P":2,"EUP_KOD_P":22907,"ZAPIS":"ZMZA","JE_AKTUALNI":true,"STAV_VYBERU":"ponechana"},"geometry":{"type":"Polygon","coordinates":[[[15.5351632,49.031422],[15.5327056,49.0306091],[15.5323738,49.0301443],[15.5306415,49.0299773],[15.5303586,49.029957],[15.5300755,49.0299376],[15.5297826,49.0298638],[15.5275569,49.0299923],[15.5267185,49.0302903],[15.5253133,49.0303851],[15.5249885,49.0306314],[15.5242992,49.0311779],[15.524152,49.0312107],[15.5239032,49.0312632],[15.5238713,49.0312699],[15.5236812,49.0313473],[15.5235799,49.031726],[15.5233895,49.0317628],[15.5232092,49.0317703],[15.5231245,49.0317747],[15.5230382,49.0317785],[15.522937,49.0317973],[15.5226902,49.0318361],[15.5218456,49.0332649],[15.5218886,49.0334889],[15.5218284,49.0336513],[15.5217583,49.0337562],[15.5214898,49.0337542],[15.5215221,49.0341208],[15.5213412,49.0343711],[15.5215253,49.0352025],[15.5218083,49.0358784],[15.5218647,49.0362071],[15.5218151,49.0364842],[15.5221764,49.0377855],[15.5225045,49.0385045],[15.522453,49.0386992],[15.5206561,49.0392658],[15.5200259,49.0394349],[15.5199882,49.0394605],[15.5197733,49.0395436],[15.5196512,49.0395554],[15.5195317,49.0395787],[15.5193264,49.0396334],[15.5186711,49.0398772],[15.5176158,49.0403074],[15.5174379,49.0403904],[15.5171886,49.0405258],[15.5153812,49.0416275],[15.5155325,49.0424413],[15.5147395,49.0427246],[15.5144242,49.0432617],[15.5143862,49.0432898],[15.5142732,49.0433236],[15.5140515,49.0433721],[15.5137392,49.0434302],[15.513398,49.0434685],[15.5131107,49.0434799],[15.5118488,49.044942],[15.5105483,49.0458521],[15.5106411,49.0459563],[15.510796,49.0462221],[15.5108616,49.0466325],[15.5107636,49.0469419],[15.5105662,49.047477],[15.5103446,49.0479486],[15.5102763,49.048284],[15.510251,49.0487321],[15.5102404,49.0492069],[15.5100754,49.0492196],[15.510038,49.0492213],[15.5098576,49.0492604],[15.5098052,49.0492664],[15.5096529,49.0492854],[15.5095568,49.0493079],[15.5094113,49.0493117],[15.5092874,49.0493193],[15.5092096,49.0493288],[15.5091717,49.0493431],[15.5079012,49.0491536],[15.5075462,49.0492202],[15.5073372,49.0492478],[15.506543,49.0492819],[15.5060326,49.0493127],[15.5056578,49.049096],[15.5052333,49.0487773],[15.5049166,49.0485282],[15.5046735,49.0482955],[15.5042802,49.0480499],[15.5039845,49.0478134],[15.5037121,49.0475996],[15.5034358,49.0473919],[15.5019702,49.0472557],[15.5003882,49.0465703],[15.4997033,49.0461705],[15.498461,49.0455511],[15.4981891,49.0454676],[15.4979647,49.0454233],[15.4974678,49.0453897],[15.4970461,49.0452149],[15.4969816,49.044987],[15.4964983,49.0447699],[15.4961364,49.0445488],[15.4961268,49.044555],[15.4953981,49.0443069],[15.4956645,49.0441083],[15.4959838,49.0438703],[15.4962622,49.0436579],[15.4965112,49.043466],[15.4968317,49.0432114],[15.4968716,49.0431795],[15.497091,49.0429451],[15.4971441,49.0428578],[15.4972187,49.0427351],[15.4973807,49.0424],[15.4975839,49.0419676],[15.4977097,49.0416944],[15.4977997,49.0414836],[15.4979848,49.0410508],[15.4981551,49.0407137],[15.4982936,49.040414],[15.4988307,49.040007],[15.499532,49.0400101],[15.4997466,49.0401897],[15.5002057,49.0401019],[15.5004033,49.0401846],[15.5010737,49.040224],[15.5011436,49.0405437],[15.5011488,49.040591],[15.5018923,49.0407552],[15.5019494,49.0407157],[15.5020445,49.0406503],[15.5022897,49.0404815],[15.5023873,49.0403288],[15.5025517,49.0400007],[15.5046304,49.0395694],[15.504882,49.0394524],[15.50484,49.039375],[15.5051147,49.0392062],[15.5051616,49.0391849],[15.5053614,49.0390071],[15.506144,49.0385987],[15.5068449,49.0379965],[15.5067966,49.0379558],[15.5080624,49.037235],[15.509822,49.0359902],[15.5097145,49.0358792],[15.5097265,49.035834],[15.5100728,49.0357009],[15.5111497,49.0349426],[15.5110992,49.0349161],[15.5110828,49.0348812],[15.5110332,49.0347885],[15.5110255,49.0346559],[15.511065,49.0343977],[15.5116061,49.0339256],[15.5115848,49.0332188],[15.5115584,49.033196],[15.5116285,49.0328601],[15.5118395,49.0325669],[15.511759,49.0324906],[15.5118811,49.0317837],[15.5119136,49.0317556],[15.511537,49.0312668],[15.5106118,49.0300313],[15.5103905,49.0296638],[15.5103265,49.0295691],[15.51,49.029086],[15.5098876,49.0290704],[15.5096007,49.0287983],[15.5090552,49.0278569],[15.508622,49.0279394],[15.5077243,49.0266525],[15.5083122,49.0261304],[15.5084269,49.0261129],[15.5088478,49.0257358],[15.5088585,49.0257223],[15.5089405,49.0255499],[15.5089966,49.0254354],[15.5096529,49.0243405],[15.5096912,49.0242672],[15.5097224,49.0242384],[15.5098721,49.0239965],[15.509894,49.0239304],[15.5099129,49.0238711],[15.5104272,49.023643],[15.510868,49.0234473],[15.5113017,49.0232548],[15.5117337,49.023063],[15.5121689,49.0228697],[15.5121674,49.0229288],[15.5125893,49.0231414],[15.5132832,49.0236265],[15.5135133,49.0236227],[15.5137637,49.0236302],[15.5139981,49.0236321],[15.5143597,49.0244159],[15.5145757,49.0247419],[15.5150567,49.0248162],[15.5155427,49.0247124],[15.5160369,49.0244737],[15.5165736,49.0240495],[15.5170845,49.0243548],[15.5178197,49.0244089],[15.5179824,49.0244024],[15.5181497,49.0243061],[15.5182953,49.0243586],[15.5194107,49.0240408],[15.5198811,49.0239811],[15.520059,49.0236678],[15.5205285,49.0236866],[15.5206811,49.0236878],[15.5209992,49.0236875],[15.5211504,49.0236967],[15.521793,49.0233383],[15.5226608,49.0226075],[15.5255127,49.0220656],[15.525599,49.0220764],[15.52587,49.0220744],[15.5260208,49.0220613],[15.5261509,49.0220987],[15.526533,49.0221916],[15.5268483,49.0224874],[15.5270808,49.0226086],[15.5272227,49.0228368],[15.5276841,49.0231373],[15.5298579,49.0236766],[15.5300034,49.0238662],[15.530271,49.0240563],[15.5302057,49.0245339],[15.5302426,49.024569],[15.5306105,49.0245389],[15.5315694,49.0252718],[15.533039,49.0260203],[15.5333628,49.0265801],[15.5333659,49.0265842],[15.5334416,49.0265571],[15.5334383,49.0265532],[15.5357559,49.0257262],[15.5360096,49.0256355],[15.53612,49.0256117],[15.5361263,49.025576],[15.5360964,49.0255676],[15.5357269,49.0253483],[15.5356979,49.0253391],[15.5326536,49.0243687],[15.5326654,49.0242579],[15.5328879,49.0233275],[15.5336035,49.0233935],[15.535557,49.022747],[15.5355907,49.0226342],[15.5357924,49.0219612],[15.5396885,49.0214333],[15.5397657,49.0213918],[15.5401577,49.0214128],[15.541907,49.0213307],[15.5431428,49.0213328],[15.5443144,49.0213581],[15.5467565,49.0212727],[15.5484522,49.0209806],[15.5485603,49.0209826],[15.5501328,49.0209619],[15.5506566,49.0209636],[15.551112,49.0209502],[15.5515932,49.0210464],[15.5516998,49.0213576],[15.5517562,49.0214183],[15.5517742,49.0218137],[15.5520761,49.0220063],[15.5518046,49.0222151],[15.5517315,49.0224348],[15.5513064,49.0225999],[15.5513348,49.0227147],[15.5511258,49.0228349],[15.5511898,49.0229457],[15.5509963,49.0230809],[15.5508581,49.0231476],[15.5508896,49.02321],[15.5503333,49.0233725],[15.5502722,49.0235777],[15.5500912,49.0236558],[15.5499271,49.0237266],[15.5498381,49.023765],[15.549768,49.0237988],[15.5497324,49.0238175],[15.549691,49.0238395],[15.5494689,49.0240149],[15.5493167,49.0241046],[15.5492209,49.0241392],[15.5489251,49.0242066],[15.5487269,49.0242866],[15.54868,49.0243595],[15.5486208,49.0244592],[15.548275,49.024728],[15.5482864,49.0249711],[15.5482846,49.0252106],[15.5482399,49.0253203],[15.5481127,49.0256327],[15.5478957,49.0256363],[15.547867,49.0256627],[15.547853,49.0256755],[15.5477274,49.0257341],[15.547666,49.025726],[15.5476398,49.0258809],[15.547622,49.0258975],[15.5476866,49.0259115],[15.5478278,49.0259528],[15.5480642,49.0260242],[15.5481319,49.0260389],[15.5481988,49.0260535],[15.5483159,49.026113],[15.5493191,49.0266229],[15.5495138,49.0267219],[15.5496872,49.0268101],[15.5498033,49.0268691],[15.5498891,49.0269127],[15.5500662,49.0270028],[15.5501326,49.0270366],[15.5502437,49.027093],[15.550386,49.0271652],[15.5505315,49.0272394],[15.5507043,49.0273271],[15.5510742,49.027515],[15.5513659,49.0276633],[15.5516208,49.0277929],[15.5516657,49.0278157],[15.5520888,49.0278246],[15.5521308,49.0278865],[15.5525799,49.0280732],[15.5526023,49.028123],[15.5540181,49.0279885],[15.5540965,49.0279813],[15.5541478,49.0279758],[15.5545735,49.0279309],[15.5549043,49.0278976],[15.5561974,49.0277674],[15.5562044,49.0280853],[15.5564226,49.0281157],[15.5565162,49.0283554],[15.5566005,49.0286598],[15.5567667,49.0287283],[15.557042,49.0290125],[15.5572755,49.0294219],[15.5573786,49.0293692],[15.5576307,49.0296277],[15.5577363,49.0296082],[15.5580541,49.029929],[15.5585511,49.030186],[15.5586969,49.0302832],[15.5588459,49.0304596],[15.5590126,49.0304791],[15.5595818,49.0305504],[15.5600777,49.0307497],[15.5601033,49.0308689],[15.5601056,49.0309253],[15.5603275,49.0315128],[15.5611573,49.0325757],[15.5620208,49.0337708],[15.5621232,49.0343863],[15.5650809,49.0353163],[15.5651607,49.0353192],[15.5653761,49.0357161],[15.5666317,49.0355992],[15.5668846,49.0358529],[15.5683641,49.035792],[15.5686434,49.0357459],[15.5687022,49.035852],[15.5689224,49.0361518],[15.568982,49.0362329],[15.5691046,49.0363997],[15.5691728,49.0364925],[15.5693062,49.0366742],[15.5694971,49.0369341],[15.5695805,49.0370338],[15.5696693,49.0371401],[15.569849,49.0373552],[15.5698955,49.0374108],[15.5699251,49.037458],[15.5700076,49.0375892],[15.5701766,49.037858],[15.5702613,49.0379927],[15.5703445,49.0381251],[15.5704099,49.0382291],[15.5704814,49.0383429],[15.5706246,49.0385456],[15.5706594,49.038595],[15.5705925,49.0387479],[15.5705748,49.038819],[15.5705956,49.0388997],[15.5703271,49.0389584],[15.5698106,49.0390253],[15.5696125,49.0390897],[15.56899,49.0392427],[15.56881,49.0392461],[15.5687645,49.039247],[15.567852,49.0393503],[15.5666728,49.0395176],[15.5650064,49.0397344],[15.5649362,49.0397436],[15.5649075,49.0397472],[15.5648279,49.0397457],[15.5647343,49.0397146],[15.564601,49.0396703],[15.5647483,49.0399734],[15.5648207,49.0402745],[15.5637239,49.0415374],[15.5628792,49.0423398],[15.5612866,49.0435933],[15.560609,49.0442266],[15.5594463,49.0432302],[15.5586011,49.0436863],[15.5555936,49.0437255],[15.5554394,49.0438179],[15.5486684,49.0434467],[15.547015,49.0452831],[15.5470504,49.0455267],[15.5453489,49.0470506],[15.5453418,49.0472288],[15.5445362,49.0473521],[15.5431351,49.0475667],[15.5416188,49.0475255],[15.5410429,49.0459399],[15.5409906,49.0459174],[15.5390888,49.0461981],[15.5381143,49.0463444],[15.5380035,49.046361],[15.5372693,49.0464714],[15.5372205,49.0464787],[15.5357354,49.0467831],[15.5353962,49.0468316],[15.5348917,49.0469035],[15.5347645,49.0468822],[15.5347398,49.0468212],[15.5347037,49.0468014],[15.534431,49.0465395],[15.5336491,49.0458912],[15.5333255,49.0457681],[15.5332561,49.0457531],[15.5332582,49.0456841],[15.5332619,49.0454949],[15.5332827,49.0454491],[15.5336565,49.044817],[15.5339921,49.0436795],[15.5341186,49.0434927],[15.5340485,49.0434213],[15.5339127,49.0432834],[15.534743,49.0429627],[15.5347117,49.0428822],[15.5346724,49.0427811],[15.5345376,49.0424341],[15.5344779,49.0422805],[15.5344464,49.0421993],[15.534316,49.0421853],[15.5341117,49.0421004],[15.5338677,49.0419227],[15.5337797,49.0418456],[15.5337475,49.0417853],[15.5337361,49.0417548],[15.5337292,49.0416407],[15.5328371,49.0405327],[15.5330797,49.040384],[15.5333362,49.0402594],[15.5337257,49.0401379],[15.5342417,49.0399491],[15.534586,49.03984],[15.5351074,49.039661],[15.5356005,49.0395002],[15.5359352,49.0394175],[15.536536,49.0392074],[15.5365249,49.0391718],[15.536518,49.0391495],[15.5355478,49.0387259],[15.5355111,49.0383845],[15.5354988,49.0382697],[15.5353119,49.0377766],[15.5347348,49.037509],[15.534763,49.0371341],[15.5348476,49.03688],[15.5352122,49.036409],[15.5353605,49.0360558],[15.5355252,49.0357778],[15.5360987,49.0355178],[15.535749,49.0348064],[15.5356514,49.0347187],[15.5356064,49.0345769],[15.5357688,49.0342635],[15.5372971,49.0341052],[15.5372964,49.0339682],[15.5372955,49.0337748],[15.53737,49.0336338],[15.5374831,49.0334196],[15.5376662,49.0330729],[15.5374193,49.0324052],[15.5370916,49.0324668],[15.5367144,49.0325117],[15.5365709,49.0325139],[15.5359449,49.0326355],[15.535754,49.0323265],[15.5351632,49.031422]]]}},{"type":"Feature","properties":{"SKNAZEV":"oblast a osa","OBTYPNAZEV":"AKC","DRUH_O_AKC":"AOV","ID_LOKAL":69,"OZNACENI_P":"AOV69","UO":1,"VYKON":28,"UROVEN":"URP","ID_NDOK":null,"NAZEV_NDOK":null,"NAZEV":"Strážné","ZM_CISLO_P":2,"EUP_KOD_P":22907,"ZAPIS":"ZMZA","JE_AKTUALNI":false,"STAV_VYBERU":"zrusena"},"geometry":{"type":"Polygon","coordinates":[[[14.2600223,48.7407715],[14.2604592,48.7407928],[14.2611841,48.7409197],[14.2610179,48.7415599],[14.2609091,48.7416357],[14.2609112,48.7418469],[14.2608929,48.7419144],[14.2606941,48.7419589],[14.2605755,48.741964],[14.2584168,48.7447555],[14.2574981,48.7450969],[14.257343,48.745242],[14.2572547,48.7453332],[14.2572303,48.7453764],[14.2571673,48.7454747],[14.2571345,48.7455257],[14.2571316,48.7455303],[14.2571206,48.7455474],[14.2569597,48.7454117],[14.2569087,48.7459429],[14.2567025,48.7462005],[14.2566324,48.7463471],[14.2566526,48.7466211],[14.2566393,48.7466594],[14.2566431,48.7467124],[14.2565388,48.7469751],[14.2562109,48.7470864],[14.2554262,48.7473528],[14.2550768,48.7474714],[14.2550476,48.7475078],[14.2547429,48.7476208],[14.2546555,48.7476329],[14.2545783,48.7476598],[14.2544648,48.7481792],[14.2545599,48.7486197],[14.2547145,48.7486898],[14.2548975,48.748993],[14.2549991,48.7491606],[14.2549648,48.7494666],[14.2548949,48.7495386],[14.2548625,48.7496188],[14.2547484,48.749741],[14.2545467,48.7499981],[14.2544933,48.750094],[14.2544396,48.7501441],[14.2542569,48.750233],[14.2541478,48.7503379],[14.2539989,48.7506751],[14.2537734,48.7510424],[14.2533214,48.7511776],[14.2531776,48.7512085],[14.2527547,48.7512991],[14.2522648,48.7512868],[14.2517607,48.7512392],[14.2513735,48.7511472],[14.2512719,48.7510706],[14.2508155,48.7510038],[14.2507271,48.7509764],[14.2480415,48.7519953],[14.247904,48.7520087],[14.2478188,48.7520627],[14.2470355,48.7525629],[14.2467636,48.7525909],[14.2459838,48.7528231],[14.2454852,48.7519745],[14.2452207,48.7521505],[14.2450498,48.7522709],[14.2449268,48.7523816],[14.24437,48.7527085],[14.2443033,48.7527888],[14.2440476,48.7529159],[14.2433051,48.7540674],[14.2432118,48.7542905],[14.2423981,48.7547634],[14.2419652,48.7551279],[14.2413612,48.7556363],[14.2413046,48.7556479],[14.2411376,48.7557233],[14.24107,48.7557895],[14.2409088,48.7558384],[14.2407491,48.7560035],[14.2398535,48.7557509],[14.2394606,48.7575947],[14.2388049,48.7597112],[14.2386704,48.760065],[14.2375917,48.7604659],[14.2373556,48.7607629],[14.2369082,48.760692],[14.2368528,48.7608413],[14.2368621,48.7609719],[14.2368798,48.7610789],[14.2361349,48.7615996],[14.2317762,48.7609147],[14.2312753,48.7604994],[14.2306307,48.7597756],[14.2276423,48.760644],[14.2260013,48.7603155],[14.2258205,48.7603057],[14.22575,48.7602936],[14.2255986,48.7602454],[14.2254214,48.7601282],[14.2253127,48.7600799],[14.2252259,48.760017],[14.2251192,48.7599691],[14.2249936,48.7599302],[14.2244951,48.7596505],[14.2244616,48.7595913],[14.2239903,48.7590922],[14.2240937,48.7589837],[14.223795,48.7574369],[14.2239399,48.7572711],[14.2242543,48.7571346],[14.2243208,48.7570166],[14.2239235,48.7563887],[14.2238286,48.7563085],[14.2237089,48.7561393],[14.2234085,48.7555495],[14.2254837,48.7557366],[14.2262085,48.7545766],[14.2263557,48.7545313],[14.2264083,48.7542979],[14.2264447,48.754108],[14.2265615,48.7537198],[14.2265973,48.7535714],[14.2265729,48.7534126],[14.2265162,48.7532904],[14.2264309,48.7531191],[14.2262774,48.7528383],[14.2261826,48.752696],[14.2260063,48.7523858],[14.2260358,48.7523701],[14.2260158,48.7523454],[14.2259943,48.7522453],[14.2259829,48.7519469],[14.2260086,48.7516835],[14.2260319,48.7512559],[14.2260117,48.7511782],[14.2258016,48.7507234],[14.2257444,48.7506733],[14.2259108,48.7505765],[14.2260628,48.7504472],[14.2263147,48.7503047],[14.2263368,48.7500877],[14.2266018,48.7498354],[14.2267151,48.7496878],[14.2268458,48.7497036],[14.227414,48.7493164],[14.2275001,48.7492541],[14.2307986,48.749201],[14.2343931,48.7483061],[14.2347369,48.7478329],[14.2348298,48.7477687],[14.2365669,48.7466776],[14.2366894,48.7465608],[14.2369349,48.7464255],[14.2372142,48.746222],[14.2374049,48.7460422],[14.2374607,48.7459628],[14.2375506,48.745981],[14.2380875,48.7459027],[14.2384482,48.7457385],[14.2386032,48.7457176],[14.2389255,48.7456479],[14.2389725,48.7458648],[14.2392572,48.7459634],[14.2397474,48.7460891],[14.2403152,48.7463224],[14.2408881,48.7464701],[14.2409078,48.746684],[14.2421369,48.7463409],[14.2421423,48.7463084],[14.2440305,48.7462459],[14.2444157,48.746155],[14.2452915,48.7464709],[14.2452646,48.7464101],[14.2460956,48.7454273],[14.2461555,48.7451448],[14.2461972,48.7448095],[14.2462254,48.7447253],[14.2462794,48.7446302],[14.2462508,48.7445744],[14.2460975,48.7444576],[14.2467982,48.7439928],[14.2471709,48.743945],[14.2478064,48.7440257],[14.2492667,48.7444357],[14.2494633,48.7444996],[14.2512324,48.7447596],[14.2513822,48.7445462],[14.2515776,48.7443172],[14.2518196,48.7441241],[14.2521278,48.7437756],[14.2523642,48.7435203],[14.252527,48.7434167],[14.2525804,48.7433333],[14.2521864,48.7431651],[14.2515354,48.7427819],[14.2500771,48.7423122],[14.2499456,48.7422714],[14.2497149,48.7421998],[14.2487646,48.7418703],[14.2485366,48.7417792],[14.2483274,48.7416598],[14.2481228,48.741501],[14.2476005,48.7410188],[14.2473189,48.740758],[14.2472502,48.7406944],[14.2469777,48.7404652],[14.2467582,48.7402828],[14.2466254,48.7401934],[14.2465204,48.7398469],[14.24664,48.7398014],[14.2467995,48.7396814],[14.2469627,48.7396403],[14.2470191,48.7394224],[14.2473079,48.7392499],[14.2477412,48.7391657],[14.2489888,48.7393073],[14.2489301,48.7391662],[14.2518028,48.7394624],[14.2524177,48.7397591],[14.2537267,48.7400689],[14.2564744,48.7402157],[14.2569178,48.7403765],[14.2577558,48.7404465],[14.2583886,48.7404579],[14.2600223,48.7407715]]]}},{"type":"Feature","properties":{"SKNAZEV":"oblast a osa","OBTYPNAZEV":"AKC","DRUH_O_AKC":"AOV","ID_LOKAL":71,"OZNACENI_P":"AOV71","UO":1,"VYKON":28,"UROVEN":"URP","ID_NDOK":null,"NAZEV_NDOK":null,"NAZEV":"Hořice","ZM_CISLO_P":2,"EUP_KOD_P":22907,"ZAPIS":"ZMZA","JE_AKTUALNI":false,"STAV_VYBERU":"zrusena"},"geometry":{"type":"Polygon","coordinates":[[[14.2004623,48.7432401],[14.2005014,48.7434042],[14.201218,48.7444633],[14.201208,48.7444928],[14.2018312,48.7469302],[14.2017043,48.7473054],[14.2016217,48.7474498],[14.2016619,48.7486212],[14.2016409,48.7486555],[14.2015018,48.7492408],[14.2020364,48.7502503],[14.2025648,48.7514752],[14.2021867,48.7515771],[14.2017547,48.7518071],[14.2012761,48.7521743],[14.200455,48.7524483],[14.1997475,48.7526845],[14.1990143,48.7531169],[14.1981908,48.7528862],[14.1980293,48.7531741],[14.197977,48.7533685],[14.1979957,48.7534693],[14.1980458,48.7535469],[14.1979861,48.7536034],[14.1992025,48.7544361],[14.1998068,48.7546923],[14.2013913,48.7552601],[14.2014383,48.7552572],[14.2017219,48.7553252],[14.2019494,48.7554564],[14.2021185,48.7555648],[14.2024459,48.7558542],[14.2025689,48.7560391],[14.2025604,48.7562428],[14.2022124,48.7572523],[14.201965,48.7579174],[14.2016975,48.7584743],[14.2016043,48.7586715],[14.2015394,48.7588551],[14.2015066,48.7590766],[14.2015074,48.7592359],[14.2014687,48.75942],[14.2068405,48.7609201],[14.2077088,48.7612276],[14.2073991,48.7616099],[14.2073002,48.7617559],[14.2072447,48.761959],[14.2072381,48.7621125],[14.2073187,48.762915],[14.2073338,48.763162],[14.2073795,48.7639509],[14.2073355,48.7644746],[14.2073347,48.764805],[14.2042758,48.7648254],[14.2040688,48.7648643],[14.2008013,48.7642787],[14.2002125,48.7642463],[14.199619,48.7639362],[14.1956849,48.7619123],[14.1937082,48.7643727],[14.1935745,48.7642636],[14.1925202,48.7641337],[14.1912278,48.7646002],[14.1902963,48.7650035],[14.1901848,48.764644],[14.1888467,48.7621479],[14.1887321,48.7599649],[14.1880393,48.7598999],[14.1878966,48.7598069],[14.1877205,48.7588829],[14.1867147,48.7580811],[14.1868994,48.7556428],[14.1868585,48.7554167],[14.1867721,48.7547827],[14.1867971,48.7545794],[14.186857,48.7542006],[14.1861818,48.7534646],[14.1846165,48.7528472],[14.184374,48.7527984],[14.1835568,48.7505803],[14.1828753,48.7500943],[14.1826379,48.7499912],[14.1826452,48.7492536],[14.1826423,48.749028],[14.1828222,48.7466029],[14.1833272,48.7462238],[14.1833171,48.745843],[14.18552,48.7446978],[14.1878951,48.7450507],[14.1880008,48.7448562],[14.1881297,48.7447478],[14.188302,48.7445665],[14.1884653,48.7442847],[14.1885088,48.7441379],[14.1886888,48.7439552],[14.1887261,48.7438889],[14.1887931,48.743765],[14.1888298,48.7435917],[14.1888364,48.7433601],[14.1889097,48.7431979],[14.1890147,48.7428826],[14.1896139,48.7432926],[14.1901745,48.7435926],[14.1914697,48.7444676],[14.1919317,48.7438656],[14.1934638,48.7438208],[14.1946023,48.7435475],[14.1950623,48.7434678],[14.1957878,48.7438863],[14.1959441,48.7439846],[14.1960976,48.7440703],[14.1962511,48.7441238],[14.1963584,48.7441667],[14.1967967,48.7442807],[14.1971282,48.7443537],[14.1971857,48.7443117],[14.1977585,48.744287],[14.1978725,48.7442258],[14.1982035,48.7440963],[14.1989075,48.743703],[14.1990944,48.7436352],[14.1996364,48.7434486],[14.2003029,48.7432548],[14.200418,48.7431991],[14.2004623,48.7432401]]]}},{"type":"Feature","properties":{"SKNAZEV":"oblast a osa","OBTYPNAZEV":"AKC","DRUH_O_AKC":"AOV","ID_LOKAL":70,"OZNACENI_P":"AOV70","UO":1,"VYKON":25,"UROVEN":"URP","ID_NDOK":null,"NAZEV_NDOK":null,"NAZEV":"Bohdalovice","ZM_CISLO_P":2,"EUP_KOD_P":22907,"ZAPIS":"ZMZA","JE_AKTUALNI":true,"STAV_VYBERU":"ponechana"},"geometry":{"type":"Polygon","coordinates":[[[14.2463942,48.7369893],[14.2457012,48.7367099],[14.2448188,48.7368134],[14.2444581,48.7371365],[14.2438925,48.7369245],[14.2434115,48.7361677],[14.2429785,48.7359591],[14.2416309,48.7357526],[14.2409575,48.7355254],[14.2385853,48.7359357],[14.2383335,48.7355144],[14.2383203,48.7354939],[14.238274,48.7354187],[14.2381425,48.7352096],[14.2380171,48.7350935],[14.2377314,48.7349559],[14.2375114,48.734887],[14.2372984,48.7347992],[14.2371145,48.7346844],[14.2370363,48.7345694],[14.236459,48.7330298],[14.2366935,48.7328839],[14.2373809,48.7325433],[14.2376667,48.7325362],[14.2387891,48.7316748],[14.2388127,48.7314695],[14.2393071,48.7309573],[14.2393396,48.7309209],[14.2402006,48.7310782],[14.2407285,48.7311334],[14.2414775,48.7311416],[14.241887,48.7311652],[14.242561,48.7313082],[14.2427807,48.7313283],[14.2432336,48.7314327],[14.2435439,48.7314879],[14.2439676,48.7313791],[14.2440358,48.7313871],[14.2442312,48.7314368],[14.2447785,48.7315876],[14.2450937,48.7317384],[14.2463873,48.732061],[14.2465414,48.7322747],[14.2487204,48.7330203],[14.249312,48.7331333],[14.2496826,48.733184],[14.2499511,48.7331854],[14.2507071,48.7340423],[14.2510969,48.7341792],[14.2515925,48.7343143],[14.2518626,48.734414],[14.2567065,48.7331468],[14.2568849,48.732769],[14.2571461,48.7326072],[14.2578418,48.7327416],[14.2638179,48.7334464],[14.2634989,48.7341976],[14.2636058,48.7342306],[14.267494,48.735939],[14.2676448,48.7356852],[14.2675778,48.7354721],[14.26771,48.7353375],[14.2678396,48.7352397],[14.267926,48.7351359],[14.2679574,48.7349367],[14.2677113,48.7346353],[14.2676672,48.7343993],[14.2677349,48.7341283],[14.2678469,48.7342544],[14.2702124,48.7341487],[14.2709076,48.7342298],[14.2711285,48.7342337],[14.2714018,48.7342756],[14.2722894,48.7343375],[14.2725082,48.7343524],[14.273083,48.734335],[14.2730984,48.7342698],[14.2731654,48.7342448],[14.2732641,48.7342435],[14.2737332,48.7340919],[14.2738109,48.7338374],[14.2738221,48.733496],[14.2737814,48.7334499],[14.2737796,48.7333865],[14.2737679,48.7332986],[14.2737696,48.7329527],[14.2737659,48.7328821],[14.2737092,48.7324888],[14.2738233,48.7323309],[14.2761532,48.7310006],[14.2762861,48.7307772],[14.2784963,48.7301993],[14.2784709,48.7300741],[14.2781795,48.7299603],[14.2782581,48.7297616],[14.2783299,48.7294643],[14.2783711,48.7291922],[14.2782864,48.7281625],[14.2788007,48.7282561],[14.2795804,48.7282459],[14.2794064,48.7281682],[14.2795793,48.727048],[14.2796131,48.726926],[14.2781252,48.7249919],[14.2783594,48.7249274],[14.2787796,48.7247988],[14.2788634,48.7247732],[14.2789074,48.7247597],[14.2789817,48.7247306],[14.2793865,48.7246252],[14.2798626,48.7244837],[14.2807221,48.7242683],[14.2810401,48.7241804],[14.2816777,48.7239604],[14.2819363,48.7238643],[14.2822389,48.723779],[14.2824164,48.7237796],[14.2832489,48.723684],[14.2831822,48.7235473],[14.2835449,48.7235497],[14.2838494,48.7235563],[14.2838528,48.7235684],[14.2838694,48.7235855],[14.283935,48.7236121],[14.2842191,48.7237336],[14.2843912,48.7237204],[14.2846168,48.72372],[14.2848091,48.7236617],[14.2849687,48.7236555],[14.2851772,48.7241199],[14.2855091,48.7242431],[14.2858103,48.7243236],[14.2859972,48.7244059],[14.2862158,48.7244606],[14.2867247,48.7245573],[14.2873972,48.7246609],[14.2877457,48.7247541],[14.288301,48.7249406],[14.2887243,48.7250391],[14.2895439,48.7252863],[14.290111,48.7255116],[14.2902249,48.7263596],[14.2899727,48.7264619],[14.2898421,48.7266768],[14.2900389,48.726719],[14.2930674,48.7290105],[14.2929502,48.7291895],[14.2927584,48.7292787],[14.2926685,48.7295924],[14.292556,48.7296287],[14.2924827,48.7296996],[14.292099,48.7296127],[14.2918708,48.7295924],[14.2908039,48.7295376],[14.28991,48.7294097],[14.2887744,48.729678],[14.2888361,48.7298832],[14.2890555,48.7303227],[14.2890731,48.7304383],[14.2890564,48.7305276],[14.2890601,48.7305962],[14.2890485,48.7306255],[14.2890427,48.7306421],[14.2888682,48.7306965],[14.2887953,48.7307001],[14.2875459,48.7312374],[14.2869637,48.7314391],[14.2864148,48.7315771],[14.2863509,48.7317184],[14.2860873,48.7319694],[14.2860186,48.7320348],[14.2859457,48.732139],[14.2856104,48.7322441],[14.2852115,48.7323115],[14.284988,48.732316],[14.2846963,48.7323989],[14.284384,48.732467],[14.2837247,48.7324566],[14.2833502,48.7324408],[14.2830558,48.7324712],[14.2828368,48.7325618],[14.2824177,48.7326064],[14.2818329,48.7325077],[14.281449,48.7324378],[14.2812985,48.7323845],[14.2812537,48.7324047],[14.2811638,48.732394],[14.2810845,48.7326815],[14.2809661,48.7330194],[14.2809613,48.7330679],[14.2810861,48.7332686],[14.2810742,48.7334932],[14.2804057,48.7343665],[14.2803313,48.7345139],[14.2800763,48.7345187],[14.280025,48.7346953],[14.2797865,48.7348416],[14.2791854,48.7350821],[14.2790447,48.7351087],[14.2785981,48.7352306],[14.2784188,48.7352955],[14.2781946,48.7354128],[14.2780097,48.7354922],[14.2768862,48.7360726],[14.2768394,48.7361397],[14.2763311,48.7368662],[14.2763589,48.7369146],[14.2763514,48.7370061],[14.2763155,48.7370587],[14.2762927,48.7370496],[14.2759937,48.737255],[14.2759224,48.7372437],[14.2755758,48.737226],[14.2754226,48.7372457],[14.275149,48.7373511],[14.2750036,48.7373762],[14.2749236,48.7373807],[14.2749733,48.7376313],[14.2750109,48.737756],[14.275019,48.7378959],[14.2750281,48.7380545],[14.2741454,48.7388252],[14.2741494,48.7388742],[14.2739611,48.7388998],[14.2739183,48.7389182],[14.2740028,48.7390534],[14.2740645,48.7391215],[14.2741862,48.7392593],[14.2741011,48.7394618],[14.2739322,48.7395687],[14.2737775,48.7396565],[14.2736432,48.7397203],[14.2733822,48.7397862],[14.2734089,48.7398152],[14.2730292,48.7399786],[14.2728269,48.7401332],[14.2730494,48.7403543],[14.2730443,48.7404074],[14.2729112,48.7404289],[14.2728526,48.7404848],[14.2725564,48.7408783],[14.2707026,48.7405052],[14.2680597,48.7406956],[14.2679952,48.7402069],[14.2679373,48.7399891],[14.26777,48.7397131],[14.2677124,48.7396605],[14.2669665,48.739575],[14.2658714,48.7394327],[14.2654399,48.7394309],[14.2651944,48.7394282],[14.2651232,48.739434],[14.265075,48.739445],[14.2650056,48.7394663],[14.264961,48.7394838],[14.2648252,48.7395444],[14.2647468,48.7395709],[14.2646049,48.7395972],[14.2644575,48.7395995],[14.2643709,48.7395892],[14.2640037,48.73952],[14.2611517,48.7393267],[14.2608669,48.7399012],[14.2607888,48.7398854],[14.2604309,48.7397255],[14.2597659,48.7397189],[14.2595429,48.7397754],[14.2588322,48.7398346],[14.2584208,48.7398192],[14.2579546,48.7398349],[14.2574731,48.7398127],[14.2571773,48.7397731],[14.2564516,48.7395895],[14.2562806,48.7395055],[14.2558129,48.7395519],[14.2557629,48.7392868],[14.254368,48.7388136],[14.2534493,48.7386925],[14.2534128,48.7386914],[14.2534928,48.7384271],[14.2536912,48.7382828],[14.2534767,48.7379934],[14.2534498,48.7377161],[14.2533613,48.7375752],[14.2532659,48.7375626],[14.2518012,48.7376079],[14.2511555,48.7375731],[14.2469826,48.7372078],[14.2470171,48.737104],[14.2463942,48.7369893]]]}},{"type":"Feature","properties":{"SKNAZEV":"oblast a osa","OBTYPNAZEV":"AKC","DRUH_O_AKC":"AOV","ID_LOKAL":72,"OZNACENI_P":"AOV72","UO":1,"VYKON":32,"UROVEN":"URP","ID_NDOK":null,"NAZEV_NDOK":null,"NAZEV":"Mackův kopec","ZM_CISLO_P":2,"EUP_KOD_P":22907,"ZAPIS":"ZMZA","JE_AKTUALNI":false,"STAV_VYBERU":"zrusena"},"geometry":{"type":"Polygon","coordinates":[[[15.2049716,49.2055399],[15.2050878,49.204774],[15.2052785,49.2044134],[15.2052911,49.2040455],[15.205283,49.2037623],[15.2052224,49.202972],[15.2051323,49.2018575],[15.2051072,49.2012981],[15.2081953,49.2013183],[15.210063,49.2017428],[15.2120149,49.2006988],[15.2130742,49.1983397],[15.2132711,49.1983398],[15.2139312,49.1983536],[15.2139239,49.1982996],[15.2137852,49.1971993],[15.2153835,49.197603],[15.2170859,49.1974214],[15.2174034,49.1973495],[15.2178701,49.1971995],[15.218915,49.1968064],[15.2200886,49.1965826],[15.2206274,49.1964117],[15.2208122,49.1963976],[15.2216915,49.1963418],[15.2217434,49.1964656],[15.2218012,49.1964705],[15.2223301,49.1962415],[15.2226831,49.1968141],[15.2227881,49.1970496],[15.2228639,49.1974334],[15.2229417,49.1978618],[15.2230919,49.1980136],[15.2234882,49.1981219],[15.2236175,49.1981943],[15.2235801,49.1982219],[15.2236035,49.1983545],[15.2237181,49.1984544],[15.2244234,49.198674],[15.2246115,49.1987928],[15.2246648,49.1991954],[15.2247568,49.1993377],[15.2248981,49.1993384],[15.225168,49.1992848],[15.2253455,49.1992826],[15.2256744,49.1994207],[15.2259406,49.1995472],[15.2262014,49.1998401],[15.226405,49.2000811],[15.2265119,49.2001727],[15.2265804,49.2002313],[15.2270081,49.2001063],[15.2271978,49.2],[15.227255,49.199911],[15.2282728,49.1995378],[15.2286255,49.1994339],[15.2289295,49.1992669],[15.2290509,49.1991102],[15.2293307,49.1989165],[15.2294717,49.1988459],[15.2299919,49.1985667],[15.2305514,49.1984624],[15.2320336,49.1985016],[15.2318276,49.1992278],[15.232007,49.1997354],[15.232022,49.1997886],[15.2323059,49.2008865],[15.232329,49.2009383],[15.2325862,49.2014955],[15.2320005,49.2024353],[15.23222,49.2031361],[15.2330294,49.2035183],[15.2335664,49.2042205],[15.2341466,49.2051738],[15.2348214,49.2059651],[15.2350176,49.2061904],[15.2353321,49.2061848],[15.2354491,49.2060871],[15.2354987,49.2059971],[15.236099,49.2063227],[15.2364035,49.2065602],[15.2364471,49.2065827],[15.2379876,49.2071003],[15.2380078,49.2072074],[15.2384678,49.207503],[15.2389517,49.2076129],[15.2391716,49.2076834],[15.2407626,49.2079659],[15.2423377,49.2079178],[15.2425245,49.2078861],[15.2424008,49.2080995],[15.242323,49.2083267],[15.2422789,49.208763],[15.2469926,49.209859],[15.2470921,49.2102439],[15.2487858,49.2118593],[15.2488034,49.2118883],[15.2489618,49.212079],[15.2489341,49.212298],[15.250532,49.2133365],[15.2526617,49.214121],[15.2525515,49.2142095],[15.2523119,49.2143743],[15.2521739,49.2144479],[15.2521342,49.2144435],[15.252047,49.2145341],[15.2519344,49.2145951],[15.2513978,49.2149017],[15.2503585,49.2151189],[15.2503075,49.2151746],[15.2502261,49.2151577],[15.2500364,49.2151545],[15.2495078,49.2152022],[15.2490819,49.2152332],[15.2490965,49.2152525],[15.2489256,49.2152777],[15.2472508,49.2156674],[15.2470383,49.2156345],[15.2435986,49.2158398],[15.2419977,49.2158734],[15.2410601,49.2158927],[15.2402682,49.2156729],[15.2402383,49.2156509],[15.2402127,49.2156027],[15.239489,49.2150457],[15.237839,49.2147666],[15.2377554,49.2147607],[15.2370262,49.2150517],[15.2369735,49.215042],[15.2369106,49.215063],[15.2341837,49.2150102],[15.2341341,49.2149819],[15.2338257,49.214806],[15.2325635,49.2140862],[15.2324552,49.2140069],[15.2323691,49.2138698],[15.2322258,49.2138146],[15.2319399,49.2137044],[15.2310638,49.213507],[15.2299862,49.2129576],[15.2299434,49.2129263],[15.2284738,49.2127178],[15.2274188,49.2132396],[15.2253354,49.212688],[15.225303,49.2126646],[15.2224788,49.2112765],[15.2207328,49.2107378],[15.2207064,49.2107075],[15.2204711,49.2104344],[15.2202984,49.2102224],[15.2201714,49.2100624],[15.2199992,49.2099196],[15.2199482,49.2097352],[15.2197786,49.2094874],[15.2197383,49.2093804],[15.2196556,49.2091366],[15.2195009,49.2086753],[15.219346,49.208212],[15.2207195,49.2083218],[15.2212214,49.2075369],[15.2202076,49.2069923],[15.219796,49.2067126],[15.218868,49.20696],[15.2185521,49.2066316],[15.2184315,49.2065406],[15.2181358,49.2066474],[15.2180036,49.2071748],[15.2178753,49.2073754],[15.2176633,49.2078978],[15.2170077,49.2081039],[15.2162169,49.2081895],[15.2146433,49.2072949],[15.214187,49.2073273],[15.2137603,49.2069737],[15.21213,49.2064868],[15.2117689,49.206544],[15.2114416,49.2065343],[15.2111296,49.2065215],[15.2099505,49.2064635],[15.2097134,49.2063784],[15.2077455,49.206726],[15.2067314,49.2065497],[15.2057218,49.2057607],[15.205549,49.2057333],[15.2049716,49.2055399]]]}},{"type":"Feature","properties":{"SKNAZEV":"oblast a osa","OBTYPNAZEV":"AKC","DRUH_O_AKC":"AOV","ID_LOKAL":74,"OZNACENI_P":"AOV74","UO":1,"VYKON":119,"UROVEN":"URP","ID_NDOK":null,"NAZEV_NDOK":null,"NAZEV":"Lomy","ZM_CISLO_P":2,"EUP_KOD_P":22907,"ZAPIS":"ZMZA","JE_AKTUALNI":true,"STAV_VYBERU":"ponechana"},"geometry":{"type":"Polygon","coordinates":[[[15.6090069,49.0618338],[15.6092255,49.061879],[15.6120461,49.0617501],[15.611906,49.0615191],[15.6117446,49.0612546],[15.6115991,49.0610162],[15.6114608,49.0607712],[15.6115435,49.0607586],[15.6115724,49.0607356],[15.6117281,49.0606682],[15.6126747,49.0605203],[15.613182,49.0604135],[15.6131878,49.060379],[15.6129275,49.0602458],[15.6126591,49.0600953],[15.612443,49.0598715],[15.6122537,49.0596636],[15.6119811,49.0592181],[15.6104884,49.0599401],[15.6101838,49.0600402],[15.6101142,49.0602326],[15.6065657,49.0605787],[15.6062474,49.0599672],[15.6056372,49.0579663],[15.6056294,49.0577968],[15.6055587,49.057228],[15.6061099,49.0560826],[15.6080679,49.0547616],[15.6082385,49.0548368],[15.6084346,49.0549005],[15.6086142,49.054967],[15.6087851,49.0550266],[15.6094665,49.0517882],[15.618331,49.0546793],[15.6185232,49.054685],[15.6187223,49.0547157],[15.6188965,49.0547726],[15.619396,49.0550742],[15.6198608,49.0553263],[15.6202761,49.0555184],[15.6206995,49.0556708],[15.6211062,49.0558208],[15.6216086,49.0560211],[15.6220238,49.0562126],[15.6226108,49.0564835],[15.628917,49.0575837],[15.632397,49.0559918],[15.6329086,49.0560593],[15.6350234,49.0560242],[15.6388537,49.053925],[15.6391616,49.0535304],[15.6407455,49.0516276],[15.6399423,49.049786],[15.6398945,49.049705],[15.6398718,49.049667],[15.639794,49.0494809],[15.6395393,49.0490952],[15.6381423,49.0475827],[15.636323,49.0470811],[15.6358247,49.0469122],[15.6345899,49.0466186],[15.6322027,49.0465357],[15.6319941,49.0461651],[15.6317762,49.045852],[15.6315538,49.0455519],[15.6313697,49.0453037],[15.6313058,49.0451891],[15.6312627,49.0450626],[15.6312475,49.0448992],[15.6312773,49.044716],[15.6314912,49.0442724],[15.6318462,49.04396],[15.6317728,49.0438469],[15.6316868,49.0437145],[15.63131,49.0432148],[15.6310882,49.0429393],[15.6310245,49.0428435],[15.6310127,49.0428252],[15.630975,49.042769],[15.630998,49.0425542],[15.6309839,49.0424531],[15.63095,49.04235],[15.6308486,49.0421545],[15.6307412,49.0419006],[15.630639,49.0416007],[15.6306125,49.0413923],[15.6324585,49.0418513],[15.6342917,49.0417975],[15.6366456,49.0413384],[15.6375678,49.0410125],[15.6379297,49.0407818],[15.638514,49.0404624],[15.639257,49.0401592],[15.6402049,49.0411953],[15.6403808,49.0415176],[15.6408693,49.0420718],[15.6418459,49.0428028],[15.6429803,49.0433087],[15.6433588,49.0433396],[15.6439964,49.043678],[15.6446188,49.0437562],[15.6458377,49.0440923],[15.6462147,49.0441773],[15.6472838,49.0450549],[15.6490791,49.0453853],[15.6499044,49.045413],[15.6505203,49.0455044],[15.6525477,49.0453288],[15.6547351,49.0447931],[15.6549696,49.0448489],[15.6569968,49.0433679],[15.6603908,49.0405287],[15.6602388,49.0405139],[15.6613022,49.0382272],[15.6613445,49.0372195],[15.6614988,49.0371611],[15.6617656,49.0356585],[15.6614738,49.035151],[15.6614644,49.034092],[15.6610642,49.0337567],[15.660775,49.0334983],[15.6605141,49.0332466],[15.6598362,49.0324998],[15.6576401,49.0310669],[15.6550069,49.030625],[15.6542472,49.0303437],[15.6540444,49.0304157],[15.6535098,49.0304718],[15.6520305,49.0304297],[15.6507131,49.030892],[15.6492572,49.0313526],[15.6482607,49.032124],[15.6453648,49.033965],[15.6452464,49.0341201],[15.6434923,49.0345309],[15.641131,49.0358257],[15.6404026,49.0354329],[15.6394042,49.0344714],[15.6386628,49.0339891],[15.6386191,49.0339409],[15.6385578,49.0338731],[15.6385096,49.0336933],[15.6383524,49.0335475],[15.6380561,49.0333268],[15.6377593,49.0331125],[15.6372981,49.0328215],[15.6348518,49.0322672],[15.6345681,49.0322932],[15.6322626,49.0324168],[15.6321925,49.0324727],[15.6303413,49.0327512],[15.6281426,49.0329042],[15.6276112,49.0329591],[15.6276075,49.0330722],[15.626505,49.033224],[15.6252912,49.0332995],[15.6246296,49.033399],[15.624545,49.0333569],[15.6244016,49.0331565],[15.6239691,49.0327333],[15.6237919,49.0327193],[15.6235317,49.0327525],[15.6231363,49.0328206],[15.623079,49.0328364],[15.6227753,49.0329202],[15.6225746,49.0329753],[15.6226844,49.031639],[15.6226167,49.0313189],[15.6226882,49.0311389],[15.6226312,49.031059],[15.6225388,49.0309781],[15.6223225,49.0308708],[15.6218908,49.0305822],[15.6245637,49.0307656],[15.6242548,49.0301407],[15.6241492,49.0299268],[15.6240402,49.0297061],[15.6235178,49.0292585],[15.6237207,49.0292031],[15.6243868,49.0287712],[15.6245074,49.0286625],[15.6246431,49.02854],[15.6247804,49.0284221],[15.6249166,49.0283134],[15.6250456,49.028226],[15.6254857,49.0279006],[15.6256715,49.027816],[15.6286919,49.0263999],[15.6333905,49.0257302],[15.6377115,49.0259149],[15.6384535,49.0253914],[15.6416969,49.0252538],[15.6432344,49.025125],[15.6440619,49.0250549],[15.6449036,49.0249837],[15.6470415,49.0253368],[15.6488346,49.0252516],[15.6522306,49.0266538],[15.6535856,49.0260286],[15.6543654,49.0259466],[15.6545289,49.0259642],[15.6551558,49.0265712],[15.6588423,49.0263685],[15.6639368,49.0276445],[15.6690627,49.0284837],[15.6689369,49.028062],[15.6688812,49.0277368],[15.6690576,49.0277714],[15.6751755,49.0243244],[15.6783665,49.0256715],[15.6786152,49.025717],[15.6792644,49.0258122],[15.679556,49.0258229],[15.6796088,49.0258129],[15.6802745,49.0257714],[15.680378,49.0256161],[15.6804243,49.0256135],[15.6808336,49.0255631],[15.6823685,49.0263531],[15.6836904,49.0271162],[15.6848254,49.0274993],[15.6857515,49.0279104],[15.686839,49.0280256],[15.6886025,49.0277889],[15.6888068,49.0279278],[15.6889006,49.0280275],[15.6890587,49.0282027],[15.6892048,49.02836],[15.6893836,49.0284996],[15.6895459,49.0286386],[15.6897001,49.0287902],[15.6898351,49.028949],[15.6899286,49.0290995],[15.69002,49.0292715],[15.6901506,49.0294417],[15.6903181,49.0295976],[15.6904374,49.0297148],[15.6905977,49.029805],[15.6908049,49.0299057],[15.6911514,49.0300131],[15.691725,49.0301469],[15.6918001,49.0301931],[15.692117,49.0303912],[15.6922299,49.0305286],[15.6923026,49.0307215],[15.6922967,49.0308872],[15.6921849,49.03116],[15.6921225,49.0312638],[15.6920756,49.0313812],[15.6920726,49.0314357],[15.6920683,49.0315171],[15.6920676,49.0315306],[15.692088,49.0316205],[15.692079,49.0316708],[15.692079,49.0316985],[15.6920306,49.0321196],[15.6920515,49.0323205],[15.6922708,49.032546],[15.6923084,49.0326119],[15.692312,49.0326938],[15.6923732,49.0329019],[15.6923432,49.0329828],[15.6917572,49.0335861],[15.6916319,49.033908],[15.6914524,49.0341804],[15.6911683,49.0351504],[15.6912022,49.035696],[15.6914743,49.0360096],[15.6927583,49.0370234],[15.6930491,49.0372907],[15.6932444,49.0378169],[15.6927578,49.0383346],[15.6909771,49.0390563],[15.6888665,49.0392507],[15.6872361,49.0395087],[15.6869042,49.0395634],[15.6859658,49.0397183],[15.685016,49.0398522],[15.6841423,49.0400112],[15.6833696,49.0401865],[15.6831212,49.0402826],[15.6809212,49.0418517],[15.6804442,49.0420293],[15.6801922,49.0421233],[15.679234,49.0425315],[15.6786923,49.0430852],[15.6790742,49.0436454],[15.6796399,49.0441092],[15.6798404,49.0445244],[15.6798436,49.0450441],[15.6765109,49.0458988],[15.6766228,49.046175],[15.6766091,49.0463714],[15.6765909,49.0465172],[15.6765891,49.0466569],[15.6766019,49.0470383],[15.6766041,49.047239],[15.6766077,49.047441],[15.6749869,49.0473574],[15.6736095,49.0477042],[15.6730973,49.0478997],[15.6728852,49.0480575],[15.672703,49.0482192],[15.6716547,49.0483249],[15.6716605,49.0477811],[15.671047,49.0464936],[15.6709861,49.0464336],[15.6707167,49.0453166],[15.669993,49.0449852],[15.669511,49.0444547],[15.6688642,49.0442365],[15.6687765,49.0442069],[15.6684288,49.0439931],[15.6666339,49.0433395],[15.6658546,49.043073],[15.6631153,49.0431337],[15.6624169,49.0432919],[15.6604635,49.043844],[15.6590405,49.044738],[15.6587513,49.0449918],[15.658624,49.0450808],[15.6569283,49.0464764],[15.6573412,49.0467862],[15.6570287,49.047457],[15.6569218,49.0475874],[15.6567986,49.0476871],[15.6560149,49.0480818],[15.6558228,49.0481645],[15.6555876,49.0482595],[15.6554184,49.0483051],[15.6552047,49.0483453],[15.6544542,49.0486683],[15.6538934,49.0489117],[15.6530161,49.0490497],[15.650764,49.0493262],[15.6501571,49.0495855],[15.6499544,49.0496057],[15.6469977,49.0499552],[15.6453296,49.0510015],[15.6449718,49.0513061],[15.6448641,49.0513979],[15.6447103,49.0515101],[15.6444914,49.0516697],[15.6439878,49.0519577],[15.6429981,49.0524259],[15.6421605,49.0542988],[15.643415,49.0564393],[15.6446146,49.0578182],[15.6407767,49.0588096],[15.6448647,49.0597777],[15.6448475,49.0602942],[15.645869,49.0616024],[15.6448671,49.0632477],[15.644729,49.0632434],[15.6439549,49.0633469],[15.6409294,49.0637376],[15.6391733,49.0639612],[15.6370599,49.0642085],[15.6367752,49.0642433],[15.6377078,49.0667892],[15.6356085,49.067743],[15.6299305,49.0702716],[15.6259616,49.0704304],[15.624224,49.070893],[15.6231357,49.0717637],[15.6232501,49.0721258],[15.6233324,49.0721732],[15.6238184,49.072958],[15.6238494,49.0729897],[15.6232246,49.0731773],[15.6226584,49.0733416],[15.6220501,49.0735312],[15.6218111,49.0736057],[15.621317,49.0739576],[15.6212751,49.0739502],[15.6212233,49.0739545],[15.6212055,49.0739593],[15.6211252,49.0739813],[15.6209691,49.0740239],[15.6195272,49.0750336],[15.6192994,49.0751142],[15.6181608,49.0758205],[15.6176024,49.0760842],[15.6171657,49.0763314],[15.6171915,49.0763405],[15.6154823,49.0771276],[15.6146798,49.0774015],[15.6121486,49.0766013],[15.6115953,49.076713],[15.6108254,49.076781],[15.6104199,49.0768168],[15.6094128,49.0768798],[15.6092038,49.0768841],[15.6073475,49.0769197],[15.6066897,49.0769305],[15.6056844,49.0769772],[15.6054163,49.0769832],[15.6052986,49.0769731],[15.605193,49.0767634],[15.6051041,49.0766091],[15.6050224,49.0764733],[15.6042154,49.0753991],[15.6029067,49.0736535],[15.6028167,49.0735641],[15.6027176,49.0735169],[15.6025831,49.0734941],[15.6022357,49.0734775],[15.6020862,49.0734356],[15.6019373,49.0733522],[15.6018212,49.0731746],[15.6016488,49.0729536],[15.6016208,49.0729179],[15.6015385,49.0727069],[15.6016686,49.0726972],[15.601808,49.0726246],[15.6019591,49.0726423],[15.602603,49.0726743],[15.6034507,49.0725903],[15.6037124,49.0726275],[15.6040282,49.0726673],[15.6043978,49.0726404],[15.6047612,49.0725346],[15.6048985,49.0724335],[15.6049542,49.0724015],[15.6053469,49.0723417],[15.6056795,49.0723081],[15.6058544,49.0722903],[15.6060557,49.0722033],[15.605764,49.0719833],[15.6058605,49.0717621],[15.605987,49.0716297],[15.606085,49.0715964],[15.6063577,49.0715039],[15.6064161,49.0714753],[15.6069086,49.0711721],[15.6070266,49.0710662],[15.6071668,49.0709405],[15.6074075,49.0708607],[15.6077638,49.0707877],[15.6080166,49.0707291],[15.6080405,49.0707287],[15.6082326,49.0707256],[15.6088263,49.0707741],[15.6091137,49.0708495],[15.6093721,49.0709468],[15.6094599,49.0709034],[15.6095088,49.0709545],[15.6096276,49.0711014],[15.6096453,49.0710946],[15.6096965,49.0711233],[15.6097595,49.0711277],[15.610006,49.0710638],[15.6102223,49.0709912],[15.6102547,49.0709827],[15.6106424,49.0708804],[15.6109029,49.0708049],[15.6112861,49.0707054],[15.6128633,49.0702835],[15.6139515,49.0700199],[15.6139837,49.0699352],[15.6139053,49.0698966],[15.6136688,49.0697249],[15.6135247,49.069599],[15.613353,49.0694019],[15.613079,49.0689749],[15.6130013,49.068758],[15.6129474,49.0685393],[15.6127068,49.0680714],[15.6126147,49.0679265],[15.6124814,49.0677769],[15.612245,49.0675119],[15.6121349,49.0673741],[15.6115853,49.0665512],[15.6114658,49.0664797],[15.6113314,49.066453],[15.6118315,49.066345],[15.6119346,49.0663138],[15.6119781,49.0662648],[15.6119686,49.0661993],[15.6116906,49.0656775],[15.6114727,49.0652718],[15.6114103,49.0651824],[15.6112308,49.0648561],[15.6111391,49.0647125],[15.6110771,49.0646152],[15.6110214,49.064507],[15.6109515,49.0643709],[15.6105597,49.0636074],[15.6090027,49.0626921],[15.609027,49.0625953],[15.6089761,49.0625325],[15.6090377,49.0624727],[15.6090668,49.0622639],[15.6090069,49.0618338]]]}},{"type":"Feature","properties":{"SKNAZEV":"oblast a osa","OBTYPNAZEV":"AKC","DRUH_O_AKC":"AOV","ID_LOKAL":75,"OZNACENI_P":"AOV75","UO":1,"VYKON":98,"UROVEN":"URP","ID_NDOK":null,"NAZEV_NDOK":null,"NAZEV":"Jiratice","ZM_CISLO_P":2,"EUP_KOD_P":22907,"ZAPIS":"ZMZA","JE_AKTUALNI":true,"STAV_VYBERU":"ponechana"},"geometry":{"type":"Polygon","coordinates":[[[15.5661938,48.9953218],[15.5662959,48.9946762],[15.566803,48.9929443],[15.5663022,48.9927687],[15.5655693,48.9925116],[15.5649389,48.9922905],[15.5647833,48.992245],[15.564416,48.9921761],[15.5640279,48.9921552],[15.5630968,48.9921316],[15.561528,48.9921002],[15.5615605,48.9920068],[15.5616165,48.989237],[15.5616187,48.9891302],[15.5603628,48.9875637],[15.5616092,48.987044],[15.5619141,48.9850503],[15.5624333,48.9849206],[15.5637592,48.984575],[15.5640737,48.98348],[15.5640807,48.982866],[15.5641026,48.9826872],[15.5641441,48.9822247],[15.5636721,48.9805247],[15.5643853,48.977731],[15.5641543,48.9773746],[15.5642267,48.9772163],[15.5637478,48.976328],[15.5664931,48.9756552],[15.5692085,48.9753327],[15.5700943,48.9753082],[15.5705977,48.9753114],[15.5716562,48.9752488],[15.5717686,48.9752509],[15.5720025,48.97523],[15.5724009,48.9752126],[15.5727078,48.975214],[15.5727781,48.9752253],[15.5746493,48.9751249],[15.5755612,48.9751535],[15.5761702,48.9750355],[15.5766118,48.9749497],[15.5773261,48.9748112],[15.5789223,48.9744553],[15.5799025,48.9742926],[15.5802932,48.97534],[15.5795265,48.9769833],[15.57952,48.9771259],[15.5776771,48.9796117],[15.5789026,48.9809326],[15.579845,48.9834226],[15.5808014,48.9844227],[15.585629,48.9859401],[15.5857599,48.9859843],[15.5870438,48.9862394],[15.5886952,48.9866429],[15.590893,48.9863514],[15.5922672,48.9862882],[15.5956289,48.9856415],[15.597984,48.983342],[15.5980563,48.9832598],[15.5982463,48.9831844],[15.5987999,48.9807382],[15.5991025,48.9806473],[15.6019204,48.9798012],[15.6040409,48.9791661],[15.6046931,48.9790392],[15.6055764,48.9801684],[15.6057022,48.9801965],[15.6054636,48.9803558],[15.6052649,48.9804334],[15.6046556,48.9806964],[15.6042324,48.9808672],[15.6041346,48.980943],[15.6039013,48.9810358],[15.6037667,48.9810527],[15.6031975,48.9812795],[15.6043065,48.9828337],[15.6048686,48.9851137],[15.6061646,48.9862937],[15.6090796,48.9883182],[15.6096926,48.9882956],[15.6113076,48.9888137],[15.6118498,48.9890588],[15.6137173,48.9893068],[15.6161575,48.9886431],[15.6181031,48.9884573],[15.6181628,48.9883977],[15.6186538,48.9882387],[15.6213877,48.9855283],[15.6219128,48.9862426],[15.6220747,48.9863206],[15.6222668,48.9863499],[15.6228567,48.9864874],[15.6235544,48.9866887],[15.6245395,48.98704],[15.625629,48.9874418],[15.6261045,48.9876174],[15.6261689,48.9876707],[15.6261581,48.9877384],[15.6256993,48.9885707],[15.6270641,48.991065],[15.6274465,48.9919678],[15.6276237,48.9922821],[15.6275627,48.9922986],[15.6277975,48.9927305],[15.6279897,48.9930848],[15.6280757,48.9932527],[15.628149,48.9933832],[15.6282889,48.9936424],[15.6284271,48.9938988],[15.6284938,48.9940228],[15.6285587,48.9941431],[15.6286233,48.994263],[15.628876,48.9947318],[15.6294663,48.9958267],[15.6294934,48.9958412],[15.6295792,48.996206],[15.6272822,48.9964307],[15.6261249,48.9970394],[15.6249989,48.9973697],[15.6248139,48.9974502],[15.6242186,48.9975112],[15.6228404,48.9980378],[15.6224272,48.9982245],[15.6222277,48.9982113],[15.6221769,48.9982136],[15.6220361,48.9982259],[15.6212709,48.9985614],[15.6209368,48.9986614],[15.620864,48.9986881],[15.6204472,48.998723],[15.6200003,48.9988855],[15.6190365,48.9992666],[15.61836,48.9994897],[15.6169117,49.0000727],[15.6157622,49.0007897],[15.6150741,49.0026891],[15.614714,49.0027973],[15.6152027,49.0045549],[15.6154799,49.005427],[15.6155074,49.005544],[15.6170457,49.0068932],[15.6185875,49.0089511],[15.617856,49.0093683],[15.6176008,49.0094311],[15.6167754,49.009692],[15.6158658,49.0100225],[15.6154726,49.0101856],[15.6154523,49.0102439],[15.6153759,49.0104424],[15.6153347,49.0104498],[15.6144382,49.0106099],[15.6134779,49.0107816],[15.6112806,49.0111786],[15.610999,49.0112756],[15.6095692,49.0117345],[15.6079914,49.0122223],[15.6077933,49.0122162],[15.6073492,49.0123975],[15.6068668,49.0125889],[15.6063846,49.0127771],[15.6059903,49.0128808],[15.6053862,49.0130252],[15.6044319,49.0134891],[15.604093,49.0136202],[15.6034638,49.0140284],[15.6025965,49.0145321],[15.6020863,49.0146383],[15.6014535,49.0148062],[15.6011436,49.0148808],[15.6009037,49.0149477],[15.6008604,49.0148558],[15.600815,49.0147597],[15.6007741,49.0146723],[15.6007953,49.0146351],[15.6007498,49.0145498],[15.60069,49.0144379],[15.6006314,49.0144295],[15.6006268,49.0144225],[15.600556,49.0143144],[15.6004865,49.0142085],[15.6004119,49.0140948],[15.6003296,49.0139693],[15.6002618,49.0138445],[15.6001789,49.0136918],[15.6000901,49.0135263],[15.6001492,49.0134188],[15.6000873,49.0133203],[15.6000743,49.0132997],[15.6000062,49.0131916],[15.599984,49.0131565],[15.5998733,49.0131238],[15.5998311,49.0130434],[15.5997807,49.0129477],[15.5997338,49.0128586],[15.599691,49.0127772],[15.5996373,49.012675],[15.5995891,49.0125835],[15.5995372,49.0124848],[15.5994128,49.0122762],[15.5993423,49.012153],[15.5992734,49.0120324],[15.599193,49.0118918],[15.599122,49.0117679],[15.5990239,49.0116075],[15.5989754,49.0115287],[15.5988621,49.0114113],[15.5988177,49.0113654],[15.5987701,49.0113162],[15.5987239,49.0112686],[15.5985475,49.0111223],[15.5984656,49.011064],[15.5984002,49.0110139],[15.5983449,49.0109715],[15.5982541,49.0109183],[15.5981683,49.0108681],[15.5980194,49.010781],[15.5978636,49.0106978],[15.5975687,49.0105676],[15.5974103,49.0105092],[15.5973017,49.0104689],[15.5971879,49.0104267],[15.5970552,49.0103888],[15.596929,49.0103527],[15.5967875,49.0103137],[15.5965976,49.0102758],[15.5964572,49.0102487],[15.596286,49.0102206],[15.5962236,49.0102104],[15.5961972,49.0101942],[15.5957334,49.010141],[15.5954561,49.0101443],[15.5952381,49.0100532],[15.5939501,49.009674],[15.5939203,49.009632],[15.5937263,49.0093564],[15.5936075,49.0091864],[15.5934592,49.0089744],[15.5933475,49.0088145],[15.5932439,49.0086662],[15.5931402,49.0085176],[15.5929927,49.0083049],[15.5929628,49.0082616],[15.5928658,49.0081213],[15.5927821,49.0080216],[15.5926657,49.0079342],[15.5924254,49.0077791],[15.5921461,49.0075986],[15.5918015,49.007376],[15.5915981,49.0072442],[15.5912392,49.0070116],[15.591211,49.0069934],[15.5911143,49.0069111],[15.5910606,49.0068644],[15.5910233,49.0068156],[15.5909595,49.006732],[15.590951,49.0067152],[15.5909245,49.0066621],[15.5908963,49.0066057],[15.5908677,49.0065487],[15.5908397,49.0064925],[15.5907737,49.0063609],[15.5907446,49.0063007],[15.5907247,49.0062595],[15.5906184,49.0059838],[15.5906003,49.0059353],[15.5905676,49.0058025],[15.590547,49.005719],[15.5905372,49.005656],[15.5905178,49.0055326],[15.5905066,49.0054606],[15.5905878,49.0049657],[15.5906844,49.0044038],[15.5907013,49.0042575],[15.590692,49.0041967],[15.5906711,49.0041586],[15.5906497,49.0041192],[15.5904715,49.0040037],[15.5903214,49.0039076],[15.5901599,49.0037898],[15.5900445,49.003718],[15.5899074,49.0036377],[15.5894932,49.0034029],[15.5891863,49.0031755],[15.5891097,49.0030772],[15.589066,49.0029614],[15.5890502,49.0028844],[15.5890228,49.002886],[15.5889492,49.0028221],[15.5889237,49.0028128],[15.5889101,49.0028079],[15.5888937,49.0027957],[15.5888819,49.002787],[15.5888676,49.0027672],[15.5887482,49.0026159],[15.5880843,49.0019901],[15.5876039,49.0016629],[15.5866964,49.0010257],[15.5868556,49.0007369],[15.5870364,49.0002188],[15.587092,48.9997399],[15.5866812,48.9990137],[15.5861398,48.9977683],[15.5849924,48.9968213],[15.5847264,48.9966887],[15.5846901,48.9966684],[15.5846437,48.9966425],[15.5844909,48.9965853],[15.584257,48.9963468],[15.5840785,48.9962726],[15.584029,48.996252],[15.583409,48.996039],[15.5831338,48.9957872],[15.5821575,48.995614],[15.5810092,48.9954174],[15.5810847,48.9951345],[15.5770512,48.9954749],[15.5752814,48.9964057],[15.5741638,48.9969256],[15.5729658,48.9978935],[15.572085,48.9992091],[15.5719878,48.9999783],[15.5719177,48.9999331],[15.5717378,48.999866],[15.5715521,48.9997969],[15.5715178,48.9997984],[15.5711581,48.9998142],[15.5709612,48.9998229],[15.5708882,48.9998109],[15.5705234,48.9997507],[15.570235,48.9997589],[15.5698562,48.9996862],[15.5698015,48.9997055],[15.5696499,48.999736],[15.5695157,48.9997739],[15.5694098,48.9997934],[15.5692997,48.9998137],[15.5692388,48.9998249],[15.5691813,48.9998365],[15.5689169,48.9998896],[15.5688752,48.9998814],[15.568371,48.9997834],[15.5681257,48.9996879],[15.5680078,48.9996192],[15.5679066,48.9995514],[15.5678096,48.9994749],[15.5677186,48.9994156],[15.5674854,48.9993238],[15.5674208,48.9992475],[15.5673167,48.9991245],[15.567491,48.9988524],[15.5675526,48.9987653],[15.5681566,48.9979102],[15.5686547,48.9971762],[15.5683091,48.9969969],[15.5679796,48.9968226],[15.5679085,48.996789],[15.5673309,48.9965157],[15.5665437,48.9961401],[15.5665436,48.9961044],[15.5665652,48.9959176],[15.5666551,48.9957217],[15.5668689,48.9954576],[15.5668985,48.9954694],[15.5671622,48.995093],[15.567166,48.9950376],[15.5671281,48.9950082],[15.5669251,48.99505],[15.5667682,48.995158],[15.5666282,48.9953332],[15.5664721,48.9953397],[15.5662916,48.995315],[15.5661938,48.9953218]]]}},{"type":"Feature","properties":{"SKNAZEV":"oblast a osa","OBTYPNAZEV":"AKC","DRUH_O_AKC":"AOV","ID_LOKAL":77,"OZNACENI_P":"AOV77","UO":1,"VYKON":28,"UROVEN":"URP","ID_NDOK":null,"NAZEV_NDOK":null,"NAZEV":"Petroupim","ZM_CISLO_P":2,"EUP_KOD_P":22907,"ZAPIS":"ZMZA","JE_AKTUALNI":true,"STAV_VYBERU":"ponechana"},"geometry":{"type":"Polygon","coordinates":[[[14.7400153,49.7922666],[14.7408926,49.7927644],[14.741028,49.7928036],[14.7410803,49.7928187],[14.7411824,49.7928482],[14.7419694,49.7932059],[14.7420224,49.7932228],[14.7424166,49.7935188],[14.7424649,49.7935306],[14.7427293,49.7935122],[14.7432908,49.7936343],[14.743683,49.7937499],[14.7433505,49.7940772],[14.7436555,49.7942387],[14.7438513,49.794709],[14.7439381,49.7947412],[14.7439681,49.7947919],[14.7440666,49.7948277],[14.7450256,49.7951425],[14.7449002,49.795316],[14.7457183,49.7962666],[14.7468921,49.7968234],[14.7475523,49.7970747],[14.7480166,49.7972567],[14.7485532,49.797676],[14.7487567,49.7977901],[14.7488995,49.7978743],[14.7489566,49.7978677],[14.7502381,49.7983821],[14.7515927,49.7981986],[14.7517954,49.798016],[14.7518331,49.7980127],[14.7531502,49.7977729],[14.7540179,49.7976507],[14.7540921,49.797652],[14.7540647,49.797426],[14.7562856,49.7972946],[14.7565215,49.7972074],[14.7591195,49.7970671],[14.7593337,49.7967535],[14.7595794,49.7962428],[14.7603046,49.7961303],[14.7604694,49.7960386],[14.760402,49.7963501],[14.7606892,49.7964484],[14.7608561,49.7965112],[14.7615106,49.7964162],[14.7620238,49.7962271],[14.7623392,49.7961009],[14.7631509,49.7959786],[14.7631378,49.7960136],[14.7631645,49.7960274],[14.7636573,49.7959103],[14.7637878,49.7961618],[14.7639211,49.7962688],[14.7646208,49.796089],[14.7646815,49.7961291],[14.7649641,49.7963293],[14.7655034,49.7960837],[14.7656919,49.7961943],[14.7658147,49.7962764],[14.7659492,49.796342],[14.7666315,49.7960076],[14.7671662,49.7960343],[14.7672081,49.7960511],[14.7674791,49.796051],[14.7677794,49.7962203],[14.7681594,49.7963315],[14.7687365,49.7964849],[14.7692436,49.7965359],[14.7697978,49.7968789],[14.7704415,49.797617],[14.7704787,49.7976589],[14.7706398,49.7978319],[14.7711709,49.7983316],[14.7724221,49.7990965],[14.7742132,49.7992706],[14.7764516,49.7997205],[14.7756876,49.8003644],[14.7758669,49.8003846],[14.7758766,49.8003991],[14.7762829,49.8010032],[14.7763171,49.8010549],[14.7763228,49.8011488],[14.7756834,49.8014159],[14.7758995,49.8018329],[14.7760493,49.802064],[14.7761559,49.8022292],[14.7764064,49.8024114],[14.7764028,49.8024618],[14.7795571,49.8029121],[14.779566,49.8029265],[14.7796178,49.8030111],[14.7796751,49.8031045],[14.7797502,49.8032269],[14.7799354,49.8035292],[14.7799825,49.8039109],[14.7800092,49.804156],[14.780008,49.8042069],[14.7800296,49.8042094],[14.7800981,49.8042171],[14.780134,49.8042212],[14.7801655,49.8042275],[14.7802319,49.8042409],[14.7802893,49.8042526],[14.7802984,49.804254],[14.7803661,49.8042642],[14.780428,49.8042735],[14.7804339,49.8042739],[14.7805031,49.8042782],[14.7805723,49.8042826],[14.7806184,49.8042855],[14.7806413,49.8042876],[14.7807101,49.8042939],[14.7807789,49.8043001],[14.7808477,49.8043063],[14.7809165,49.8043126],[14.7809854,49.8043189],[14.7810542,49.8043252],[14.781123,49.8043314],[14.7811374,49.8043327],[14.7811917,49.8043381],[14.7812604,49.8043449],[14.7813291,49.8043516],[14.7813977,49.8043584],[14.7814666,49.8043651],[14.7815353,49.8043719],[14.7816002,49.8043783],[14.781604,49.8043785],[14.7816733,49.8043808],[14.7817427,49.8043832],[14.7818122,49.8043856],[14.7818135,49.8043856],[14.7818816,49.8043835],[14.781951,49.8043813],[14.7819684,49.8043808],[14.7820008,49.8043798],[14.78202,49.8043775],[14.7820883,49.8043689],[14.7821552,49.8043606],[14.7821565,49.8043603],[14.7822223,49.8043459],[14.782288,49.8043314],[14.7823539,49.8043169],[14.7824197,49.8043024],[14.7824486,49.8042961],[14.7824845,49.8042862],[14.7825484,49.8042686],[14.7826123,49.8042509],[14.7826763,49.8042334],[14.7827289,49.8042189],[14.7827401,49.8042156],[14.7828034,49.804197],[14.7828667,49.8041784],[14.78293,49.8041598],[14.7829933,49.8041413],[14.7830566,49.8041227],[14.7830897,49.8041131],[14.7831207,49.8041054],[14.7831855,49.8040894],[14.7832505,49.8040733],[14.7833155,49.8040573],[14.7833804,49.8040412],[14.7834452,49.8040252],[14.7844513,49.8040867],[14.7856726,49.8037775],[14.7858077,49.8039556],[14.7858653,49.8041071],[14.7857598,49.8041691],[14.7858736,49.8043844],[14.7859982,49.8044739],[14.786168,49.8045659],[14.786338,49.8046685],[14.7864459,49.8047619],[14.7865002,49.8048806],[14.7864784,49.8049384],[14.7864629,49.8049794],[14.7863109,49.8054379],[14.7860915,49.8056819],[14.7862022,49.8060094],[14.7863538,49.8063303],[14.7862684,49.806351],[14.7860646,49.8062977],[14.7859648,49.806345],[14.7858998,49.8063319],[14.7857642,49.8063357],[14.7856837,49.8063659],[14.7855063,49.806278],[14.7853909,49.8063104],[14.7853543,49.8063207],[14.7854616,49.806464],[14.7851851,49.8065322],[14.7850971,49.806554],[14.7843759,49.806472],[14.7843172,49.8066312],[14.7837499,49.8067711],[14.7831505,49.8069233],[14.7822071,49.8068516],[14.7819728,49.8068924],[14.7812829,49.8072029],[14.7800784,49.8071104],[14.7798078,49.8071043],[14.7797571,49.8071256],[14.7796466,49.8071718],[14.7795384,49.8072107],[14.778077,49.8073145],[14.7771007,49.8073315],[14.7758187,49.8067847],[14.7745688,49.8066632],[14.7734193,49.8062892],[14.7713226,49.8061731],[14.7691103,49.8063698],[14.7671923,49.8069333],[14.7661147,49.8071636],[14.7650155,49.8073046],[14.7641148,49.8066896],[14.7645351,49.8059178],[14.7636872,49.8059175],[14.7636265,49.8055014],[14.7625462,49.8054308],[14.7625233,49.8051899],[14.762477,49.8048413],[14.7624552,49.8046715],[14.7624192,49.8044636],[14.7616858,49.8046852],[14.7617105,49.8042485],[14.7611881,49.804005],[14.7609231,49.8037989],[14.7605898,49.8038724],[14.76052,49.8038403],[14.7599643,49.8037616],[14.759918,49.8037487],[14.7594217,49.8034428],[14.7592863,49.8033534],[14.7592423,49.8033254],[14.7591962,49.8033247],[14.7589991,49.8033042],[14.7588455,49.8032989],[14.7586715,49.8032102],[14.7567484,49.8027994],[14.7564038,49.8025899],[14.7563632,49.8025714],[14.7561882,49.8024589],[14.7551389,49.802173],[14.754113,49.8019571],[14.753958,49.8019675],[14.7528658,49.8018579],[14.7528297,49.8018782],[14.751685,49.8019919],[14.7516563,49.8019096],[14.7512309,49.8017008],[14.7509568,49.8016584],[14.7508453,49.8019124],[14.7503613,49.8019194],[14.7493965,49.8015743],[14.7493531,49.8016389],[14.7481797,49.8019723],[14.7478736,49.8019553],[14.7465681,49.8023052],[14.7453975,49.8025436],[14.7453613,49.8026722],[14.745235,49.8028153],[14.7446125,49.8034762],[14.7442761,49.8037051],[14.7414955,49.8044381],[14.7411614,49.8045259],[14.7406331,49.8047017],[14.7400658,49.804928],[14.7400192,49.80495],[14.7400243,49.8050111],[14.7407079,49.8056827],[14.7406841,49.8057224],[14.7404152,49.8061209],[14.7403865,49.806161],[14.7403229,49.8062493],[14.7401308,49.8065124],[14.7400226,49.8066547],[14.7400102,49.8071408],[14.7400072,49.8071638],[14.7399822,49.8074802],[14.7399253,49.8076574],[14.7399317,49.8078848],[14.7398831,49.8081795],[14.7396749,49.8084746],[14.7395851,49.8087981],[14.739776,49.8090676],[14.7401817,49.8095187],[14.7398584,49.8096326],[14.739857,49.8096564],[14.7399502,49.8096525],[14.7401972,49.8102035],[14.7401816,49.8105196],[14.7402531,49.8107556],[14.7402232,49.8108607],[14.7400202,49.8112135],[14.7399173,49.8113504],[14.7398404,49.8114528],[14.7386344,49.8117606],[14.7375562,49.8120788],[14.7370613,49.8121988],[14.7370032,49.8120564],[14.7367449,49.8119552],[14.7369434,49.8116409],[14.7365934,49.8115947],[14.7365644,49.811331],[14.7361303,49.8110417],[14.7358522,49.8110515],[14.7349515,49.8110117],[14.7340996,49.811026],[14.7338729,49.8109866],[14.7335746,49.8109446],[14.7332579,49.8109132],[14.7330276,49.810885],[14.732988,49.8108838],[14.7325991,49.8109295],[14.7321597,49.8108006],[14.7316977,49.8106954],[14.7311257,49.8105448],[14.7302466,49.8103795],[14.7294551,49.810297],[14.7295552,49.810129],[14.7305771,49.8088759],[14.7306049,49.8087821],[14.7310498,49.80773],[14.7310648,49.8076706],[14.7311118,49.807486],[14.7309073,49.8073113],[14.7307679,49.8071627],[14.7306317,49.8068193],[14.7304576,49.8065171],[14.7301225,49.8060366],[14.7299951,49.8057984],[14.7299774,49.8056628],[14.7298372,49.8055318],[14.7297877,49.8054856],[14.7297579,49.8054561],[14.7297352,49.8054173],[14.7297249,49.8053999],[14.7300547,49.805367],[14.7300695,49.8053579],[14.7301047,49.805336],[14.7301532,49.8053061],[14.7309916,49.8050481],[14.7311149,49.8049332],[14.7314404,49.8048678],[14.7316878,49.8048793],[14.7317252,49.804881],[14.7317933,49.8048841],[14.7318248,49.804903],[14.7318537,49.8048994],[14.7319089,49.8048926],[14.7321383,49.8048641],[14.7322675,49.804802],[14.7323031,49.8047849],[14.7323084,49.8047674],[14.7323181,49.8047356],[14.7323207,49.8047231],[14.7323357,49.8047057],[14.7323482,49.8046936],[14.7323513,49.8046951],[14.7323658,49.8046592],[14.73238,49.8046244],[14.7323835,49.8046159],[14.7325501,49.8045657],[14.7329359,49.8044151],[14.7329725,49.8044085],[14.7331991,49.8043679],[14.7332795,49.8043535],[14.7333514,49.8039671],[14.7333641,49.8039666],[14.7333753,49.8039688],[14.7333782,49.803966],[14.733394,49.8039506],[14.7334098,49.8039353],[14.7334268,49.8039187],[14.733478,49.803869],[14.7334915,49.8038558],[14.7335288,49.8037994],[14.7335695,49.8037376],[14.7335789,49.8037237],[14.7335797,49.8036787],[14.7335801,49.8036528],[14.733588,49.8036376],[14.7336042,49.803606],[14.7336227,49.8035701],[14.7336365,49.8035433],[14.7336507,49.8035266],[14.7337063,49.8034612],[14.7337877,49.8033651],[14.7338449,49.8032976],[14.7338457,49.8032968],[14.7338949,49.803238],[14.7338979,49.8032349],[14.7339195,49.8032128],[14.7339513,49.8031847],[14.7339818,49.8031651],[14.7339965,49.8031558],[14.7341029,49.8030882],[14.7341892,49.8030333],[14.7342194,49.8030141],[14.7342742,49.803002],[14.7343404,49.8029874],[14.7343588,49.8029825],[14.7344359,49.8029617],[14.734524,49.8029381],[14.7345709,49.8029255],[14.7346294,49.8029107],[14.7347119,49.8028897],[14.7347555,49.8028785],[14.7348044,49.8028646],[14.7348576,49.8028495],[14.7348877,49.8028355],[14.7348547,49.8028081],[14.7348274,49.8027943],[14.7348275,49.8027754],[14.734837,49.80273],[14.7348321,49.8027122],[14.7348088,49.8026984],[14.734769,49.8026766],[14.7347723,49.802651],[14.7347939,49.8025646],[14.7347968,49.8025312],[14.7348803,49.8023272],[14.7351512,49.8020136],[14.7353023,49.8019056],[14.7358057,49.8016969],[14.7355199,49.8008485],[14.735469,49.8007881],[14.7354342,49.8007525],[14.7353929,49.8007352],[14.7353329,49.8007058],[14.7349486,49.8002879],[14.734496,49.8000302],[14.7343286,49.7999293],[14.7342493,49.7998569],[14.7341797,49.7997725],[14.7341431,49.7997093],[14.7340475,49.7994258],[14.7340417,49.7994084],[14.7339558,49.7992641],[14.7338091,49.7990549],[14.7337816,49.7989891],[14.7337779,49.7989331],[14.7338456,49.7986045],[14.7338196,49.7984686],[14.7337302,49.7983198],[14.7335193,49.7981326],[14.733186,49.7977237],[14.7329837,49.7974667],[14.7329194,49.7974067],[14.7327056,49.7972412],[14.7326982,49.7972358],[14.7326037,49.7971666],[14.7325003,49.7970907],[14.7324131,49.7970267],[14.7323796,49.7970159],[14.7322162,49.796963],[14.7321901,49.7969546],[14.731954,49.7969178],[14.7317148,49.7968805],[14.7316843,49.7968758],[14.7314769,49.7968528],[14.7311581,49.7968174],[14.7311501,49.7968099],[14.7311581,49.7968065],[14.7311619,49.7968065],[14.7312187,49.796645],[14.7312293,49.7966148],[14.7312545,49.7965422],[14.7312697,49.796505],[14.7312852,49.79648],[14.731294,49.796466],[14.7313215,49.7964317],[14.7313487,49.7964032],[14.7313598,49.7963917],[14.7314015,49.796362],[14.731428,49.7963503],[14.7314332,49.796348],[14.7314815,49.7963346],[14.7315285,49.7963275],[14.7316658,49.7963218],[14.7317221,49.7963217],[14.7320343,49.7963209],[14.732487,49.7963198],[14.7326223,49.7963219],[14.7326952,49.7963231],[14.7328296,49.7963335],[14.7329856,49.7963652],[14.7337507,49.7966282],[14.733846,49.7965212],[14.7340071,49.7963404],[14.7341424,49.7961886],[14.734206,49.7961172],[14.7342707,49.7960446],[14.7343153,49.7959946],[14.7343803,49.7959216],[14.7344214,49.7958755],[14.7344337,49.7958617],[14.7344542,49.7958267],[14.734483,49.7957777],[14.7345169,49.7957201],[14.7345411,49.795679],[14.7345588,49.7956487],[14.7358682,49.794988],[14.7358739,49.794993],[14.7359051,49.7950202],[14.7359336,49.7950338],[14.7359527,49.7950428],[14.7360117,49.7950524],[14.7360382,49.7950516],[14.7360711,49.7950507],[14.7361913,49.795059],[14.7361952,49.79506],[14.7362719,49.7950794],[14.7362907,49.7950841],[14.7363263,49.7950963],[14.7364296,49.7951316],[14.7364325,49.7951326],[14.7365062,49.795164],[14.7366396,49.7952209],[14.7366552,49.7952287],[14.73669,49.7952463],[14.7366938,49.7952482],[14.7367304,49.7952658],[14.7367739,49.7952806],[14.7367979,49.7952868],[14.7368338,49.7952959],[14.7369145,49.7953145],[14.7370777,49.7953519],[14.737123,49.7953624],[14.7371822,49.7953824],[14.737228,49.7954042],[14.7373021,49.7954394],[14.7374071,49.7954094],[14.737481,49.7953882],[14.7375128,49.7953791],[14.737537,49.7953714],[14.7375964,49.7953525],[14.7376236,49.7952782],[14.7376465,49.795216],[14.7378318,49.7950631],[14.7379636,49.7947709],[14.7381746,49.7942159],[14.7383225,49.7939109],[14.7384537,49.7937922],[14.7387717,49.7936137],[14.7400153,49.7922666]]]}},{"type":"Feature","properties":{"SKNAZEV":"oblast a osa","OBTYPNAZEV":"AKC","DRUH_O_AKC":"AOV","ID_LOKAL":82,"OZNACENI_P":"AOV82","UO":1,"VYKON":116,"UROVEN":"URP","ID_NDOK":null,"NAZEV_NDOK":null,"NAZEV":"Boreč","ZM_CISLO_P":2,"EUP_KOD_P":22907,"ZAPIS":"ZMZA","JE_AKTUALNI":true,"STAV_VYBERU":"ponechana"},"geometry":{"type":"Polygon","coordinates":[[[14.7064212,50.4235624],[14.7063707,50.4235242],[14.7062265,50.4233856],[14.7061082,50.4232491],[14.7060925,50.4230524],[14.7063002,50.4229667],[14.7063886,50.4229418],[14.7050558,50.4214802],[14.706498,50.4213229],[14.7067935,50.4213161],[14.7077573,50.4211909],[14.7085655,50.4212542],[14.7086077,50.4210701],[14.7088434,50.4209554],[14.7092183,50.4209154],[14.709101,50.4205765],[14.7091645,50.4205714],[14.7093517,50.4205246],[14.7095951,50.4204815],[14.709862,50.4204813],[14.710073,50.4204329],[14.7101692,50.4204289],[14.7105562,50.4203839],[14.7110928,50.4203094],[14.7115294,50.4201414],[14.7118955,50.4200459],[14.71225,50.4199689],[14.7124793,50.4199375],[14.7126601,50.4199484],[14.7129733,50.4199799],[14.7131737,50.4199892],[14.7132902,50.4200004],[14.713391,50.4200607],[14.7136614,50.4199618],[14.7136194,50.4199956],[14.7135993,50.4200278],[14.7136009,50.4200627],[14.7136129,50.4200897],[14.7136272,50.4201037],[14.7138239,50.4202491],[14.7141339,50.4204088],[14.7142922,50.4204841],[14.7146294,50.4205324],[14.7147467,50.4205343],[14.7149577,50.4204844],[14.7153442,50.4204861],[14.7153984,50.4204502],[14.719685,50.419785],[14.7219144,50.418215],[14.7222436,50.4179736],[14.7224834,50.4177648],[14.7226509,50.4175001],[14.7227137,50.4173529],[14.722755,50.4167335],[14.7229557,50.416291],[14.7227961,50.4156302],[14.7227985,50.4151567],[14.7229476,50.4150396],[14.7230283,50.4149413],[14.7231262,50.414849],[14.7233651,50.414692],[14.7264991,50.4146305],[14.7315298,50.4156152],[14.738838,50.4181289],[14.7389155,50.41817],[14.7390509,50.418102],[14.7393376,50.4179578],[14.7396611,50.4181763],[14.745373,50.4167274],[14.7453936,50.4165699],[14.7513057,50.4118232],[14.7487343,50.4112034],[14.7479905,50.4108084],[14.7454185,50.4094421],[14.7449428,50.4092819],[14.744971,50.4092462],[14.7450342,50.4091506],[14.7450627,50.4090316],[14.7449534,50.4088261],[14.7449639,50.4088092],[14.7449941,50.4087974],[14.7452708,50.4087353],[14.7454837,50.4085672],[14.7459311,50.4080643],[14.746112,50.4079185],[14.7461537,50.4078559],[14.7460814,50.4078678],[14.7457966,50.4079638],[14.745527,50.4080419],[14.7451045,50.4081235],[14.7449378,50.4081286],[14.7448088,50.4081191],[14.7447654,50.4081095],[14.7447407,50.4080836],[14.7446071,50.4080552],[14.7443211,50.4079385],[14.7442783,50.407948],[14.7440226,50.4077844],[14.7440834,50.407748],[14.7444373,50.4056097],[14.743736,50.4046084],[14.7415758,50.4018025],[14.7415414,50.4017422],[14.7401099,50.4007261],[14.7378771,50.4002004],[14.7384885,50.3992386],[14.73878,50.3987268],[14.7392434,50.3978831],[14.7396179,50.3973001],[14.740135,50.3965452],[14.7408066,50.3955631],[14.7412184,50.3950263],[14.7415598,50.3946733],[14.7425748,50.3937335],[14.743773,50.3926132],[14.7450455,50.3914147],[14.7457327,50.3907672],[14.7459338,50.3905593],[14.7460241,50.3904397],[14.7462027,50.3904752],[14.7521971,50.3919944],[14.7538258,50.3908552],[14.755518,50.3894462],[14.7569496,50.3901045],[14.7566804,50.3893203],[14.7566414,50.3893126],[14.7565684,50.3891103],[14.7565984,50.3890924],[14.7563964,50.3885401],[14.7562916,50.388229],[14.7625888,50.3860038],[14.7623708,50.3856175],[14.7621681,50.3856641],[14.7619859,50.3854097],[14.7618079,50.3850732],[14.761604,50.3846391],[14.7615364,50.3843881],[14.7615226,50.3843485],[14.7621071,50.384288],[14.7625745,50.3841883],[14.7628458,50.3841443],[14.7641902,50.385204],[14.7652795,50.3858234],[14.7670272,50.3862349],[14.7674812,50.3862264],[14.768112,50.3861578],[14.7706879,50.3859853],[14.7707297,50.3869197],[14.7705666,50.3870186],[14.7689283,50.3875642],[14.7683554,50.3877551],[14.7682611,50.387756],[14.7680116,50.3878391],[14.7679763,50.3878703],[14.7679564,50.3878879],[14.7667171,50.3883007],[14.7665954,50.3884427],[14.767554,50.3896202],[14.7673714,50.389641],[14.7665929,50.3897018],[14.7658603,50.3897275],[14.7657578,50.3898351],[14.7652157,50.3897267],[14.7661086,50.3905495],[14.7666075,50.3904552],[14.7672638,50.3913883],[14.7667909,50.3915192],[14.7656824,50.3918261],[14.7656275,50.3918782],[14.764277,50.3923002],[14.7638214,50.3924413],[14.7633973,50.3926024],[14.76296,50.3933228],[14.7641308,50.3934545],[14.7645692,50.3939941],[14.7647821,50.394293],[14.764522,50.3944013],[14.7640246,50.3946304],[14.7636195,50.3948794],[14.7632092,50.3952172],[14.7629233,50.3954769],[14.7644466,50.3962074],[14.7666576,50.3971324],[14.7664749,50.3972189],[14.7662483,50.3973884],[14.7663616,50.3974501],[14.7678615,50.398279],[14.7673679,50.3986256],[14.7664723,50.3993081],[14.766965,50.3994854],[14.7673917,50.3996467],[14.7677911,50.3997683],[14.7681709,50.3999054],[14.7684091,50.3999907],[14.7690034,50.4002363],[14.769359,50.400406],[14.7698902,50.4006065],[14.7699327,50.4006269],[14.7689002,50.4017208],[14.7694928,50.4019917],[14.7698476,50.4016618],[14.7707254,50.4019448],[14.7707645,50.4019638],[14.7713184,50.402233],[14.7715069,50.4023245],[14.7716701,50.4021979],[14.7718639,50.401988],[14.7728733,50.4023908],[14.7737297,50.4026668],[14.7738529,50.4027066],[14.7739612,50.4027367],[14.7741971,50.402394],[14.7747844,50.4021731],[14.7750854,50.4024344],[14.7753601,50.4027287],[14.775639,50.4030276],[14.7772609,50.4024308],[14.7775546,50.4027165],[14.7778428,50.4029967],[14.7782074,50.4028624],[14.7785338,50.4027423],[14.7788889,50.4026116],[14.7792294,50.4024863],[14.7793143,50.4024551],[14.7799684,50.4022141],[14.7821198,50.4012862],[14.7848,50.4009455],[14.7846945,50.4014054],[14.7845081,50.4017155],[14.7838423,50.4023287],[14.7843067,50.4022592],[14.7842062,50.4024124],[14.7843332,50.4023933],[14.7843827,50.4023908],[14.7846811,50.4023766],[14.7846649,50.4024334],[14.7846495,50.402487],[14.784685,50.4024754],[14.7847124,50.4024665],[14.784695,50.402689],[14.7847558,50.4029127],[14.7848067,50.4031866],[14.784815,50.4032308],[14.7849411,50.4034622],[14.7849664,50.4035423],[14.7850431,50.4037836],[14.7850867,50.4040089],[14.7850744,50.4042185],[14.7849395,50.4048881],[14.7849452,50.4049554],[14.7849351,50.4049738],[14.7848352,50.4057129],[14.7847777,50.4057077],[14.784762,50.4058303],[14.7846028,50.4063459],[14.7845682,50.4066594],[14.7845792,50.4068102],[14.7846213,50.4069504],[14.7846932,50.4071887],[14.7850314,50.4080085],[14.7851541,50.4084316],[14.7845092,50.4090554],[14.7840379,50.4094365],[14.7836101,50.4095615],[14.7831731,50.4095635],[14.7810261,50.4095653],[14.7800864,50.4095744],[14.7796214,50.4095658],[14.7786872,50.4097242],[14.7777675,50.4099279],[14.7760176,50.4105314],[14.7745226,50.4110784],[14.7736852,50.4112985],[14.7726583,50.4118465],[14.7722227,50.4121402],[14.771764,50.4124201],[14.7697991,50.4125473],[14.7692789,50.413471],[14.7681704,50.4147298],[14.7680487,50.4147184],[14.7676369,50.4145739],[14.764741,50.4153041],[14.7649522,50.4155975],[14.7653836,50.4161007],[14.763159,50.4168743],[14.7629787,50.4165496],[14.7626927,50.4161046],[14.7626078,50.4150836],[14.7606795,50.4166279],[14.7595268,50.417551],[14.7587418,50.4168932],[14.758661,50.4168131],[14.7580408,50.4161983],[14.7543842,50.4191528],[14.7542913,50.4190607],[14.7539681,50.4187402],[14.7518165,50.4204678],[14.7510459,50.4200367],[14.7466802,50.4202845],[14.746778,50.4214559],[14.7468565,50.422397],[14.7469784,50.4238585],[14.7469901,50.4239986],[14.7469685,50.424061],[14.7468341,50.4240835],[14.7467581,50.424111],[14.7464229,50.4242324],[14.7461905,50.4243165],[14.7457147,50.4245214],[14.7451421,50.4247279],[14.7448347,50.4248098],[14.7469806,50.4272195],[14.7465946,50.4274867],[14.7478592,50.4293858],[14.7464318,50.4300779],[14.7452371,50.4305429],[14.7439962,50.4309513],[14.7440341,50.431011],[14.7437499,50.4335057],[14.7429152,50.4343226],[14.7426543,50.4344379],[14.7424139,50.4346095],[14.7422787,50.4344444],[14.7422639,50.4343396],[14.7410516,50.4344548],[14.7407938,50.4344578],[14.7407171,50.4341487],[14.7403936,50.4341961],[14.7402227,50.4342261],[14.7400471,50.4342797],[14.74015,50.4344528],[14.7396793,50.4345145],[14.7390241,50.4344798],[14.7387071,50.4345355],[14.7382214,50.4347113],[14.7376099,50.4350448],[14.737895,50.4352721],[14.7382927,50.435497],[14.7380445,50.4358671],[14.7379623,50.4361401],[14.7378996,50.436339],[14.7378593,50.4364402],[14.7377648,50.4365316],[14.7374645,50.4366902],[14.7372679,50.4367956],[14.7376269,50.4373291],[14.7375843,50.4373355],[14.737487,50.4377288],[14.7374415,50.4378268],[14.7371679,50.4379657],[14.7370813,50.4380097],[14.7367628,50.4381049],[14.7365033,50.4381384],[14.7361765,50.4381507],[14.7360096,50.437869],[14.7359748,50.4378105],[14.7353965,50.4371632],[14.7337957,50.4353715],[14.7337395,50.4353089],[14.7335195,50.4354647],[14.7332217,50.4356493],[14.7331537,50.4356757],[14.7325168,50.4358232],[14.7319207,50.4359704],[14.7316582,50.4359976],[14.7313972,50.4360605],[14.7291855,50.4356929],[14.7266677,50.4345893],[14.7245815,50.4343086],[14.7226749,50.4341756],[14.7209439,50.4342389],[14.7192299,50.4342419],[14.7181673,50.4326082],[14.7174599,50.4315201],[14.7170434,50.4308798],[14.7168607,50.4308156],[14.7151414,50.4311666],[14.7149165,50.4311763],[14.7147833,50.4311345],[14.7147577,50.4310872],[14.7142475,50.4296683],[14.7140287,50.4290043],[14.7140213,50.4288389],[14.7138333,50.4287652],[14.7124381,50.4291329],[14.7122432,50.4288476],[14.7120796,50.4288383],[14.7061985,50.4306947],[14.7047753,50.430605],[14.7027722,50.4274108],[14.7026066,50.4272016],[14.7023172,50.4270597],[14.7021618,50.4270468],[14.7013855,50.4267625],[14.7012444,50.4266005],[14.700789,50.4260073],[14.7035945,50.4246453],[14.7036206,50.4246616],[14.703994,50.4245259],[14.7063574,50.4236667],[14.7064212,50.4235624]]]}},{"type":"Feature","properties":{"SKNAZEV":"oblast a osa","OBTYPNAZEV":"AKC","DRUH_O_AKC":"AOV","ID_LOKAL":83,"OZNACENI_P":"AOV83","UO":1,"VYKON":126,"UROVEN":"URP","ID_NDOK":null,"NAZEV_NDOK":null,"NAZEV":"Chorušice","ZM_CISLO_P":2,"EUP_KOD_P":22907,"ZAPIS":"ZMZA","JE_AKTUALNI":true,"STAV_VYBERU":"ponechana"},"geometry":{"type":"Polygon","coordinates":[[[14.7080013,50.3886348],[14.7081396,50.389346],[14.7075131,50.3896309],[14.7073144,50.3897629],[14.7066415,50.3900189],[14.7063971,50.3896795],[14.7062128,50.3897303],[14.7061462,50.3896483],[14.7060409,50.3895757],[14.7058587,50.3894803],[14.7057565,50.3895318],[14.7058599,50.3896954],[14.7034632,50.3911063],[14.7032739,50.390752],[14.7011634,50.3905472],[14.7002136,50.3908403],[14.6992422,50.391145],[14.6943507,50.3920637],[14.6941462,50.3917489],[14.689972,50.3948099],[14.6880439,50.3973053],[14.6875964,50.4004194],[14.6889889,50.4050574],[14.6852323,50.4062744],[14.684927,50.4064795],[14.6843616,50.4069298],[14.6842588,50.4069241],[14.6842354,50.4069603],[14.6825212,50.4075211],[14.6811866,50.4087216],[14.6813677,50.4088742],[14.6806675,50.4098646],[14.6796827,50.4117513],[14.6755314,50.41387],[14.6747454,50.4142906],[14.6748244,50.4144246],[14.6727267,50.4151331],[14.672227,50.4161585],[14.6714624,50.4163469],[14.6709914,50.4164619],[14.6702778,50.4166346],[14.6693893,50.4168504],[14.6687329,50.4170097],[14.6683649,50.4170976],[14.6635827,50.414449],[14.6592346,50.4139609],[14.6585901,50.4140872],[14.6524282,50.4153186],[14.6498341,50.4188345],[14.6493376,50.4201096],[14.648483,50.4225278],[14.6485979,50.4228493],[14.6487711,50.4233281],[14.6465311,50.4242232],[14.6454556,50.4241667],[14.644907,50.4242232],[14.6423572,50.4241766],[14.6417653,50.4241813],[14.6417633,50.4237041],[14.6418112,50.4232108],[14.6417944,50.4224035],[14.6418057,50.4214991],[14.6417656,50.4212866],[14.6417289,50.4212968],[14.6411493,50.4217847],[14.6411307,50.4216987],[14.6406113,50.421708],[14.6400318,50.4220397],[14.6399543,50.422084],[14.6394532,50.422138],[14.6395396,50.4223777],[14.6392164,50.4224141],[14.6395166,50.42334],[14.639576,50.4235677],[14.6392458,50.4235941],[14.6385309,50.4237483],[14.6378644,50.4237819],[14.6373461,50.4238255],[14.6366458,50.4236253],[14.6359986,50.4238217],[14.6352815,50.4239863],[14.6351271,50.4240096],[14.6349365,50.4240171],[14.6339023,50.4238314],[14.6331535,50.4239949],[14.6326557,50.4241058],[14.6321061,50.4241808],[14.6320499,50.4239976],[14.6317384,50.4240466],[14.6316396,50.4236272],[14.6312665,50.4237003],[14.6297022,50.4218724],[14.6295121,50.4214236],[14.6291484,50.420347],[14.6286473,50.4176378],[14.6287878,50.4176191],[14.6289511,50.4175973],[14.6290671,50.4175818],[14.6295133,50.4175224],[14.6300174,50.4174553],[14.6301004,50.4174442],[14.6302383,50.4174258],[14.6303598,50.4174096],[14.6304332,50.4173998],[14.6305353,50.4173862],[14.6307113,50.4173627],[14.6313316,50.4172801],[14.6314921,50.4172587],[14.6315832,50.4172465],[14.6316783,50.4172338],[14.6317285,50.4172271],[14.6320231,50.4171879],[14.6320728,50.4171813],[14.632146,50.4171715],[14.6323852,50.4171396],[14.632507,50.4171234],[14.6326313,50.4171068],[14.6326681,50.4171019],[14.6327274,50.417094],[14.6366624,50.4177385],[14.636789,50.4165525],[14.6369476,50.4165313],[14.637255,50.4165722],[14.6383668,50.4169397],[14.6401302,50.4148824],[14.6402058,50.4147459],[14.6436606,50.4116809],[14.6441989,50.411329],[14.6441304,50.4112451],[14.6443177,50.4112104],[14.6466514,50.4079615],[14.646456,50.4076511],[14.6459561,50.4069629],[14.6458114,50.4067532],[14.6437214,50.4059455],[14.6437057,50.4059337],[14.6428523,50.4056952],[14.6427319,50.40563],[14.6425507,50.4055673],[14.6423524,50.405456],[14.6419717,50.4052351],[14.6414441,50.4049086],[14.6396053,50.4042327],[14.6402187,50.4038907],[14.6411832,50.4032767],[14.6443087,50.4007238],[14.6482811,50.3996397],[14.650938,50.3986454],[14.6514754,50.3984702],[14.6522755,50.3981661],[14.6525994,50.3980616],[14.6527197,50.3979855],[14.6532401,50.3978722],[14.6538271,50.3977079],[14.6542891,50.3975787],[14.6554895,50.3972591],[14.6556748,50.3972079],[14.6557138,50.3973094],[14.6556269,50.3984349],[14.65615,50.3989274],[14.6559131,50.3996793],[14.6561529,50.4001603],[14.6562609,50.4004148],[14.656283,50.4005676],[14.6562127,50.4007275],[14.6559466,50.4010511],[14.6581927,50.4030253],[14.6587744,50.4033557],[14.6631124,50.4049607],[14.6632075,50.4047795],[14.663522,50.4045383],[14.66356,50.4045359],[14.6687612,50.4051667],[14.6719781,50.40288],[14.6717304,50.4026792],[14.6712803,50.4023995],[14.6710682,50.4021606],[14.6710353,50.401753],[14.6736472,50.4011432],[14.6736454,50.4010748],[14.6737257,50.4007915],[14.6732713,50.4006475],[14.6732307,50.4006136],[14.6744698,50.4002098],[14.6748742,50.4001135],[14.6748642,50.4000172],[14.6748441,50.399822],[14.6747782,50.398172],[14.6747704,50.3980757],[14.674755,50.3980334],[14.6755428,50.3978187],[14.6758564,50.3976074],[14.675957,50.3974869],[14.6761392,50.3972686],[14.6774758,50.3966789],[14.678319,50.3961122],[14.6787376,50.3958601],[14.6788712,50.3957796],[14.6790794,50.395543],[14.6791202,50.3953024],[14.6790365,50.3950203],[14.6799772,50.3945869],[14.6803783,50.3942441],[14.6806745,50.3943034],[14.6807424,50.3942704],[14.6815197,50.3938361],[14.6814984,50.393459],[14.681686,50.3931267],[14.681941,50.3929327],[14.6822211,50.3928132],[14.6836267,50.3917985],[14.6836805,50.3917891],[14.6838091,50.3918695],[14.6841668,50.3918512],[14.6848865,50.391699],[14.684844,50.3913626],[14.6847607,50.3911875],[14.6848021,50.3910061],[14.6851111,50.390699],[14.6853936,50.3904059],[14.6858978,50.3900145],[14.6859979,50.3891691],[14.6861602,50.3891094],[14.6863097,50.3890609],[14.687314,50.3885482],[14.6875454,50.3884235],[14.6878698,50.388205],[14.6877722,50.3880784],[14.6867492,50.3877569],[14.6856785,50.3867549],[14.6860121,50.386519],[14.6864258,50.3846264],[14.6798974,50.3827043],[14.6802203,50.3822998],[14.6808673,50.3816258],[14.6825304,50.3798532],[14.6826804,50.379704],[14.6830349,50.3793603],[14.6834029,50.3790725],[14.6838932,50.378761],[14.6846451,50.3783673],[14.6851242,50.37812],[14.6855181,50.3780207],[14.6859309,50.3778882],[14.6867659,50.3776375],[14.6869069,50.3776038],[14.6873881,50.3774884],[14.6877164,50.3774289],[14.6877243,50.3774463],[14.6884939,50.3774113],[14.6891965,50.3773994],[14.6898104,50.37678],[14.6916032,50.3766529],[14.6915984,50.3765821],[14.6939141,50.3765236],[14.696924,50.3748077],[14.6981181,50.37368],[14.6981595,50.3735147],[14.6981569,50.3731514],[14.7006281,50.3724524],[14.7030534,50.3721951],[14.7029264,50.3725794],[14.7028444,50.372875],[14.7053552,50.373533],[14.7071679,50.3734368],[14.7104799,50.3739781],[14.7106639,50.3737098],[14.710806,50.3737141],[14.7126037,50.3736729],[14.7135049,50.3734333],[14.7142218,50.3732523],[14.7181501,50.3725808],[14.7208818,50.3720376],[14.7241678,50.3712537],[14.7269042,50.3714038],[14.7297095,50.3704742],[14.7299908,50.3707003],[14.7301673,50.3699498],[14.7302059,50.3699313],[14.7302033,50.3697999],[14.7304892,50.3695905],[14.7307624,50.3695348],[14.7307699,50.3694287],[14.7310098,50.3693946],[14.7311815,50.3694048],[14.7313653,50.369463],[14.7314872,50.3694841],[14.7320055,50.3695291],[14.7322166,50.3695378],[14.7322857,50.3695406],[14.7323755,50.3695444],[14.7324009,50.369501],[14.7325036,50.3694945],[14.7326367,50.3694657],[14.7326853,50.3694357],[14.7327765,50.3693081],[14.7328157,50.3691859],[14.7328253,50.3691118],[14.732794,50.3690137],[14.732747,50.3689484],[14.7326657,50.3688833],[14.7319463,50.3682936],[14.7321952,50.3681548],[14.7325128,50.3680176],[14.7328926,50.3679132],[14.733201,50.3678284],[14.7334831,50.3677758],[14.7338782,50.3677021],[14.7340361,50.3676727],[14.7342962,50.3676241],[14.7343146,50.3676739],[14.7343998,50.3676539],[14.7344967,50.3676311],[14.7345806,50.367547],[14.7350258,50.3673974],[14.7352233,50.3673172],[14.7354809,50.3671985],[14.7356986,50.3670847],[14.7359265,50.3669509],[14.7361493,50.3668599],[14.736218,50.3667897],[14.7364162,50.3665872],[14.736601,50.3660677],[14.7367293,50.3658314],[14.7367481,50.3656494],[14.7367904,50.3656285],[14.7371098,50.3650123],[14.737772,50.3646832],[14.738468,50.3642729],[14.7391042,50.363905],[14.7404209,50.3631994],[14.74073,50.3630952],[14.7408846,50.3629947],[14.7411427,50.3629313],[14.7415317,50.3625594],[14.7415753,50.3625782],[14.7416882,50.3624724],[14.7418573,50.3623672],[14.7419807,50.3622469],[14.7421408,50.3620909],[14.7422138,50.361969],[14.7423287,50.3618172],[14.7423824,50.3617631],[14.7425113,50.361633],[14.7426649,50.361478],[14.7428221,50.3612758],[14.743222,50.3610435],[14.7434461,50.3608203],[14.7436928,50.3606156],[14.7440223,50.3603148],[14.7478717,50.3594689],[14.7490436,50.3592914],[14.7493256,50.359243],[14.7499925,50.3591912],[14.7527039,50.3615535],[14.7565486,50.3646058],[14.7566977,50.3646116],[14.7583534,50.3672745],[14.7571591,50.3679166],[14.7578812,50.3682179],[14.7585956,50.3691273],[14.7616288,50.3730783],[14.7627096,50.3741813],[14.7626759,50.3743406],[14.7620389,50.3746495],[14.7616623,50.3747645],[14.7616268,50.374804],[14.7610254,50.3748837],[14.7602763,50.3749261],[14.7602178,50.3749223],[14.7597464,50.3748917],[14.7593957,50.3748003],[14.7591705,50.374695],[14.7589323,50.3748842],[14.7582124,50.3751775],[14.7580454,50.3752694],[14.7581576,50.3753375],[14.7585998,50.3754679],[14.7590027,50.3755393],[14.7591145,50.3756149],[14.7592855,50.3758633],[14.758729,50.3760425],[14.75824,50.3762108],[14.7574712,50.3764301],[14.7565483,50.3767781],[14.7560679,50.3770224],[14.7548738,50.3761074],[14.753864,50.3744027],[14.7535709,50.3744048],[14.7497555,50.371633],[14.7490597,50.3718018],[14.7487359,50.3716889],[14.7487604,50.3715349],[14.7448,50.3694361],[14.7417885,50.369088],[14.7386931,50.3698709],[14.7372127,50.3700837],[14.7356126,50.371889],[14.734581,50.3725331],[14.7344938,50.374208],[14.7329633,50.3744276],[14.7348766,50.3769752],[14.7349764,50.3771555],[14.7335959,50.3779366],[14.7335349,50.3779184],[14.7331225,50.3783287],[14.7330535,50.3783348],[14.7307893,50.3785354],[14.7296031,50.3788583],[14.7281692,50.3791151],[14.7269766,50.3787738],[14.7258745,50.3790561],[14.7252739,50.3791367],[14.7245947,50.3786334],[14.7193486,50.3774218],[14.7169545,50.3772989],[14.7161593,50.3778027],[14.7158862,50.3781201],[14.7133284,50.3788707],[14.7124756,50.3791215],[14.7104396,50.3806747],[14.7100904,50.3812661],[14.7099431,50.38132],[14.7084781,50.3821291],[14.7081991,50.3824338],[14.7084598,50.3834047],[14.708749,50.3838091],[14.7088711,50.3838903],[14.7085996,50.3842324],[14.7079719,50.3846866],[14.7075478,50.3849568],[14.7067522,50.385355],[14.705865,50.3857669],[14.7054473,50.3860345],[14.7080013,50.3886348]]]}},{"type":"Feature","properties":{"SKNAZEV":"oblast a osa","OBTYPNAZEV":"AKC","DRUH_O_AKC":"AOV","ID_LOKAL":84,"OZNACENI_P":"AOV84","UO":1,"VYKON":77,"UROVEN":"URP","ID_NDOK":null,"NAZEV_NDOK":null,"NAZEV":"Doubravice","ZM_CISLO_P":2,"EUP_KOD_P":22907,"ZAPIS":"ZMZA","JE_AKTUALNI":false,"STAV_VYBERU":"zrusena"},"geometry":{"type":"Polygon","coordinates":[[[14.6700582,50.4403077],[14.6721503,50.4381994],[14.6774416,50.4345619],[14.6864944,50.4383588],[14.6866552,50.4383225],[14.6879069,50.437906],[14.6891903,50.4433388],[14.6895817,50.4436465],[14.6897472,50.4437554],[14.6903734,50.4442292],[14.690703,50.4444991],[14.6909282,50.4446836],[14.6913425,50.4450742],[14.6918356,50.4455792],[14.6926704,50.4465325],[14.6935014,50.4476463],[14.6937334,50.4479277],[14.6940492,50.4483099],[14.694303,50.4485131],[14.6980201,50.4469322],[14.7007189,50.4484081],[14.701923,50.448418],[14.7017322,50.4487557],[14.7016485,50.448862],[14.7019399,50.4491917],[14.7021633,50.4491325],[14.7026849,50.4488825],[14.7031073,50.4496121],[14.7032711,50.4495939],[14.7033735,50.4495825],[14.7031939,50.4490153],[14.7032714,50.4489076],[14.7039696,50.44855],[14.7094861,50.4506305],[14.7098731,50.4506818],[14.7106431,50.4525011],[14.7138804,50.4550778],[14.7186102,50.4560938],[14.7201219,50.4561814],[14.7225697,50.4561006],[14.7227928,50.4561],[14.724278,50.4560238],[14.7265894,50.4543473],[14.7268034,50.4540961],[14.7282181,50.4519292],[14.7282718,50.4518308],[14.7284797,50.4509097],[14.7289971,50.4505596],[14.729257,50.4504104],[14.7296782,50.4502497],[14.7300253,50.4501712],[14.7311343,50.4501336],[14.7318416,50.4505942],[14.732027,50.4506636],[14.7338899,50.4514769],[14.7358115,50.4511706],[14.7358756,50.4511594],[14.7416549,50.4516402],[14.7416877,50.4503755],[14.7447895,50.4498805],[14.7450712,50.4496848],[14.7452467,50.4496626],[14.74532,50.4498254],[14.7453742,50.4499278],[14.746105,50.4503895],[14.749607,50.4522989],[14.749392,50.4523379],[14.7464516,50.4540066],[14.7467961,50.4543615],[14.7469725,50.4545662],[14.7470627,50.4546929],[14.7471835,50.4548947],[14.7473032,50.4551313],[14.7474283,50.4554013],[14.7473344,50.4562026],[14.7449583,50.4567387],[14.7449782,50.4570274],[14.745008,50.4574607],[14.7405653,50.4578773],[14.7405393,50.459002],[14.7404817,50.4590221],[14.7415901,50.4620917],[14.7424798,50.4620991],[14.7434071,50.4621067],[14.7443702,50.4626623],[14.7450042,50.4634114],[14.745285,50.4636899],[14.7459539,50.4642187],[14.7450956,50.4647998],[14.7441244,50.4650356],[14.7433673,50.4652911],[14.7428364,50.4655179],[14.7424795,50.4656322],[14.7421673,50.4656541],[14.7421442,50.4655742],[14.7410822,50.464964],[14.74105,50.4642305],[14.7370677,50.4643378],[14.7352259,50.4633549],[14.735146,50.4633469],[14.7349229,50.4630376],[14.734661,50.4628853],[14.7343933,50.4627417],[14.734226,50.4623217],[14.7340983,50.4621842],[14.7340339,50.4620817],[14.7338706,50.4618221],[14.7336338,50.4614454],[14.733426,50.461014],[14.7306893,50.4611262],[14.7299728,50.4610254],[14.7282394,50.4609671],[14.7260665,50.4611498],[14.7255256,50.4613388],[14.7242578,50.4614479],[14.723246,50.4615215],[14.721455,50.4622119],[14.7211798,50.4620709],[14.7173357,50.463119],[14.7167306,50.4633642],[14.7159587,50.4636621],[14.7151405,50.4639613],[14.7140478,50.4643654],[14.7140064,50.4643816],[14.7143102,50.4648292],[14.7132124,50.4651552],[14.713158,50.4651721],[14.7121767,50.4654885],[14.7121043,50.4654326],[14.7119998,50.4652957],[14.7118672,50.4650458],[14.7102177,50.4654443],[14.7097375,50.4655657],[14.709909,50.4655768],[14.7103054,50.4656545],[14.7106275,50.4657207],[14.7109816,50.465692],[14.7109828,50.4657963],[14.7111082,50.4659554],[14.7111235,50.4659748],[14.7108806,50.4660589],[14.7106988,50.4660992],[14.7102219,50.466202],[14.7097548,50.4662933],[14.7092945,50.4664266],[14.7089024,50.4665658],[14.7085616,50.4667083],[14.708162,50.4669353],[14.7076519,50.4671422],[14.7073428,50.4672404],[14.7064871,50.4675415],[14.7062376,50.4676494],[14.706374,50.467867],[14.7059387,50.4679928],[14.7055972,50.4681],[14.7052558,50.4682808],[14.7051845,50.468308],[14.7039978,50.4689059],[14.7032299,50.4691614],[14.7026803,50.4694221],[14.7026915,50.4694751],[14.7026282,50.4696161],[14.7027644,50.4697998],[14.7031149,50.4700241],[14.7031778,50.4703832],[14.7031213,50.4705069],[14.7029776,50.4707008],[14.7027964,50.4708871],[14.7025007,50.4710317],[14.7022659,50.4710765],[14.7016859,50.4710738],[14.7013501,50.4710912],[14.7013083,50.4710966],[14.7012066,50.4711078],[14.7010215,50.4711589],[14.700822,50.4712915],[14.7006141,50.4716738],[14.700485,50.4718071],[14.7004354,50.4718553],[14.700384,50.4718579],[14.6997999,50.4718873],[14.6996139,50.4718938],[14.6997009,50.4721754],[14.7002025,50.4724029],[14.7006372,50.4726363],[14.7023126,50.4727182],[14.7023059,50.4729405],[14.702003,50.4731916],[14.7017808,50.4732773],[14.7016208,50.4733599],[14.7013591,50.4734933],[14.701019,50.4736015],[14.7004996,50.4736976],[14.7000225,50.4737301],[14.6997366,50.4737362],[14.6996785,50.4737387],[14.6990585,50.473765],[14.6987593,50.4739283],[14.6972755,50.4739836],[14.6967454,50.4739718],[14.6964692,50.4739254],[14.6961894,50.473874],[14.6948834,50.4742067],[14.694772,50.4741777],[14.6928018,50.474243],[14.69126,50.4741872],[14.6915,50.4739842],[14.6914441,50.473904],[14.691364,50.4737896],[14.6906984,50.4737646],[14.6902728,50.4737596],[14.6899231,50.4737207],[14.6895582,50.4735832],[14.6891363,50.4735065],[14.6888849,50.4734547],[14.6885715,50.47336],[14.6884081,50.4732731],[14.6883578,50.4730843],[14.687981,50.4729466],[14.6877475,50.4728194],[14.6874519,50.4727008],[14.6870362,50.472629],[14.6863807,50.4725801],[14.6857563,50.472566],[14.6851671,50.4716471],[14.6842224,50.470845],[14.6839227,50.4706241],[14.6839497,50.4705161],[14.6840357,50.4696034],[14.6839921,50.4693204],[14.6839508,50.4691501],[14.6839567,50.4689934],[14.6839616,50.4688653],[14.6839221,50.4688138],[14.6838418,50.4687412],[14.6839298,50.4684741],[14.6835424,50.4678479],[14.6834883,50.467688],[14.6830537,50.4671193],[14.6829648,50.46699],[14.6833732,50.4668521],[14.6838178,50.4666417],[14.6838577,50.4666222],[14.6842234,50.4663893],[14.6844529,50.4662693],[14.6860438,50.4664275],[14.6877999,50.46657],[14.6881548,50.4666105],[14.6887037,50.4666296],[14.6896963,50.4667208],[14.6906994,50.4666398],[14.6908047,50.4667121],[14.6919531,50.466478],[14.6924936,50.4664384],[14.692534,50.4663816],[14.6925632,50.4663573],[14.6930546,50.4661314],[14.6937176,50.4661042],[14.694107,50.4660689],[14.6944229,50.4660613],[14.6962532,50.466075],[14.6958867,50.4656099],[14.6981102,50.4635376],[14.6981343,50.4634839],[14.6996523,50.4621911],[14.6999766,50.4602265],[14.6999375,50.4601203],[14.6989072,50.459085],[14.6988981,50.4590369],[14.6999493,50.458978],[14.6958586,50.4565097],[14.6918645,50.4559182],[14.6917103,50.4558906],[14.6883732,50.4545247],[14.6874641,50.4559298],[14.6871078,50.455864],[14.6853031,50.4554403],[14.682544,50.4539846],[14.6778287,50.452275],[14.6782165,50.450085],[14.6763815,50.4470479],[14.6762511,50.4453268],[14.676097,50.4442624],[14.6761209,50.4441262],[14.6752748,50.4436123],[14.6750484,50.4429776],[14.6753068,50.4425466],[14.6756941,50.4426738],[14.6757928,50.442471],[14.6756571,50.4422563],[14.6759538,50.441956],[14.6754592,50.441812],[14.6751992,50.4415568],[14.6700582,50.4403077]]]}},{"type":"Feature","properties":{"SKNAZEV":"oblast a osa","OBTYPNAZEV":"AKC","DRUH_O_AKC":"AOV","ID_LOKAL":80,"OZNACENI_P":"AOV80","UO":1,"VYKON":42,"UROVEN":"URP","ID_NDOK":null,"NAZEV_NDOK":null,"NAZEV":"Ležky","ZM_CISLO_P":2,"EUP_KOD_P":22907,"ZAPIS":"ZMZA","JE_AKTUALNI":true,"STAV_VYBERU":"ponechana"},"geometry":{"type":"Polygon","coordinates":[[[13.3643645,50.1374665],[13.3641001,50.1382391],[13.36061,50.1397688],[13.3606427,50.1398062],[13.3600733,50.1399635],[13.359276,50.1402188],[13.3588696,50.1402549],[13.3566437,50.1409867],[13.356664,50.1411642],[13.3566718,50.1413459],[13.3555895,50.141436],[13.353589,50.1420886],[13.3524195,50.1422479],[13.3493772,50.142766],[13.3482787,50.1434088],[13.3473495,50.1435103],[13.3472525,50.1434361],[13.3440699,50.1423954],[13.3438359,50.1423661],[13.3439028,50.142329],[13.3441827,50.1395331],[13.3450955,50.1391116],[13.3452273,50.1390933],[13.3462125,50.1389869],[13.3469903,50.1388798],[13.3474246,50.1381464],[13.3474378,50.137948],[13.3474504,50.1379183],[13.3474615,50.137892],[13.3474812,50.137919],[13.3475579,50.1379501],[13.3476549,50.1379895],[13.3476119,50.1378845],[13.3475998,50.1377981],[13.3476044,50.1376903],[13.3476235,50.1376521],[13.3476822,50.1375926],[13.3477265,50.1375655],[13.3478564,50.1375298],[13.3481329,50.1374792],[13.3483132,50.1374529],[13.3484631,50.1374317],[13.3483259,50.1370634],[13.3483705,50.136905],[13.3486912,50.1368162],[13.348963,50.1359964],[13.3489742,50.1359646],[13.3491434,50.1349154],[13.349131,50.1348507],[13.3493137,50.1347119],[13.3492317,50.1338801],[13.3487505,50.1334947],[13.3487647,50.1334594],[13.3486902,50.1333284],[13.3490786,50.1322665],[13.3480732,50.1322872],[13.3477691,50.1320247],[13.3470587,50.1315695],[13.3470069,50.1313011],[13.3469947,50.1312724],[13.3463925,50.1308664],[13.3463725,50.130552],[13.3460307,50.1305132],[13.3445935,50.129524],[13.3449206,50.1293853],[13.345564,50.1292941],[13.34569,50.1291857],[13.3456721,50.1291235],[13.3456907,50.1290802],[13.3458152,50.1287912],[13.3458585,50.1286909],[13.3459791,50.1285304],[13.3461232,50.1283777],[13.346158,50.1282992],[13.3462721,50.1281167],[13.3463843,50.1279107],[13.3466306,50.1275226],[13.3467357,50.1273378],[13.3468828,50.1272163],[13.3504093,50.1289492],[13.3506325,50.1289434],[13.3506714,50.1291239],[13.3541232,50.1297661],[13.3552447,50.1301583],[13.3554893,50.1302688],[13.355732,50.1303868],[13.3557776,50.1304172],[13.3558114,50.1304156],[13.3558608,50.1303982],[13.3559305,50.1303885],[13.3559882,50.1303934],[13.356084,50.1304091],[13.3562173,50.1304601],[13.3565361,50.130511],[13.3571405,50.1306075],[13.3582324,50.1307818],[13.3593434,50.1309592],[13.3638837,50.1297],[13.3639013,50.1296684],[13.3639197,50.1296345],[13.3638715,50.1295373],[13.3635985,50.1293326],[13.3642416,50.1287397],[13.3643257,50.1287751],[13.3656327,50.1278004],[13.3656028,50.1277736],[13.3660175,50.1275336],[13.3662461,50.1273825],[13.3663829,50.1272861],[13.3663923,50.1272679],[13.3676238,50.125187],[13.3674725,50.1241736],[13.3675785,50.1241453],[13.3679396,50.1240972],[13.3680855,50.1240719],[13.3694999,50.1237267],[13.3700661,50.1235807],[13.3701556,50.1235695],[13.3704863,50.1235777],[13.3706417,50.1235805],[13.3707146,50.1235777],[13.3708561,50.1235457],[13.3708969,50.1235115],[13.3709514,50.1234278],[13.3709646,50.1233745],[13.3709626,50.1233305],[13.3709014,50.1232111],[13.3708809,50.1231782],[13.3707593,50.1229966],[13.3706746,50.1228571],[13.3705904,50.1227038],[13.3705162,50.1225788],[13.3705165,50.122561],[13.3705175,50.1225204],[13.3704081,50.122344],[13.3703559,50.122304],[13.3703274,50.1221859],[13.3703164,50.1221211],[13.3703117,50.1220451],[13.3703181,50.1219705],[13.3703409,50.1218433],[13.3703442,50.1217939],[13.3703419,50.121765],[13.3703324,50.1217227],[13.3703165,50.1216833],[13.3702516,50.1215498],[13.3702366,50.1215005],[13.3702811,50.1213523],[13.3703019,50.1212915],[13.3703475,50.1211961],[13.3701757,50.1211964],[13.370049,50.1212201],[13.369909,50.12121],[13.3695686,50.1211744],[13.369216,50.121159],[13.3690017,50.120877],[13.3684251,50.1206855],[13.3684281,50.1204582],[13.3684308,50.1202553],[13.3682831,50.1201032],[13.3676402,50.1198977],[13.3676469,50.1197977],[13.3676218,50.1197612],[13.3675224,50.1196049],[13.3673266,50.1193169],[13.3673292,50.1191731],[13.3671,50.1188961],[13.3670087,50.1188749],[13.3671667,50.1181459],[13.3659916,50.1178468],[13.3658727,50.1178021],[13.3659344,50.1177309],[13.3658948,50.11761],[13.3654096,50.117381],[13.3657886,50.1173382],[13.3662608,50.1173236],[13.3665258,50.1172802],[13.366805,50.1172786],[13.3672052,50.1172257],[13.3673715,50.1171749],[13.3674818,50.117154],[13.3678089,50.1170917],[13.3683683,50.1169562],[13.3692314,50.1168139],[13.36976,50.116746],[13.3702752,50.11667],[13.3706538,50.1166093],[13.3722829,50.1163621],[13.3725301,50.1163073],[13.3730112,50.1163768],[13.3728115,50.1165025],[13.3735851,50.1173706],[13.3731251,50.117701],[13.3729598,50.1177986],[13.3729213,50.1180071],[13.3748786,50.1186783],[13.3755345,50.1190082],[13.3756369,50.1193013],[13.3759169,50.1196685],[13.3760846,50.119815],[13.3762906,50.1200134],[13.3764857,50.1201575],[13.3764854,50.1201695],[13.3764843,50.1202054],[13.3764807,50.1203268],[13.3765795,50.120591],[13.3764906,50.121022],[13.3764812,50.1211218],[13.3779889,50.1216435],[13.3795077,50.1221689],[13.379579,50.1222039],[13.3797344,50.122246],[13.3811094,50.1226269],[13.3816313,50.1227763],[13.382255,50.1229668],[13.3823868,50.1228833],[13.3824348,50.122803],[13.3861658,50.122941],[13.3866392,50.12304],[13.3871325,50.1232046],[13.3873703,50.1232923],[13.38785,50.1239853],[13.3885964,50.1250855],[13.3885385,50.1252047],[13.3886882,50.1252415],[13.3888628,50.1252958],[13.3910027,50.1258344],[13.3930457,50.1263452],[13.3949541,50.1268174],[13.3951101,50.1268559],[13.3952659,50.1268944],[13.3965883,50.1272205],[13.3973549,50.1274095],[13.3986043,50.1277268],[13.3989151,50.1278056],[13.3999461,50.1280591],[13.4006425,50.1282547],[13.4015308,50.1284598],[13.4035844,50.1289636],[13.4034272,50.1303431],[13.4025043,50.1316973],[13.402419,50.1318397],[13.4018667,50.1320028],[13.4016292,50.1320992],[13.4006793,50.1324572],[13.4000404,50.1325318],[13.3992751,50.1327702],[13.3991839,50.132776],[13.3988019,50.132821],[13.3966565,50.1331374],[13.3946371,50.1336959],[13.3945683,50.1337116],[13.3943773,50.1335593],[13.3940629,50.1333571],[13.3937361,50.1331645],[13.3916255,50.1325738],[13.3912639,50.1326368],[13.3908819,50.1327156],[13.3905586,50.1332455],[13.3905331,50.1333537],[13.3897393,50.13342],[13.3880149,50.1336196],[13.3837075,50.1335874],[13.3830962,50.1333717],[13.3828935,50.1332264],[13.3826881,50.1330584],[13.3827097,50.1329731],[13.3825326,50.1329346],[13.3824257,50.1329113],[13.3818564,50.1331073],[13.3816732,50.1331694],[13.3810821,50.1333481],[13.3806124,50.1333],[13.3805073,50.1332891],[13.3795109,50.1331654],[13.3794531,50.1331582],[13.3784256,50.133104],[13.3779502,50.1330506],[13.3771135,50.1329219],[13.3770849,50.1329179],[13.3770145,50.1329081],[13.3771115,50.1325543],[13.3744436,50.1326188],[13.3730876,50.1325584],[13.3730359,50.1324278],[13.3730449,50.1322282],[13.3735977,50.1315473],[13.3742128,50.1309856],[13.3746753,50.1307946],[13.3750826,50.1303539],[13.3750264,50.1303253],[13.3745842,50.1300023],[13.371914,50.1305607],[13.3716004,50.1305961],[13.3712454,50.1305822],[13.3710012,50.1305974],[13.3704737,50.130766],[13.3701548,50.130922],[13.3696689,50.131242],[13.3694877,50.1315033],[13.3694285,50.1316748],[13.3693935,50.1316635],[13.3692481,50.1317374],[13.369099,50.1316984],[13.3690525,50.1316862],[13.3686517,50.1321792],[13.36795,50.1331279],[13.3672486,50.1335572],[13.3668846,50.1336439],[13.3662924,50.1337994],[13.3656639,50.1343625],[13.3656456,50.1344504],[13.3655244,50.1352185],[13.3655005,50.1352948],[13.3654476,50.1354379],[13.3652266,50.1354466],[13.3648681,50.1354747],[13.3647569,50.1355297],[13.3647161,50.1355524],[13.364648,50.1355873],[13.3646118,50.1357273],[13.36416,50.1363549],[13.3641871,50.1364383],[13.3641686,50.1364636],[13.3643005,50.1370097],[13.3641862,50.1373871],[13.3643645,50.1374665]]]}},{"type":"Feature","properties":{"SKNAZEV":"oblast a osa","OBTYPNAZEV":"AKC","DRUH_O_AKC":"AOV","ID_LOKAL":90,"OZNACENI_P":"AOV90","UO":1,"VYKON":91,"UROVEN":"URP","ID_NDOK":null,"NAZEV_NDOK":null,"NAZEV":"Studenec","ZM_CISLO_P":2,"EUP_KOD_P":22907,"ZAPIS":"ZMZA","JE_AKTUALNI":false,"STAV_VYBERU":"zrusena"},"geometry":{"type":"Polygon","coordinates":[[[15.9190204,50.5155391],[15.9189455,50.5153612],[15.9199722,50.515274],[15.9201361,50.5142904],[15.9205468,50.5138448],[15.9212311,50.5126218],[15.9211327,50.5114493],[15.921234,50.5109159],[15.9216722,50.5099883],[15.9218113,50.5098369],[15.9212809,50.5097264],[15.9204086,50.5094532],[15.9199534,50.5089477],[15.9198099,50.508798],[15.9194881,50.5084264],[15.919278,50.5083586],[15.9188155,50.5079496],[15.9183994,50.5075879],[15.9178251,50.5074132],[15.9166368,50.5069895],[15.913153,50.506225],[15.9119959,50.5061076],[15.9111874,50.506087],[15.9099614,50.5060851],[15.9098977,50.5060889],[15.9089545,50.50598],[15.9088262,50.5059168],[15.9087455,50.5059081],[15.9067594,50.5067225],[15.9048358,50.507815],[15.9031258,50.5093498],[15.9026907,50.5091914],[15.9022787,50.5089969],[15.9019337,50.5087719],[15.9015082,50.5084265],[15.9012694,50.5081543],[15.9010682,50.5078644],[15.9009468,50.5076018],[15.9008325,50.50719],[15.9008216,50.5071509],[15.9007203,50.5067457],[15.9006994,50.5067105],[15.9003803,50.5058422],[15.900088,50.5049504],[15.899961,50.5044602],[15.899811,50.5041955],[15.8996476,50.5038264],[15.8993536,50.5032131],[15.8993229,50.5031484],[15.8992263,50.5029413],[15.8989847,50.5025932],[15.8989306,50.502519],[15.8982897,50.5016547],[15.8978206,50.5011661],[15.8970671,50.5004661],[15.8963155,50.4997451],[15.89625,50.499682],[15.8958629,50.4993505],[15.8953888,50.4988461],[15.8950122,50.498376],[15.8948396,50.4982205],[15.8949065,50.4982257],[15.8947086,50.4979398],[15.8946328,50.4977456],[15.8945516,50.4975623],[15.8943927,50.4971756],[15.8942503,50.4967769],[15.8942463,50.4967507],[15.8940031,50.4960253],[15.8939341,50.4958208],[15.8951281,50.4957056],[15.895649,50.4954795],[15.8961879,50.4952472],[15.8965347,50.4951401],[15.8981894,50.4945287],[15.9001,50.4940313],[15.9009672,50.4937889],[15.9026623,50.4941628],[15.9036362,50.4943261],[15.9044914,50.4949278],[15.9048726,50.4951208],[15.9063577,50.4954402],[15.907442,50.4950878],[15.9084583,50.4949857],[15.9096495,50.4948468],[15.9104312,50.494685],[15.9104892,50.494676],[15.9108908,50.494961],[15.912277,50.4950328],[15.9143825,50.4949266],[15.9152794,50.4947771],[15.9170559,50.4954103],[15.9177801,50.4953276],[15.9180778,50.4954421],[15.9182897,50.4954965],[15.9186536,50.4955432],[15.9189001,50.4956595],[15.9193813,50.4957565],[15.9210844,50.4960652],[15.9226008,50.4959045],[15.9249296,50.4957715],[15.9256052,50.4956254],[15.9272097,50.4956943],[15.9284436,50.4951608],[15.9293944,50.4951753],[15.9294302,50.4956228],[15.9296074,50.4959949],[15.9314207,50.4959088],[15.9329856,50.495296],[15.9328908,50.4948577],[15.9327569,50.4942161],[15.9342484,50.4938071],[15.9352844,50.4936521],[15.9373017,50.4932423],[15.9373959,50.4932275],[15.9384291,50.4929333],[15.9401265,50.4932716],[15.9403186,50.4934023],[15.9429359,50.4937344],[15.9435651,50.4933475],[15.9442488,50.4933315],[15.9446349,50.4935183],[15.9446579,50.4935532],[15.9446634,50.4936083],[15.9445511,50.4941278],[15.9443553,50.4949539],[15.9442734,50.4951956],[15.9435501,50.4955993],[15.9433732,50.4957283],[15.9425989,50.4956618],[15.9413756,50.4956809],[15.9383919,50.4963736],[15.9362766,50.4977727],[15.9358866,50.4983895],[15.9353507,50.4986979],[15.9343906,50.5002022],[15.9342683,50.5019349],[15.9343659,50.5033249],[15.9342735,50.5038585],[15.9334933,50.5052382],[15.9332305,50.5058657],[15.9319485,50.5074297],[15.9323923,50.508323],[15.9329697,50.5106059],[15.9342785,50.511369],[15.9348149,50.5120664],[15.935264,50.5122018],[15.9396605,50.5129901],[15.941198,50.5126272],[15.9422057,50.5127983],[15.9470234,50.5105161],[15.9479309,50.5102002],[15.9498673,50.5090288],[15.9510781,50.5078543],[15.9509621,50.5074676],[15.9509799,50.5071995],[15.9507884,50.5069958],[15.9507864,50.5059046],[15.950981,50.5049256],[15.9510499,50.5033583],[15.9518236,50.5026342],[15.9519234,50.5016356],[15.9522198,50.5013358],[15.9517509,50.4995447],[15.9503541,50.498317],[15.9505221,50.49805],[15.9507636,50.497834],[15.9509198,50.4978141],[15.9512353,50.4976566],[15.9523256,50.4972913],[15.9524265,50.4971932],[15.9524889,50.4970811],[15.9526113,50.4968961],[15.9526827,50.496627],[15.9526738,50.496268],[15.9526565,50.4956944],[15.9528592,50.4957137],[15.9546096,50.497388],[15.9557537,50.4984256],[15.957147,50.4997714],[15.9572465,50.5000535],[15.956417,50.5017767],[15.958475,50.5028965],[15.9580131,50.5050072],[15.9580367,50.5051302],[15.9580318,50.5052985],[15.9565428,50.5067361],[15.9566573,50.5069933],[15.9566898,50.5071623],[15.9566236,50.5076328],[15.9550359,50.5091535],[15.9539789,50.5097418],[15.9538992,50.5097517],[15.9534677,50.5105639],[15.9523399,50.5108112],[15.95228,50.5108221],[15.9520764,50.510855],[15.9504343,50.5114532],[15.9503516,50.5113989],[15.9501635,50.5115581],[15.9497843,50.5120574],[15.9486938,50.5136761],[15.9476068,50.5145484],[15.9482854,50.5150149],[15.9485803,50.5153769],[15.9496117,50.5151833],[15.9501861,50.515435],[15.9505427,50.5171262],[15.950093,50.5174052],[15.9504761,50.5178838],[15.9506284,50.5180666],[15.9509043,50.5183442],[15.9511669,50.5185883],[15.9513664,50.5188613],[15.9513823,50.5189967],[15.952841,50.5195653],[15.9543147,50.5189316],[15.9546568,50.519679],[15.9539038,50.520607],[15.9542562,50.5207218],[15.9549632,50.520896],[15.9560171,50.5214143],[15.955754,50.5232015],[15.9555023,50.523379],[15.9551188,50.5236592],[15.9549462,50.5238424],[15.9548286,50.5240705],[15.9546987,50.5243934],[15.9538626,50.5253283],[15.9536371,50.5252581],[15.9530582,50.5249661],[15.9507997,50.5257364],[15.9476124,50.526961],[15.9475543,50.5269666],[15.9452945,50.5267367],[15.9451318,50.5267802],[15.9443564,50.5268663],[15.944072,50.5268908],[15.9435546,50.5268737],[15.9432157,50.5268321],[15.942915,50.5270933],[15.9421629,50.5271097],[15.9420695,50.5272296],[15.9405314,50.5274067],[15.9399298,50.5271663],[15.9395147,50.5271884],[15.9392471,50.5277818],[15.9391671,50.5280966],[15.9387617,50.5281587],[15.9400481,50.5286507],[15.940287,50.5291234],[15.9407995,50.5295455],[15.9407688,50.5306073],[15.9407774,50.5308062],[15.9407287,50.5308905],[15.9406801,50.5312619],[15.9395722,50.5318651],[15.9380264,50.5337334],[15.9373512,50.5338527],[15.9367181,50.5352269],[15.934296,50.5350272],[15.9354052,50.536101],[15.9352066,50.5361228],[15.9350626,50.5361386],[15.9335769,50.5369023],[15.9320466,50.5378297],[15.9320427,50.5380083],[15.9306761,50.5381738],[15.9305715,50.5382472],[15.9272742,50.5383638],[15.9255867,50.5384904],[15.9255783,50.5379498],[15.92549,50.5368937],[15.9254036,50.536514],[15.9253424,50.5363923],[15.9253098,50.5362781],[15.9253236,50.5362427],[15.925411,50.5361489],[15.9254801,50.5360375],[15.9254501,50.5359817],[15.9254015,50.5359779],[15.9261807,50.5356092],[15.9265909,50.5354636],[15.926626,50.5352561],[15.9266861,50.5350916],[15.9267798,50.5349158],[15.9267515,50.5347168],[15.9266893,50.5346248],[15.926451,50.5344164],[15.9263811,50.5343878],[15.9257704,50.534205],[15.9255478,50.5341058],[15.9253798,50.5339269],[15.925248,50.5336481],[15.925071,50.5335503],[15.9251247,50.5334298],[15.9250267,50.5331991],[15.9249705,50.5325187],[15.9250182,50.532458],[15.9250625,50.5324015],[15.9248801,50.5319817],[15.9248602,50.5319357],[15.9247682,50.5317239],[15.9246908,50.5315008],[15.924705,50.5311396],[15.9246866,50.5309583],[15.9245669,50.5305461],[15.924715,50.5300481],[15.9248076,50.5300009],[15.9248798,50.5297508],[15.9252485,50.5294454],[15.927901,50.5295161],[15.9305154,50.5282614],[15.9278177,50.5275932],[15.9269266,50.5274167],[15.9267934,50.5272925],[15.927058,50.5265347],[15.9273617,50.5253854],[15.9266323,50.5249686],[15.9267125,50.5249452],[15.9277334,50.5246107],[15.9268214,50.5242533],[15.9267194,50.5241904],[15.9261261,50.523877],[15.9262962,50.5236304],[15.9264792,50.5232174],[15.9243411,50.5213221],[15.9207305,50.5196238],[15.9204458,50.5196413],[15.919836,50.5192171],[15.9193838,50.5189921],[15.9193709,50.5188532],[15.9193748,50.5187689],[15.9193801,50.518693],[15.9193062,50.5186361],[15.9193303,50.5183371],[15.9193397,50.5180389],[15.9193443,50.5175087],[15.9192007,50.5164347],[15.9190204,50.5155391]]]}},{"type":"Feature","properties":{"SKNAZEV":"oblast a osa","OBTYPNAZEV":"AKC","DRUH_O_AKC":"AOV","ID_LOKAL":91,"OZNACENI_P":"AOV91","UO":1,"VYKON":32,"UROVEN":"URP","ID_NDOK":null,"NAZEV_NDOK":null,"NAZEV":"Staré Buky","ZM_CISLO_P":2,"EUP_KOD_P":22907,"ZAPIS":"ZMZA","JE_AKTUALNI":false,"STAV_VYBERU":"zrusena"},"geometry":{"type":"Polygon","coordinates":[[[15.9092484,50.53321],[15.9123262,50.5342053],[15.9124984,50.5342295],[15.9124113,50.5346692],[15.9124031,50.5352477],[15.9123865,50.536391],[15.9123626,50.5369154],[15.9123253,50.5378265],[15.9123096,50.5382222],[15.9116119,50.5378986],[15.9114629,50.5378804],[15.9113261,50.5378242],[15.9111668,50.537665],[15.9097529,50.5384712],[15.9092355,50.5386546],[15.9086694,50.5388196],[15.9085509,50.5388522],[15.9079496,50.538471],[15.9049679,50.5374984],[15.8978249,50.5378931],[15.8955413,50.5387111],[15.8955121,50.5388914],[15.8930217,50.5386784],[15.8928689,50.5385068],[15.8927679,50.5385223],[15.8923091,50.5384825],[15.8922668,50.5385033],[15.8921452,50.5385135],[15.8909562,50.5382348],[15.8890199,50.5379351],[15.8874025,50.5379039],[15.8864405,50.5378979],[15.8855152,50.5380012],[15.8850015,50.5380779],[15.8846627,50.5382319],[15.8831316,50.538416],[15.8829547,50.5384696],[15.8823899,50.5386397],[15.8821886,50.5387054],[15.8818152,50.5381172],[15.8814934,50.5374542],[15.8813409,50.5371674],[15.8812605,50.5370546],[15.8811456,50.5367772],[15.8810024,50.536554],[15.8808827,50.5363198],[15.880713,50.5359875],[15.8806875,50.5358369],[15.8807064,50.5355797],[15.8806025,50.5353188],[15.8802892,50.535114],[15.8800283,50.534907],[15.8797132,50.5347963],[15.879585,50.5347475],[15.8794574,50.5346989],[15.8790908,50.5345117],[15.878809,50.5343509],[15.8781021,50.5339504],[15.8778312,50.5337263],[15.8776292,50.533493],[15.8777018,50.5334831],[15.8777526,50.533006],[15.8777183,50.5328576],[15.8787903,50.5323563],[15.8785409,50.5318639],[15.8788063,50.5318201],[15.879365,50.5316889],[15.8797072,50.5315667],[15.8797007,50.5311784],[15.8796578,50.531092],[15.8814859,50.5302547],[15.8818772,50.5308321],[15.8822386,50.5304912],[15.8822682,50.5289029],[15.8830513,50.5283712],[15.8831873,50.5283968],[15.8838259,50.5287487],[15.8842784,50.5289634],[15.8848885,50.5293613],[15.8853452,50.5292883],[15.8863508,50.5291481],[15.886501,50.5291353],[15.8870553,50.5290876],[15.8876655,50.5290534],[15.8881207,50.5290765],[15.8882755,50.5290843],[15.8878911,50.5287404],[15.8880989,50.5285101],[15.8885255,50.5282964],[15.8903522,50.5279442],[15.8913433,50.52739],[15.8917245,50.5271242],[15.8921994,50.5268466],[15.8923009,50.526753],[15.8926295,50.526559],[15.8928005,50.526263],[15.8947925,50.5247478],[15.8944961,50.5240761],[15.8944795,50.5233877],[15.894445,50.523146],[15.8944638,50.5227175],[15.8943353,50.5226957],[15.8940812,50.5226937],[15.8939815,50.522315],[15.8940418,50.5218615],[15.8941199,50.5216227],[15.8942066,50.521226],[15.8945915,50.5206874],[15.894673,50.5206141],[15.8957339,50.5201249],[15.89662,50.5195159],[15.8967698,50.519427],[15.8976635,50.5189914],[15.8989751,50.5183355],[15.8990124,50.5181681],[15.9004591,50.5171925],[15.9034906,50.5186081],[15.9056077,50.5195233],[15.9082782,50.5205485],[15.9087855,50.521057],[15.9087399,50.5213255],[15.9087664,50.5214556],[15.9075734,50.5225294],[15.9069716,50.5235025],[15.9068478,50.5244493],[15.906753,50.5251621],[15.9066866,50.5268879],[15.9077017,50.5270834],[15.9089086,50.5281542],[15.9086121,50.5290252],[15.9086298,50.5292243],[15.9086127,50.5294873],[15.9084457,50.5308859],[15.9084426,50.5310551],[15.9080556,50.5314184],[15.9079963,50.5314591],[15.9072215,50.5319646],[15.9057944,50.5324303],[15.9092484,50.53321]]]}},{"type":"Feature","properties":{"SKNAZEV":"oblast a osa","OBTYPNAZEV":"AKC","DRUH_O_AKC":"AOV","ID_LOKAL":56,"OZNACENI_P":"AOV56","UO":1,"VYKON":39,"UROVEN":"URP","ID_NDOK":null,"NAZEV_NDOK":null,"NAZEV":"Vrabčiny","ZM_CISLO_P":2,"EUP_KOD_P":22907,"ZAPIS":"ZMZA","JE_AKTUALNI":true,"STAV_VYBERU":"ponechana"},"geometry":{"type":"Polygon","coordinates":[[[13.6602067,49.9258017],[13.6603222,49.9256342],[13.6603711,49.925514],[13.6603869,49.9254496],[13.6603964,49.9253639],[13.6603948,49.9253172],[13.6603938,49.9252898],[13.6603705,49.9251383],[13.6603622,49.9250838],[13.6603867,49.9245832],[13.6607702,49.9240918],[13.6606133,49.9240214],[13.6606498,49.9239051],[13.6606655,49.9237925],[13.6606983,49.9236106],[13.6608021,49.9230346],[13.6608628,49.9227801],[13.6609467,49.9225499],[13.6609771,49.9224661],[13.6612897,49.9217179],[13.6613529,49.9215288],[13.661461,49.921205],[13.6614877,49.9210553],[13.661496,49.9209234],[13.6614927,49.9207457],[13.6614618,49.9205708],[13.6637941,49.9202874],[13.6639544,49.9201518],[13.6711311,49.9203622],[13.6715509,49.9195246],[13.6692955,49.9179536],[13.6697019,49.9177063],[13.6697225,49.9176728],[13.6706971,49.9161771],[13.67076,49.9158051],[13.6708559,49.9157276],[13.6710651,49.9152355],[13.6711414,49.9144842],[13.6711659,49.9143728],[13.6712561,49.9142779],[13.6713367,49.9142117],[13.6714282,49.9141884],[13.6714413,49.9141489],[13.6712684,49.9139548],[13.6721881,49.9131346],[13.6710932,49.9122168],[13.6710354,49.9121106],[13.671008,49.9120043],[13.6709962,49.9118837],[13.6709023,49.9117916],[13.6706618,49.9114484],[13.6706111,49.9113997],[13.6705983,49.9113887],[13.6708311,49.9106217],[13.6708501,49.9105113],[13.6706778,49.9095918],[13.670654,49.9094904],[13.6705966,49.9092485],[13.6723001,49.9077078],[13.6730455,49.9067998],[13.6731486,49.9068377],[13.6732025,49.9067963],[13.6731856,49.9066998],[13.6734367,49.9064365],[13.6745088,49.9037749],[13.673535,49.9032783],[13.6732517,49.9004837],[13.6766733,49.8996337],[13.6768453,49.8994871],[13.6784251,49.8988835],[13.6784533,49.8987633],[13.678856,49.8985987],[13.678826,49.8985234],[13.6799396,49.8980737],[13.6819249,49.8974778],[13.6822149,49.8972302],[13.6822338,49.8972011],[13.68399,49.895789],[13.6837549,49.8954036],[13.6846336,49.8938858],[13.6847293,49.8924566],[13.6888578,49.8931139],[13.6891532,49.8932994],[13.6896247,49.8935944],[13.6888643,49.8949079],[13.6884743,49.8964571],[13.6884383,49.8965728],[13.6852867,49.9002702],[13.6852875,49.9018124],[13.6846432,49.902664],[13.684588,49.9027054],[13.6840526,49.9031688],[13.6837778,49.903269],[13.6833956,49.904248],[13.6831304,49.9043985],[13.6831486,49.9048235],[13.6830684,49.9050931],[13.6823837,49.9065794],[13.6824277,49.9073778],[13.6827665,49.9081612],[13.6827883,49.9081983],[13.6828108,49.908429],[13.6829511,49.9084107],[13.6832199,49.9097568],[13.6831198,49.9113919],[13.6834779,49.9115863],[13.6839202,49.9118179],[13.6842873,49.9119808],[13.6844566,49.9120462],[13.684642,49.9122664],[13.6846888,49.9122927],[13.684716,49.9122992],[13.6848066,49.9123326],[13.6848851,49.9123562],[13.6847797,49.9124922],[13.6849276,49.9125478],[13.6857021,49.9149264],[13.6854986,49.9162108],[13.6860172,49.9178028],[13.6860014,49.9178551],[13.6848265,49.9202808],[13.6847622,49.920371],[13.6833175,49.9214493],[13.6843197,49.9226424],[13.6831523,49.9249395],[13.6831986,49.9250136],[13.6819398,49.9261114],[13.6818929,49.9261466],[13.6822686,49.9262313],[13.6821049,49.9265061],[13.6819993,49.9266002],[13.6818543,49.9266586],[13.6803015,49.9267209],[13.6803007,49.9267575],[13.6802933,49.9269892],[13.6802502,49.9272836],[13.6802737,49.9274],[13.6803962,49.9275834],[13.6805162,49.9277063],[13.680625,49.9278083],[13.6774935,49.9310128],[13.677405,49.931099],[13.6745722,49.9318038],[13.670902,49.9313478],[13.6686374,49.9312962],[13.6686047,49.9311595],[13.6673203,49.9298452],[13.6638382,49.9306179],[13.6625319,49.9290801],[13.6608814,49.9283955],[13.6596194,49.9263284],[13.6596999,49.9262494],[13.6598523,49.9261312],[13.659967,49.9260368],[13.6602067,49.9258017]]]}},{"type":"Feature","properties":{"SKNAZEV":"oblast a osa","OBTYPNAZEV":"AKC","DRUH_O_AKC":"AOV","ID_LOKAL":58,"OZNACENI_P":"AOV58","UO":1,"VYKON":39,"UROVEN":"URP","ID_NDOK":null,"NAZEV_NDOK":null,"NAZEV":"Jelení","ZM_CISLO_P":2,"EUP_KOD_P":22907,"ZAPIS":"ZMZA","JE_AKTUALNI":true,"STAV_VYBERU":"ponechana"},"geometry":{"type":"Polygon","coordinates":[[[17.5463326,49.9745897],[17.5463226,49.9746228],[17.5463241,49.974649],[17.5463409,49.9746766],[17.5463269,49.9747028],[17.5462602,49.9747387],[17.5462722,49.9747951],[17.5462774,49.9748337],[17.5462749,49.9748543],[17.5462916,49.9748812],[17.5462912,49.9748944],[17.546291,49.9749008],[17.5462621,49.9749228],[17.5462489,49.9749165],[17.5462339,49.9749276],[17.5462236,49.9749415],[17.5461878,49.9749375],[17.5461188,49.9749553],[17.5461068,49.974973],[17.5460715,49.9750309],[17.5460175,49.9750889],[17.5459995,49.9751375],[17.5459984,49.9752032],[17.5459854,49.9752413],[17.5459492,49.9752815],[17.5459189,49.975308],[17.545881,49.9753647],[17.5458337,49.9754171],[17.5457596,49.9754752],[17.545753,49.9754904],[17.5457519,49.9755527],[17.545738,49.9755596],[17.5456539,49.9755876],[17.5455436,49.9756622],[17.5454415,49.975723],[17.5453009,49.9758433],[17.5452574,49.9758958],[17.5452382,49.9759401],[17.5452147,49.9759609],[17.5451836,49.9759692],[17.5451305,49.9759769],[17.5451254,49.9759814],[17.5451296,49.9760099],[17.5451199,49.9760382],[17.5450807,49.9760392],[17.5450336,49.9760611],[17.5450074,49.9760993],[17.5449827,49.976121],[17.5449462,49.9761327],[17.5449048,49.9761384],[17.5448659,49.9761407],[17.5448506,49.9761514],[17.5448428,49.9761702],[17.5448224,49.9761878],[17.5448283,49.9761969],[17.5448801,49.9764289],[17.544944,49.9764869],[17.5451309,49.9766563],[17.5451595,49.9767378],[17.5452225,49.9769184],[17.5452794,49.9769652],[17.5453791,49.9770474],[17.5455599,49.9771656],[17.5455339,49.9771651],[17.5455243,49.9771649],[17.545485,49.977152],[17.5454714,49.9771449],[17.5454602,49.9771589],[17.5454638,49.9771671],[17.5454707,49.9771788],[17.5455063,49.9771863],[17.545531,49.977182],[17.5455393,49.9771967],[17.5455552,49.9772028],[17.5455476,49.9772421],[17.5455306,49.9772574],[17.545496,49.9772641],[17.5454513,49.9772675],[17.545431,49.9772807],[17.5453703,49.9772815],[17.5453258,49.9772674],[17.5452475,49.9772634],[17.5451487,49.9772802],[17.5451348,49.9772983],[17.5450887,49.977306],[17.5450939,49.9773504],[17.5451274,49.9774109],[17.5451198,49.9774361],[17.5450678,49.9774841],[17.5450136,49.9775198],[17.5449296,49.9775781],[17.5448949,49.9776043],[17.5447323,49.9776687],[17.5446445,49.9777102],[17.5445447,49.9777391],[17.5444065,49.9777574],[17.5443622,49.9777583],[17.5442786,49.9777811],[17.5442208,49.9777805],[17.5442017,49.9777802],[17.5439976,49.9777595],[17.5439485,49.9777669],[17.5438823,49.977811],[17.5438709,49.9778198],[17.5440323,49.9780594],[17.5442002,49.9781907],[17.5442758,49.9782499],[17.5443848,49.9782458],[17.5446984,49.9782342],[17.5447087,49.978244],[17.544808,49.9784005],[17.5450379,49.9787624],[17.5451732,49.9787612],[17.5447374,49.9799702],[17.5454758,49.9820114],[17.5432784,49.9818801],[17.5407747,49.9817303],[17.5399818,49.9816829],[17.5386628,49.9812483],[17.5382406,49.9804678],[17.538194,49.9803853],[17.5379904,49.9800247],[17.5379097,49.980045],[17.5378431,49.9800432],[17.5377116,49.9800394],[17.5375169,49.9800074],[17.5371701,49.979891],[17.5366701,49.9796293],[17.5364913,49.9795292],[17.5359216,49.9793401],[17.5358742,49.9793274],[17.5357908,49.9792994],[17.5358127,49.9791279],[17.535929,49.9791148],[17.5359236,49.9791126],[17.5359005,49.9791025],[17.5358769,49.9790799],[17.5358594,49.9790702],[17.5357884,49.9790312],[17.5356961,49.9789842],[17.5353651,49.9788165],[17.5351023,49.978668],[17.5347263,49.9784385],[17.5346053,49.9783651],[17.5345603,49.9783472],[17.5344818,49.9783219],[17.534439,49.9782937],[17.5343851,49.978248],[17.5342965,49.9781877],[17.5341553,49.9780643],[17.534053,49.9779477],[17.5339753,49.9778339],[17.5339016,49.9776759],[17.5338535,49.9775774],[17.5337957,49.9775927],[17.5337318,49.9776098],[17.533705,49.977617],[17.5335073,49.9774308],[17.5334739,49.9773443],[17.5333412,49.9770005],[17.5331516,49.977045],[17.5326405,49.9762981],[17.5323868,49.9761451],[17.5319959,49.9758282],[17.5319744,49.9758033],[17.5316422,49.9754181],[17.5314688,49.9754455],[17.5314241,49.9754528],[17.5282162,49.9742868],[17.5279177,49.9742804],[17.5275287,49.9742489],[17.5274439,49.974242],[17.5272137,49.9739906],[17.5268722,49.9734636],[17.5260585,49.9732131],[17.5192944,49.9729632],[17.5184767,49.973423],[17.5184562,49.9734586],[17.5182504,49.9735825],[17.5182086,49.9736314],[17.5180536,49.9737011],[17.517349,49.9741353],[17.5172264,49.9742011],[17.5146732,49.9765316],[17.515642,49.9771487],[17.5155948,49.9788244],[17.5147697,49.9793263],[17.5156853,49.9798172],[17.5161728,49.9804567],[17.5162525,49.9811406],[17.5158183,49.9814375],[17.5160229,49.9816554],[17.5161421,49.9820711],[17.5162112,49.9821876],[17.515437,49.9823024],[17.5157154,49.9826437],[17.5157492,49.9826851],[17.5157829,49.9827265],[17.5170286,49.984254],[17.5171705,49.984411],[17.5150602,49.9847666],[17.515593,49.9855875],[17.516129,49.9864366],[17.5166789,49.9875612],[17.5171984,49.988624],[17.5193824,49.988286],[17.5210431,49.9876565],[17.5210892,49.9876394],[17.5214699,49.987499],[17.5220727,49.9879385],[17.522441,49.9882355],[17.5226933,49.9882281],[17.5231262,49.9883143],[17.523943,49.9885531],[17.5247126,49.9887535],[17.5248077,49.9887783],[17.5249314,49.9888105],[17.5267229,49.9892944],[17.5274025,49.9894329],[17.5275841,49.9894699],[17.5276879,49.9894911],[17.5277673,49.9895073],[17.5278353,49.9895256],[17.5278944,49.989736],[17.5279796,49.9898603],[17.5279338,49.9902771],[17.5279019,49.9905677],[17.5280029,49.9909533],[17.5279482,49.9909579],[17.527851,49.9909662],[17.5277813,49.9909721],[17.5276423,49.9909839],[17.5258629,49.9911349],[17.5256423,49.991202],[17.5253781,49.9913605],[17.5236816,49.9915311],[17.5235433,49.9916031],[17.5233231,49.9916811],[17.5229685,49.9918652],[17.5229413,49.9918754],[17.522871,49.9919016],[17.5215509,49.9921289],[17.5196787,49.9928086],[17.5195942,49.9928012],[17.5193487,49.9925467],[17.5193225,49.9925187],[17.518558,49.9931877],[17.5184776,49.9931726],[17.5184519,49.9932419],[17.5182708,49.9932558],[17.5181275,49.9932763],[17.5161278,49.9933493],[17.5161657,49.9939888],[17.5161207,49.9940144],[17.5148169,49.9946308],[17.5141253,49.9950589],[17.5140745,49.9950773],[17.5138844,49.9948423],[17.5136945,49.9946189],[17.5136548,49.9945688],[17.5134462,49.9942131],[17.5133644,49.9941322],[17.5132543,49.9940299],[17.5124398,49.9933445],[17.5123471,49.9932534],[17.5121212,49.9930296],[17.5119579,49.9927606],[17.5118928,49.9925152],[17.5114797,49.9922844],[17.5110847,49.992085],[17.510923,49.9919104],[17.5107817,49.9917527],[17.5107283,49.9917163],[17.510449,49.9918684],[17.5102475,49.9918149],[17.5101762,49.9917864],[17.5098649,49.9916194],[17.5097609,49.9915514],[17.509589,49.9913728],[17.5091136,49.990994],[17.5089505,49.9907716],[17.5087291,49.9904616],[17.5087151,49.9904162],[17.5086902,49.9902431],[17.5086904,49.9902409],[17.5086984,49.990111],[17.5086096,49.9900114],[17.5081033,49.9896651],[17.5078575,49.9895252],[17.5072342,49.9893314],[17.5071958,49.989316],[17.5068953,49.9892055],[17.5065046,49.9890979],[17.506276,49.9890977],[17.5062942,49.9890705],[17.5063015,49.9890611],[17.5057007,49.9890465],[17.5051517,49.9890896],[17.5045032,49.989259],[17.5040883,49.9893482],[17.5038428,49.9893655],[17.5035324,49.9893874],[17.503488,49.9893906],[17.5029858,49.9895627],[17.5026059,49.9896929],[17.5026307,49.9896599],[17.5027569,49.9895307],[17.5027846,49.9894859],[17.502778,49.9894448],[17.5027593,49.9894092],[17.5027369,49.9893622],[17.5027223,49.9892628],[17.5027048,49.9892123],[17.5026083,49.989088],[17.5025146,49.9889195],[17.5024351,49.9888245],[17.5024243,49.9888007],[17.5024119,49.9887536],[17.5023359,49.9886336],[17.5022817,49.9885744],[17.502219,49.9885103],[17.5021303,49.9883751],[17.5020796,49.9883256],[17.5020527,49.9882791],[17.502052,49.9882457],[17.5020654,49.9882028],[17.5020828,49.9881395],[17.502071,49.9880539],[17.5020801,49.9880207],[17.5020995,49.9879718],[17.5020974,49.9879175],[17.5021187,49.987744],[17.5021578,49.9876481],[17.5021868,49.9875606],[17.5021893,49.9874843],[17.5021927,49.9874365],[17.5022229,49.9873387],[17.5022219,49.987289],[17.5021914,49.9872419],[17.5021628,49.9871287],[17.5021259,49.9870256],[17.5020947,49.9869877],[17.5020767,49.98694],[17.5020327,49.9868722],[17.5019802,49.9868182],[17.5019,49.9867624],[17.5017934,49.9867096],[17.5017611,49.9866692],[17.5017549,49.9866306],[17.5017706,49.986578],[17.5018589,49.986443],[17.5018622,49.9863582],[17.5018709,49.9863086],[17.5019054,49.9862641],[17.5019887,49.9862075],[17.5021014,49.9861423],[17.5021908,49.9860703],[17.5022997,49.9859401],[17.5024882,49.9857731],[17.5026002,49.9856919],[17.5027026,49.9856352],[17.502839,49.9855783],[17.5029911,49.9855303],[17.5032036,49.9854824],[17.5034089,49.985434],[17.5035355,49.9853929],[17.5036473,49.9853439],[17.5037216,49.9852928],[17.5038328,49.9851989],[17.5038806,49.9851367],[17.5039144,49.9850459],[17.5039596,49.9850114],[17.5040223,49.9849575],[17.5040421,49.9849149],[17.5040353,49.9848677],[17.5040001,49.9848243],[17.5039501,49.9847472],[17.5039205,49.9847058],[17.5037404,49.9845387],[17.5036937,49.9844823],[17.503673,49.9844629],[17.5036227,49.9844154],[17.5036042,49.9843843],[17.5035839,49.9843491],[17.5039285,49.9843503],[17.5037298,49.9843016],[17.5030548,49.9839701],[17.5028906,49.9838894],[17.5027018,49.9837956],[17.5011326,49.9830789],[17.4996134,49.9823986],[17.4988724,49.9821024],[17.4981866,49.9819071],[17.4973488,49.9818],[17.4973454,49.9816292],[17.4973258,49.9815694],[17.4973256,49.981564],[17.4974262,49.9815633],[17.4975873,49.9815618],[17.4976701,49.9815715],[17.4978124,49.981597],[17.4979185,49.9816185],[17.4981241,49.9816437],[17.4982692,49.9816522],[17.4983385,49.9816513],[17.4984126,49.9816344],[17.4984599,49.9816097],[17.498472,49.9816034],[17.4985283,49.9815602],[17.4986327,49.9814799],[17.4987299,49.981409],[17.4987916,49.9813323],[17.4988738,49.9812706],[17.4989534,49.9812166],[17.498998,49.9811629],[17.4990314,49.981088],[17.499071,49.9809567],[17.4990962,49.9808544],[17.499161,49.9807848],[17.4992793,49.9807005],[17.499342,49.9806501],[17.4994097,49.9805699],[17.4996262,49.9802235],[17.4997433,49.9800933],[17.4998319,49.9799148],[17.4997846,49.9798248],[17.4997946,49.9797606],[17.4998078,49.9797356],[17.4998554,49.9796655],[17.499934,49.9795505],[17.5000705,49.9790309],[17.5001273,49.9789025],[17.5001932,49.9788138],[17.5003051,49.9786948],[17.5007178,49.9787703],[17.5012769,49.9788471],[17.5020069,49.9789627],[17.5025474,49.9790489],[17.5031067,49.9791351],[17.5036694,49.9792265],[17.5038798,49.9792564],[17.5037269,49.9791735],[17.5035958,49.9791297],[17.5035588,49.9791088],[17.5035001,49.9790559],[17.5034552,49.979023],[17.503386,49.9789699],[17.5032109,49.9787791],[17.5030306,49.9786044],[17.5029491,49.9785131],[17.5028912,49.9784465],[17.5028666,49.978389],[17.5028576,49.9783281],[17.5028523,49.9781552],[17.5028153,49.9779871],[17.5028155,49.9779078],[17.5028153,49.9778678],[17.5028093,49.9778447],[17.5028021,49.977836],[17.5027916,49.9778296],[17.5027767,49.9778225],[17.5027572,49.9778118],[17.5027431,49.9777952],[17.5027328,49.9777744],[17.5027705,49.9776487],[17.5027448,49.9773348],[17.5027191,49.9772176],[17.5027115,49.9771307],[17.502704,49.9771112],[17.5026925,49.9770863],[17.5026757,49.9770646],[17.5026609,49.9770518],[17.5026514,49.9770348],[17.502638,49.9770066],[17.5026144,49.9769353],[17.5025992,49.9768926],[17.5026001,49.9768767],[17.5026041,49.976844],[17.5025954,49.9768172],[17.5025846,49.9767793],[17.5025636,49.9767322],[17.5025314,49.9766302],[17.5025143,49.9766025],[17.5025108,49.9765757],[17.5025192,49.9765334],[17.502678,49.9762206],[17.5027437,49.9760683],[17.502753,49.9760151],[17.5027419,49.975974],[17.5026843,49.9758916],[17.5026426,49.9757794],[17.5026227,49.9757413],[17.5025636,49.9756682],[17.502552,49.9756356],[17.5025503,49.9756276],[17.5025322,49.9755417],[17.5024533,49.9754308],[17.5023992,49.9753375],[17.5022849,49.9751338],[17.5022158,49.9750211],[17.5021278,49.9748681],[17.5012712,49.9732554],[17.5012429,49.9728746],[17.5012377,49.9728769],[17.5012244,49.9728405],[17.501206,49.9725927],[17.5011623,49.9724629],[17.5012329,49.9724876],[17.5036318,49.9723356],[17.503708,49.9722651],[17.5041316,49.9720697],[17.504455,49.9720844],[17.5044867,49.9720854],[17.5045417,49.9720873],[17.5046408,49.9720588],[17.5048761,49.9725176],[17.5053714,49.9729782],[17.5054332,49.9729975],[17.5058828,49.9728702],[17.5061112,49.9727932],[17.5063164,49.972719],[17.50627,49.9726572],[17.5065312,49.9725705],[17.5067907,49.9722265],[17.5068335,49.9722138],[17.5068572,49.972072],[17.5065442,49.9716025],[17.5066959,49.9715426],[17.5068086,49.9716656],[17.5070488,49.9715596],[17.5106277,49.9707874],[17.5115741,49.9704841],[17.5117838,49.9704122],[17.5125753,49.9700854],[17.5130358,49.9704679],[17.5130833,49.9704594],[17.5129642,49.9706796],[17.5129651,49.970842],[17.5130762,49.9709379],[17.5133508,49.971075],[17.5133721,49.971079],[17.5133798,49.9710675],[17.5134632,49.9709993],[17.5135477,49.9709562],[17.5136601,49.9709248],[17.5139734,49.9708661],[17.5142045,49.970811],[17.5143102,49.9707924],[17.5145146,49.9707795],[17.5147313,49.9707792],[17.5149065,49.9707649],[17.5149996,49.970736],[17.5152137,49.9705883],[17.5154395,49.970442],[17.5155926,49.9703767],[17.5157652,49.9702885],[17.5158935,49.970197],[17.5160658,49.970078],[17.5160887,49.9700572],[17.5163691,49.9698017],[17.5164534,49.9697401],[17.5166934,49.9696462],[17.5170444,49.969562],[17.5173575,49.9694637],[17.5178868,49.9693321],[17.5181117,49.9692897],[17.5184466,49.9692288],[17.518513,49.9692193],[17.5186223,49.9692158],[17.5189956,49.9692453],[17.5190816,49.9692448],[17.5192451,49.9692266],[17.5193208,49.9692081],[17.5194183,49.9691767],[17.5196009,49.9691124],[17.5197316,49.9690568],[17.5199046,49.9689676],[17.5199804,49.9689361],[17.5200754,49.9689095],[17.5202031,49.9688926],[17.5203097,49.9688862],[17.5204579,49.968891],[17.5206204,49.968916],[17.5208095,49.968954],[17.5210258,49.9690057],[17.5216745,49.9691788],[17.5218409,49.9692312],[17.5219408,49.9692771],[17.5220877,49.9693679],[17.5224231,49.9696026],[17.5227512,49.9698094],[17.5231112,49.9700822],[17.5235772,49.9704977],[17.5238126,49.9706875],[17.5240352,49.9708202],[17.5242537,49.9709128],[17.5245975,49.9710421],[17.5246963,49.9710928],[17.5251096,49.9714216],[17.5252994,49.9715294],[17.5345724,49.9715439],[17.5348181,49.9715069],[17.5356932,49.9713824],[17.5358695,49.9713554],[17.5361721,49.9713337],[17.53672,49.9712766],[17.5373257,49.9712245],[17.5374395,49.9712021],[17.5375755,49.9712007],[17.5377494,49.9711934],[17.5386626,49.9711175],[17.5389018,49.9711032],[17.5437221,49.9707191],[17.5437554,49.9707506],[17.5438257,49.9708572],[17.5438476,49.971127],[17.5437466,49.971398],[17.5437971,49.9715965],[17.5438386,49.9718042],[17.5440484,49.9719541],[17.5443464,49.9720124],[17.5444931,49.9721652],[17.5445898,49.9724127],[17.544732,49.9725798],[17.5449351,49.9729865],[17.5451877,49.9734225],[17.5452572,49.9737952],[17.5452259,49.9740293],[17.5452113,49.9744204],[17.5452112,49.9744309],[17.5451681,49.9745896],[17.5462895,49.9745901],[17.5463326,49.9745897]]]}},{"type":"Feature","properties":{"SKNAZEV":"oblast a osa","OBTYPNAZEV":"AKC","DRUH_O_AKC":"AOV","ID_LOKAL":60,"OZNACENI_P":"AOV60","UO":1,"VYKON":32,"UROVEN":"URP","ID_NDOK":null,"NAZEV_NDOK":null,"NAZEV":"Kamenný vrch","ZM_CISLO_P":2,"EUP_KOD_P":22907,"ZAPIS":"ZMZA","JE_AKTUALNI":true,"STAV_VYBERU":"ponechana"},"geometry":{"type":"Polygon","coordinates":[[[17.6365452,49.9442597],[17.636486,49.9442871],[17.6361918,49.9444154],[17.6360757,49.9444659],[17.6357216,49.9445316],[17.6352487,49.9446024],[17.6349954,49.9445857],[17.6344825,49.9445343],[17.63474,49.9446144],[17.6349962,49.944694],[17.6351852,49.944751],[17.6353259,49.9448022],[17.635464,49.9448555],[17.6357352,49.9450028],[17.6359803,49.9450837],[17.6361689,49.9451474],[17.6364186,49.9452269],[17.6368295,49.9453659],[17.6369701,49.9454111],[17.6371137,49.9454432],[17.6376214,49.9455573],[17.6379881,49.9456473],[17.6385671,49.9457197],[17.638669,49.9457319],[17.6389357,49.945764],[17.6390698,49.9457801],[17.6395611,49.9458576],[17.6399632,49.9459287],[17.6402753,49.9459985],[17.6406829,49.9460331],[17.6410278,49.9460697],[17.6411983,49.9460994],[17.6412748,49.9461147],[17.641411,49.9461402],[17.6418692,49.9462129],[17.6421511,49.9462634],[17.6423075,49.9462839],[17.642684,49.9463233],[17.6432455,49.9463873],[17.6435946,49.9464367],[17.6441061,49.9464962],[17.6446043,49.9465593],[17.644977,49.9466147],[17.6453842,49.9466829],[17.6459429,49.9467772],[17.6464479,49.9468653],[17.6464681,49.9468688],[17.6465275,49.9468793],[17.6477727,49.948325],[17.6478041,49.948353],[17.6478918,49.9483676],[17.647857,49.9484943],[17.6478762,49.9485493],[17.6480498,49.9486682],[17.6481961,49.948739],[17.6483604,49.948811],[17.6483966,49.9488202],[17.648554,49.9488606],[17.6485725,49.948865],[17.6485297,49.948986],[17.6485095,49.9490431],[17.648475,49.9491402],[17.6483866,49.9493897],[17.6482808,49.9496501],[17.649039,49.9496296],[17.6496605,49.949602],[17.6501695,49.9495725],[17.650397,49.9495594],[17.6504389,49.9495475],[17.6504302,49.9495897],[17.6504276,49.9496029],[17.6504118,49.9496546],[17.6503932,49.9497155],[17.6503296,49.9498876],[17.6502564,49.9500977],[17.6502389,49.9502388],[17.6502642,49.9504611],[17.6503163,49.9505995],[17.6503864,49.9507795],[17.6504283,49.9509137],[17.650462,49.9511627],[17.6503546,49.9511603],[17.6503447,49.9512027],[17.6503303,49.9512121],[17.6503167,49.9512223],[17.6507402,49.9512876],[17.6508368,49.9513462],[17.6509009,49.9514381],[17.6509857,49.9514853],[17.6512189,49.9514967],[17.6513795,49.951569],[17.6516216,49.951604],[17.6516211,49.951692],[17.651615,49.9517454],[17.6514545,49.9517934],[17.6513764,49.9519104],[17.651371,49.9519407],[17.651325,49.9521598],[17.6510782,49.9527162],[17.6506485,49.9531456],[17.6493029,49.9536768],[17.6491688,49.9536426],[17.6491032,49.9535656],[17.6489907,49.953444],[17.6489528,49.9534232],[17.6484336,49.9531577],[17.6483912,49.953131],[17.6470429,49.9531957],[17.6470297,49.9531965],[17.6470263,49.9531965],[17.6469831,49.9531985],[17.6465257,49.9531972],[17.645266,49.9532566],[17.6446026,49.9532694],[17.644382,49.953257],[17.6446661,49.9550136],[17.6442673,49.955267],[17.6441,49.9553532],[17.6440123,49.955351],[17.6438463,49.9554364],[17.6438237,49.9555364],[17.6420364,49.9567522],[17.6410988,49.957389],[17.6410815,49.9574238],[17.6410475,49.957576],[17.6410009,49.9580355],[17.6409633,49.9583449],[17.6409608,49.9583733],[17.6409632,49.9584097],[17.6409738,49.9584521],[17.6409983,49.9585027],[17.6410928,49.9586309],[17.6411377,49.9586863],[17.6411757,49.9587265],[17.6411805,49.958731],[17.6412662,49.9588101],[17.6413151,49.9588498],[17.6414054,49.9589151],[17.6416016,49.9590482],[17.6415674,49.9590829],[17.6390567,49.9606767],[17.6393335,49.9608986],[17.6392886,49.9610788],[17.6394201,49.9612054],[17.6394851,49.9612681],[17.6394972,49.9612821],[17.6395156,49.9613035],[17.6392171,49.961378],[17.6390098,49.9614662],[17.6386522,49.9616207],[17.6385404,49.961669],[17.6378085,49.9619349],[17.637804,49.9619365],[17.6376987,49.9619761],[17.6371004,49.9622003],[17.6364406,49.9624731],[17.6362469,49.9625533],[17.6354699,49.962848],[17.6353208,49.9629073],[17.6349109,49.9630815],[17.6348294,49.9631161],[17.6347882,49.9631225],[17.6347226,49.963114],[17.6346529,49.9630956],[17.634637,49.9630844],[17.6345942,49.9630539],[17.6345228,49.9630035],[17.6340363,49.9626625],[17.6335044,49.9623635],[17.6329902,49.9620746],[17.6329955,49.9621006],[17.6326613,49.9619757],[17.6325988,49.9619523],[17.6320905,49.9615529],[17.6320118,49.9617039],[17.6317666,49.9619897],[17.6317139,49.9620255],[17.631677,49.9620387],[17.631591,49.962056],[17.6315559,49.962067],[17.6315189,49.9620902],[17.6314936,49.9620724],[17.6262044,49.961654],[17.6260882,49.9615656],[17.6258335,49.9613671],[17.6256354,49.9612071],[17.6254983,49.9610791],[17.6253347,49.9609464],[17.6252741,49.9609692],[17.6252215,49.9609932],[17.6249964,49.9611168],[17.6248604,49.9611898],[17.624551,49.9613485],[17.6243779,49.9614371],[17.6209484,49.9624589],[17.6205917,49.9621772],[17.6204012,49.962042],[17.6150242,49.9619449],[17.6150077,49.9613142],[17.6135906,49.9594886],[17.6120209,49.958297],[17.6119899,49.958222],[17.6119633,49.9581819],[17.6112669,49.9571302],[17.6112494,49.9571034],[17.6112002,49.9570277],[17.611124,49.9569106],[17.6110259,49.9567597],[17.6110226,49.9564809],[17.6110204,49.9562975],[17.6110282,49.9556833],[17.6111883,49.9551181],[17.6114892,49.9546254],[17.6115377,49.9545709],[17.6115846,49.9545208],[17.6119101,49.9542696],[17.6122319,49.9540585],[17.6147032,49.9545266],[17.615095,49.9544597],[17.6153035,49.9544616],[17.6154936,49.9545074],[17.6156833,49.9545779],[17.6158807,49.9545886],[17.6160753,49.9545675],[17.6169064,49.9540612],[17.6170404,49.9540228],[17.6171455,49.9539535],[17.6177003,49.9541667],[17.6193524,49.9537397],[17.6195057,49.9537643],[17.6196576,49.9537381],[17.6202839,49.9532902],[17.6227503,49.9515246],[17.6228594,49.9506977],[17.6237212,49.9491756],[17.6239645,49.94905],[17.6238975,49.9490039],[17.6237099,49.9487381],[17.6235882,49.9486363],[17.6240694,49.9485015],[17.6237081,49.9481823],[17.6234464,49.947986],[17.6247576,49.9469979],[17.6237494,49.9463618],[17.6236775,49.9463163],[17.6235745,49.9462513],[17.6230911,49.9456906],[17.6227782,49.9453277],[17.6227193,49.9452225],[17.6227115,49.9451956],[17.6227547,49.9450945],[17.6225937,49.9448438],[17.622586,49.9448316],[17.6223598,49.9445768],[17.6222545,49.9444892],[17.6222074,49.94445],[17.6223589,49.9443423],[17.622785,49.9440582],[17.6230172,49.9439525],[17.6232568,49.9438432],[17.6237823,49.9435516],[17.6240582,49.9433657],[17.6243762,49.9432245],[17.6245604,49.9431588],[17.6249995,49.9430064],[17.6252884,49.9428941],[17.6255525,49.9427581],[17.6258013,49.9425631],[17.6284791,49.9419659],[17.6290636,49.942205],[17.6297292,49.9424042],[17.6307608,49.9426544],[17.6317172,49.9429199],[17.6324562,49.9431118],[17.6326727,49.9431681],[17.6327166,49.9431793],[17.632842,49.9432114],[17.6332686,49.9433207],[17.6329616,49.9437219],[17.6332828,49.943774],[17.6334385,49.943805],[17.633528,49.9438225],[17.6337735,49.9438519],[17.6340951,49.9438698],[17.6343101,49.9438953],[17.6347126,49.9439661],[17.6349149,49.9440031],[17.635433,49.9440923],[17.635653,49.9441221],[17.6356828,49.9441262],[17.6361157,49.9441743],[17.6362826,49.9442067],[17.6365452,49.9442597]]]}},{"type":"Feature","properties":{"SKNAZEV":"oblast a osa","OBTYPNAZEV":"AKC","DRUH_O_AKC":"AOV","ID_LOKAL":57,"OZNACENI_P":"AOV57","UO":1,"VYKON":28,"UROVEN":"URP","ID_NDOK":null,"NAZEV_NDOK":null,"NAZEV":"Bílá skála","ZM_CISLO_P":2,"EUP_KOD_P":22907,"ZAPIS":"ZMZA","JE_AKTUALNI":true,"STAV_VYBERU":"ponechana"},"geometry":{"type":"Polygon","coordinates":[[[13.671846,49.8649959],[13.6718482,49.8655156],[13.6719493,49.8655064],[13.6721564,49.8654836],[13.6724247,49.8654952],[13.6735186,49.8655027],[13.6739491,49.8655507],[13.6738812,49.8654963],[13.673936,49.8652714],[13.6744348,49.8650868],[13.6744491,49.8650432],[13.6747529,49.8646487],[13.6748846,49.864659],[13.6749105,49.8646612],[13.6750157,49.8646415],[13.6750408,49.8646381],[13.6751503,49.8646459],[13.6753049,49.8646099],[13.6760441,49.864732],[13.6764834,49.8648285],[13.677002,49.8649434],[13.6790569,49.8652219],[13.6791385,49.8651361],[13.6794007,49.8648905],[13.6795836,49.864733],[13.6799276,49.8645973],[13.6804838,49.8643501],[13.6809672,49.86404],[13.6811161,49.8639542],[13.6813872,49.8638459],[13.6815708,49.8637301],[13.6815971,49.863708],[13.6816773,49.8635171],[13.681782,49.8632546],[13.681882,49.8631524],[13.6819062,49.8631286],[13.6819757,49.8630583],[13.6821985,49.8628291],[13.6824134,49.8625383],[13.682529,49.8623846],[13.6829181,49.8625185],[13.6833639,49.862672],[13.6845558,49.8631032],[13.6847125,49.8631685],[13.6851474,49.8633454],[13.6853172,49.863406],[13.6859438,49.8636889],[13.6866554,49.8639766],[13.6868294,49.8640388],[13.68697,49.8641038],[13.6878854,49.8643631],[13.6882721,49.8645435],[13.6884068,49.8646394],[13.6880765,49.8647578],[13.6880583,49.8648227],[13.6876532,49.8648353],[13.6863853,49.8654701],[13.6855323,49.8657884],[13.6856042,49.8660995],[13.6852862,49.8662714],[13.6853096,49.8663009],[13.6844653,49.8669942],[13.6840323,49.8674341],[13.6840372,49.86749],[13.6839716,49.8676036],[13.6837155,49.8679079],[13.6832818,49.8686553],[13.6829652,49.8688347],[13.682969,49.8688861],[13.6831296,49.8691877],[13.6830885,49.869242],[13.6829639,49.8694582],[13.6832638,49.8696536],[13.6820971,49.8693943],[13.6819706,49.8695873],[13.6807829,49.8692731],[13.6794824,49.8689318],[13.6794419,49.8691635],[13.6781918,49.8691282],[13.6774274,49.8691889],[13.6761225,49.8693017],[13.6757456,49.8695261],[13.6740077,49.8699077],[13.6737874,49.870013],[13.6734478,49.8705636],[13.6729389,49.8703246],[13.6728995,49.8703002],[13.6723296,49.871141],[13.6723619,49.8714734],[13.6722826,49.8715658],[13.6721066,49.8717747],[13.6719081,49.8718287],[13.6717377,49.8717569],[13.6716571,49.8717818],[13.6717772,49.8720644],[13.6717562,49.8721619],[13.6717198,49.8722687],[13.6717097,49.8723844],[13.6717343,49.8725054],[13.6717299,49.8726261],[13.6715175,49.8729107],[13.6713286,49.8732713],[13.6711722,49.8734742],[13.6710507,49.8735951],[13.6709376,49.873873],[13.6708817,49.8739558],[13.6708853,49.8740447],[13.6707819,49.874526],[13.6708879,49.8744932],[13.6713832,49.8760972],[13.6714465,49.8765104],[13.6715716,49.8765453],[13.6715037,49.8768633],[13.6715091,49.8773654],[13.6714719,49.8778018],[13.6714679,49.8780618],[13.6713999,49.878232],[13.6713663,49.8782413],[13.671345,49.8783907],[13.6707591,49.8785004],[13.6707097,49.878494],[13.6704013,49.8784982],[13.6703558,49.8785732],[13.6700393,49.879271],[13.6698446,49.8793314],[13.6700232,49.8798036],[13.6702806,49.879947],[13.6701229,49.8803966],[13.6699658,49.8804935],[13.6695923,49.8808498],[13.6694685,49.8810162],[13.6685508,49.8812838],[13.6682603,49.8813718],[13.6679942,49.8814049],[13.6673192,49.8812234],[13.66693,49.8813252],[13.6666161,49.8815315],[13.666632,49.8816215],[13.6667723,49.8820099],[13.666786,49.882048],[13.6666141,49.8824596],[13.6665137,49.8827265],[13.6663136,49.8828816],[13.6658839,49.883017],[13.6655895,49.8830071],[13.6654112,49.8830012],[13.6647875,49.8830271],[13.6641047,49.8831881],[13.6636876,49.8833415],[13.6634398,49.8835191],[13.6633615,49.8836515],[13.6633612,49.8837592],[13.6633611,49.8837958],[13.6634713,49.8839374],[13.6635884,49.8840114],[13.663647,49.8840486],[13.6638774,49.8841217],[13.6641639,49.884157],[13.6646068,49.8841536],[13.6660434,49.8843716],[13.6665543,49.8844965],[13.6668716,49.884612],[13.6670087,49.8847216],[13.6668457,49.8848095],[13.6662366,49.8851104],[13.665964,49.8852098],[13.6659311,49.8852524],[13.6655607,49.8853124],[13.663075,49.8864287],[13.6616448,49.8904062],[13.6623126,49.890827],[13.662874,49.8915132],[13.6629448,49.89161],[13.662683,49.8924183],[13.6628788,49.8933844],[13.6634284,49.8944719],[13.6631558,49.8950671],[13.6645787,49.8959039],[13.665737,49.8971249],[13.6656568,49.8972173],[13.6653734,49.8975238],[13.6646404,49.898262],[13.6644943,49.898394],[13.6643297,49.8985351],[13.663934,49.8988439],[13.6636639,49.8990374],[13.663504,49.8991275],[13.6631362,49.8993111],[13.6629613,49.8993984],[13.6628425,49.8994563],[13.6624819,49.8996308],[13.6619225,49.8999191],[13.661389,49.9001794],[13.6611416,49.9003134],[13.6610439,49.9003762],[13.660906,49.9004817],[13.6608078,49.9005601],[13.6588686,49.8996647],[13.6582298,49.8991362],[13.6579301,49.8989445],[13.657894,49.8989264],[13.6575084,49.898874],[13.6568451,49.8987841],[13.6562387,49.8987015],[13.6553581,49.8986276],[13.6548763,49.8985872],[13.6555375,49.8975598],[13.6554446,49.8974844],[13.6553597,49.8955411],[13.6553938,49.8954386],[13.6555159,49.8953892],[13.6559245,49.8944691],[13.6563309,49.8935539],[13.6563997,49.8914889],[13.6569036,49.8915624],[13.6582785,49.8883061],[13.6577769,49.8880134],[13.6581401,49.8864102],[13.6578993,49.8863648],[13.6576964,49.8862857],[13.6569588,49.8848935],[13.6570746,49.8847012],[13.6572551,49.8844015],[13.6573656,49.884218],[13.6561158,49.8830124],[13.65626,49.8828202],[13.6556864,49.8798692],[13.6563119,49.8795381],[13.6562881,49.8794976],[13.6557493,49.8789831],[13.6557809,49.8789318],[13.6562742,49.8785517],[13.657025,49.8778338],[13.6562942,49.877286],[13.656762,49.8766101],[13.6567593,49.8765821],[13.6567488,49.8764761],[13.6576109,49.8760364],[13.6582306,49.8760503],[13.6589828,49.8760755],[13.6591524,49.876037],[13.6593015,49.8760031],[13.6594096,49.8758771],[13.6595443,49.8758385],[13.6598769,49.8758725],[13.6600579,49.8758314],[13.6605055,49.8757298],[13.6607338,49.875678],[13.6612851,49.875586],[13.6614042,49.8755837],[13.6619599,49.8755278],[13.6621952,49.8755216],[13.6621108,49.875336],[13.662357,49.8752436],[13.6627001,49.875082],[13.6651226,49.8743691],[13.6661515,49.8744761],[13.6651144,49.8737915],[13.664991,49.8734086],[13.6661489,49.8731924],[13.6658791,49.8727326],[13.665957,49.8726447],[13.6657332,49.8725057],[13.6659755,49.8722818],[13.6659108,49.8721388],[13.6663121,49.87199],[13.6664031,49.8717188],[13.6660967,49.8714355],[13.6665325,49.8711022],[13.6659013,49.8699904],[13.6656813,49.86983],[13.6656837,49.8696621],[13.6655184,49.8695329],[13.6654346,49.869249],[13.6651055,49.8689118],[13.6649213,49.8686907],[13.6646981,49.8684466],[13.66326,49.8676685],[13.6631264,49.8675539],[13.6631049,49.8673508],[13.6629204,49.8671005],[13.6629318,49.8670769],[13.6629401,49.8670357],[13.6630673,49.8670145],[13.6631914,49.8669969],[13.6632105,49.8667713],[13.6634769,49.8661799],[13.6640624,49.866384],[13.6654009,49.8668132],[13.6651757,49.8663993],[13.6650931,49.8662065],[13.6644834,49.8661371],[13.6644288,49.8658762],[13.6645566,49.8658116],[13.6643939,49.8656637],[13.6643278,49.8652969],[13.6643445,49.8652417],[13.6643863,49.8651689],[13.6647,49.8641209],[13.6648753,49.863798],[13.6650396,49.8636047],[13.6655425,49.863275],[13.6663575,49.8630703],[13.6667288,49.8629832],[13.6683226,49.8633939],[13.6687418,49.8634509],[13.6691094,49.8638164],[13.6694221,49.8640867],[13.6700218,49.8641673],[13.6703411,49.8644472],[13.6707877,49.8642959],[13.670839,49.8642996],[13.6711395,49.8641801],[13.6718106,49.8644935],[13.6718716,49.8646546],[13.671846,49.8649959]]]}},{"type":"Feature","properties":{"SKNAZEV":"oblast a osa","OBTYPNAZEV":"AKC","DRUH_O_AKC":"AOV","ID_LOKAL":62,"OZNACENI_P":"AOV62","UO":1,"VYKON":70,"UROVEN":"URP","ID_NDOK":null,"NAZEV_NDOK":null,"NAZEV":"Střížovice","ZM_CISLO_P":2,"EUP_KOD_P":22907,"ZAPIS":"ZMZA","JE_AKTUALNI":true,"STAV_VYBERU":"ponechana"},"geometry":{"type":"Polygon","coordinates":[[[13.4461413,49.6066277],[13.4464755,49.6079914],[13.4460268,49.6078826],[13.4457502,49.6080555],[13.4455828,49.6081319],[13.4454193,49.6081731],[13.4452451,49.6081983],[13.4453549,49.6082441],[13.4461456,49.6089618],[13.4457992,49.6096443],[13.4468308,49.6098865],[13.4476004,49.6104991],[13.4465619,49.6115388],[13.447411,49.611085],[13.4476032,49.6111487],[13.4479674,49.6112564],[13.4483186,49.6113634],[13.4489176,49.6115455],[13.4490934,49.6118993],[13.4493603,49.6121816],[13.449283,49.6124566],[13.4488908,49.6132483],[13.4493271,49.6132003],[13.4495995,49.6131611],[13.4495896,49.6132888],[13.4496533,49.6134639],[13.4498937,49.6139323],[13.4500629,49.6140114],[13.4502407,49.6140916],[13.4503445,49.6141384],[13.4475654,49.6178774],[13.4477906,49.6179461],[13.4481909,49.618069],[13.4481607,49.6184268],[13.4482113,49.6184367],[13.4483844,49.6184706],[13.4488765,49.618567],[13.4493313,49.6186559],[13.4495545,49.6186995],[13.4497857,49.6187447],[13.4498989,49.618767],[13.450009,49.6187855],[13.4501183,49.6188034],[13.4502048,49.6188178],[13.4504375,49.6188562],[13.4506575,49.6188925],[13.4511244,49.6189696],[13.4513109,49.6190005],[13.4513306,49.6192264],[13.4515484,49.6192624],[13.4517696,49.6192988],[13.4513772,49.6209336],[13.451123,49.6225226],[13.4516461,49.622456],[13.451881,49.6224813],[13.4520383,49.6225963],[13.4521846,49.6225466],[13.4527415,49.6225286],[13.4529442,49.6226077],[13.452768,49.6242854],[13.4529235,49.6244125],[13.4531397,49.6244358],[13.4535833,49.6243547],[13.453857,49.6243601],[13.4541315,49.6245927],[13.4541115,49.6249347],[13.454144,49.6252678],[13.4541878,49.6256515],[13.4544436,49.6262638],[13.4545554,49.6265338],[13.4546713,49.6268152],[13.4547859,49.6270915],[13.4551517,49.6279649],[13.4552041,49.6280905],[13.4553309,49.6283933],[13.4554232,49.6286123],[13.4555341,49.6288184],[13.4557311,49.6290747],[13.4557832,49.629131],[13.4558499,49.6292032],[13.4559167,49.6292652],[13.4560781,49.6294085],[13.4562078,49.6295216],[13.4563611,49.6296551],[13.4566455,49.6299025],[13.4568678,49.6300961],[13.4570632,49.6302688],[13.4572332,49.6304471],[13.4574888,49.6307643],[13.4576947,49.6310217],[13.457797,49.6311495],[13.4578865,49.6312917],[13.4580175,49.6314543],[13.4583189,49.6317278],[13.4616322,49.6328073],[13.4614996,49.6333304],[13.4615643,49.6340756],[13.4587385,49.6376348],[13.4547303,49.6380005],[13.4550915,49.6386157],[13.4550501,49.6386323],[13.4535787,49.639237],[13.4528255,49.6394778],[13.4521676,49.6395588],[13.4484559,49.641281],[13.4463462,49.6422739],[13.4452634,49.642808],[13.4444948,49.6431306],[13.4441004,49.6432757],[13.4438402,49.6434287],[13.4437349,49.6434776],[13.4437251,49.6435041],[13.4429129,49.6438754],[13.4422711,49.6440938],[13.4414442,49.6443306],[13.4409147,49.6445012],[13.4407593,49.6445732],[13.4406646,49.644642],[13.4406291,49.644703],[13.4406407,49.6447833],[13.4408083,49.6450754],[13.4407812,49.645145],[13.4406595,49.645489],[13.4406374,49.6455443],[13.4406063,49.645601],[13.440531,49.645673],[13.4404555,49.6457234],[13.4402416,49.6458895],[13.4400866,49.6460784],[13.4400633,49.6460817],[13.439618,49.6458428],[13.4392799,49.645632],[13.4384028,49.6456014],[13.4383246,49.645598],[13.4382911,49.6451707],[13.4370955,49.6450963],[13.4370635,49.6451069],[13.4368783,49.6453497],[13.4367409,49.6455299],[13.4364311,49.6458072],[13.4364103,49.6458162],[13.43574,49.6455267],[13.4355195,49.6456405],[13.4354251,49.6456456],[13.4340181,49.6455253],[13.4339836,49.6454067],[13.4338772,49.6450892],[13.4338036,49.6449807],[13.433746,49.6449032],[13.4336927,49.6448569],[13.4335704,49.6447869],[13.4334581,49.6447376],[13.4333471,49.6446887],[13.4331084,49.6445903],[13.4329503,49.6445161],[13.4326757,49.6443531],[13.4326344,49.6443144],[13.4321458,49.6433023],[13.432091,49.6433253],[13.4321881,49.6425257],[13.4311732,49.6424673],[13.4310987,49.6424274],[13.4310607,49.6424055],[13.4310362,49.6422684],[13.4306462,49.6419528],[13.4295303,49.6415366],[13.4293031,49.6412684],[13.4291814,49.6411265],[13.4292312,49.6410049],[13.4283994,49.640375],[13.4287347,49.6402993],[13.4289984,49.6402367],[13.4293999,49.6396714],[13.4295914,49.6396627],[13.4296656,49.639663],[13.4298643,49.6397015],[13.4300089,49.6397445],[13.4301765,49.6397943],[13.4302975,49.6398057],[13.4303978,49.6398152],[13.4305538,49.6397814],[13.4307164,49.6397461],[13.4309213,49.639681],[13.4312885,49.6395643],[13.4317306,49.6394272],[13.4321014,49.6393112],[13.4323765,49.6392231],[13.4325674,49.6391619],[13.4327222,49.6391122],[13.432944,49.6390544],[13.4329864,49.6386822],[13.4329877,49.6386113],[13.4329718,49.6384407],[13.4329218,49.6381876],[13.4329739,49.6381688],[13.433577,49.6384262],[13.4336478,49.6384144],[13.4337865,49.638401],[13.4339493,49.6383365],[13.4341278,49.6382659],[13.4343242,49.6381881],[13.4343428,49.6379862],[13.4346598,49.6380011],[13.4355612,49.6381736],[13.4354698,49.6379622],[13.4355657,49.6379334],[13.4358609,49.6377291],[13.4359092,49.6377666],[13.4365724,49.6377963],[13.4371553,49.6375188],[13.4377004,49.6372387],[13.4387058,49.6367035],[13.4389977,49.6361104],[13.4392526,49.6359444],[13.4393682,49.6358582],[13.4394627,49.635772],[13.439636,49.635771],[13.4397307,49.6353836],[13.4408056,49.6347641],[13.4407665,49.6347434],[13.4422635,49.633733],[13.4419361,49.6335805],[13.4419158,49.6335748],[13.4416867,49.6335099],[13.4416532,49.6335005],[13.4413346,49.6334365],[13.4411667,49.6333898],[13.4410448,49.6332975],[13.4408369,49.6331875],[13.4408195,49.6331783],[13.4403935,49.6330829],[13.4403812,49.6330667],[13.440281,49.6329356],[13.4402518,49.6328971],[13.4402682,49.6328511],[13.4402525,49.6328049],[13.4412519,49.6325256],[13.4416396,49.6319551],[13.4414541,49.6318149],[13.4410199,49.6316164],[13.440427,49.631187],[13.4402063,49.6310166],[13.4401025,49.63094],[13.4402126,49.6306734],[13.4402128,49.6306372],[13.4410085,49.6301205],[13.4399985,49.6288128],[13.4395973,49.628832],[13.4397219,49.6287679],[13.4403886,49.6283329],[13.4401816,49.6282918],[13.4399228,49.6282406],[13.4396967,49.6281959],[13.4410493,49.6274889],[13.4401537,49.627484],[13.4388675,49.6278766],[13.4390804,49.6276012],[13.4390127,49.6275552],[13.4403038,49.6270141],[13.4400744,49.626779],[13.4398771,49.6266424],[13.4396959,49.6265655],[13.439523,49.6265165],[13.4392906,49.6264506],[13.4391888,49.626395],[13.4390578,49.6263235],[13.4388919,49.6262869],[13.4389923,49.6262244],[13.4389792,49.6261926],[13.4388357,49.6261613],[13.4386257,49.6260629],[13.4380822,49.6258777],[13.4379952,49.6258322],[13.4377822,49.6257079],[13.437679,49.6257075],[13.4375591,49.6257243],[13.4376161,49.6256548],[13.4374791,49.6256256],[13.4372418,49.625495],[13.4372094,49.625357],[13.4371981,49.6252611],[13.4371742,49.6251964],[13.4370308,49.625049],[13.435409,49.6243904],[13.4351314,49.6243552],[13.4346804,49.6241956],[13.4337887,49.6239054],[13.433759,49.6223942],[13.4344713,49.6225414],[13.4350408,49.6212056],[13.4353451,49.6212326],[13.4360019,49.6214144],[13.4367195,49.6216169],[13.4370263,49.6217034],[13.437914,49.6215314],[13.4384958,49.6214212],[13.4382376,49.6182745],[13.4383526,49.6182426],[13.4384467,49.6182263],[13.4393415,49.61585],[13.4392434,49.6157368],[13.4390355,49.6157177],[13.4390107,49.6146006],[13.4389743,49.612959],[13.4392445,49.6124421],[13.4392158,49.6123263],[13.4391711,49.6122027],[13.4391364,49.6120616],[13.4390684,49.6119556],[13.4389399,49.6117636],[13.4374703,49.6117326],[13.4360749,49.6110363],[13.4327494,49.6107741],[13.432655,49.6105345],[13.4325549,49.6095559],[13.4320762,49.6105974],[13.4306143,49.6099622],[13.4305597,49.6099565],[13.4303311,49.6099586],[13.4301219,49.6100586],[13.4283425,49.6100985],[13.4272766,49.6100512],[13.427427,49.6094138],[13.4275859,49.608843],[13.4269886,49.6088109],[13.4257343,49.608912],[13.4255436,49.6088408],[13.4255164,49.6086343],[13.4254096,49.6084945],[13.4253252,49.6083971],[13.4252177,49.6082517],[13.4250867,49.6081457],[13.424964,49.6081558],[13.4244827,49.6082982],[13.4239973,49.6084658],[13.4239203,49.6085069],[13.4238651,49.6085105],[13.4239868,49.6090586],[13.4239803,49.6091181],[13.4239523,49.6091516],[13.4238787,49.6091876],[13.4227222,49.609533],[13.4219155,49.609774],[13.4219418,49.6098058],[13.4226619,49.6106881],[13.4231599,49.611135],[13.4231336,49.6111476],[13.4231051,49.6111795],[13.4231045,49.6111992],[13.4230827,49.6112515],[13.4227877,49.6116381],[13.4227422,49.6116727],[13.4226768,49.6116896],[13.4226146,49.6117582],[13.4214013,49.6126361],[13.4198405,49.6119371],[13.4197134,49.6120216],[13.419285,49.6117168],[13.4191249,49.6116228],[13.418174,49.6114444],[13.4180847,49.6114589],[13.4179353,49.6114952],[13.417586,49.611495],[13.4172813,49.6112778],[13.4165212,49.6113879],[13.4161466,49.6113683],[13.4160949,49.6113656],[13.4156785,49.6109388],[13.4153107,49.6106696],[13.4150475,49.61042],[13.4148259,49.6102977],[13.4153264,49.6099346],[13.4151348,49.6099357],[13.4152308,49.6098443],[13.4152685,49.609715],[13.415779,49.6093946],[13.4156695,49.6092369],[13.4160499,49.6089075],[13.416331,49.6092136],[13.4163869,49.6087924],[13.4166889,49.6084952],[13.4168951,49.6083704],[13.4174123,49.6082465],[13.4176313,49.6082134],[13.4177636,49.6080534],[13.4181896,49.6083707],[13.4178931,49.6075875],[13.4189261,49.6072712],[13.418236,49.6071964],[13.418346,49.6070835],[13.4184971,49.6068732],[13.4185511,49.6068889],[13.419364,49.6060501],[13.4192535,49.6058996],[13.4191101,49.6057492],[13.4190752,49.6057259],[13.4193454,49.6055994],[13.4197674,49.6053902],[13.4197835,49.6053352],[13.4196473,49.6051683],[13.4194581,49.6051061],[13.4196183,49.6044308],[13.4200178,49.6043202],[13.4200253,49.6041979],[13.4189911,49.6036511],[13.4189259,49.6036421],[13.4189514,49.6035289],[13.4190029,49.6034291],[13.4187513,49.60318],[13.4184407,49.6027813],[13.4181407,49.6021257],[13.4179933,49.6016203],[13.4177747,49.6015707],[13.417535,49.6015625],[13.4173408,49.6015756],[13.4171526,49.6007692],[13.4172027,49.6007699],[13.417491,49.6005381],[13.4174027,49.6004719],[13.4174527,49.6004412],[13.4178456,49.5999332],[13.4179482,49.5999075],[13.4179722,49.5999152],[13.4182825,49.600218],[13.4185295,49.6004382],[13.4186877,49.6005793],[13.4187827,49.6006641],[13.4189148,49.6007248],[13.4191267,49.6007933],[13.4193431,49.6008468],[13.4195024,49.6008888],[13.4197113,49.6009438],[13.4198201,49.6009495],[13.4199741,49.6009575],[13.4201439,49.6009408],[13.4203052,49.6009159],[13.4200869,49.6008927],[13.42006,49.6007984],[13.4199725,49.6006785],[13.4198864,49.6005803],[13.4198627,49.6003956],[13.4197622,49.6002526],[13.4198046,49.5999218],[13.4199556,49.5998384],[13.4201979,49.5998179],[13.4202972,49.5998481],[13.4204275,49.5999236],[13.4206355,49.5999145],[13.4208776,49.599865],[13.4210077,49.5998721],[13.4211546,49.5998802],[13.4215528,49.5998492],[13.4217017,49.599818],[13.4219227,49.5997719],[13.4225719,49.5998237],[13.4226684,49.5998314],[13.4228206,49.5998436],[13.4232488,49.5999138],[13.4234326,49.5999595],[13.4237196,49.6000309],[13.4243249,49.6002654],[13.4242746,49.6005005],[13.4243164,49.6005147],[13.4245643,49.6005988],[13.4247356,49.6006569],[13.4247917,49.6006659],[13.4249958,49.6004982],[13.4250669,49.6004014],[13.4251352,49.6003204],[13.4252744,49.6003611],[13.4254204,49.6002932],[13.4254236,49.599758],[13.4255952,49.5994125],[13.426014,49.5992074],[13.4252785,49.5989256],[13.4248257,49.5987733],[13.4242703,49.5986781],[13.4233942,49.5986272],[13.4229624,49.5986403],[13.4226286,49.5986606],[13.4222636,49.5986118],[13.4216311,49.5985731],[13.4209613,49.5985903],[13.4204278,49.598585],[13.4192447,49.5983074],[13.41876,49.5982359],[13.4187547,49.598204],[13.4191363,49.5980101],[13.4192827,49.5980171],[13.4196106,49.598028],[13.4192312,49.5977858],[13.4202417,49.5976219],[13.4197919,49.5973284],[13.4205365,49.5971329],[13.4205313,49.596999],[13.4205467,49.5968661],[13.4204638,49.59673],[13.4206252,49.5966057],[13.4206856,49.5962267],[13.4208307,49.5960912],[13.4201331,49.5959508],[13.4203925,49.5959006],[13.4202573,49.5958329],[13.4208541,49.5958578],[13.4209118,49.5953498],[13.4209404,49.594985],[13.4207464,49.5949936],[13.4202608,49.5950399],[13.4202063,49.5949878],[13.4205276,49.5949372],[13.4201294,49.5948028],[13.4200508,49.5940215],[13.4200399,49.5939832],[13.4200523,49.5939666],[13.4201759,49.5939642],[13.4200712,49.5935816],[13.4198245,49.59268],[13.4197765,49.592504],[13.4199363,49.592489],[13.4202876,49.5924478],[13.4204278,49.5923902],[13.4208242,49.5922557],[13.4225285,49.5920999],[13.4225303,49.5921234],[13.4228868,49.5920718],[13.4230467,49.5920354],[13.4232475,49.5919863],[13.4234981,49.5919439],[13.4237856,49.5919438],[13.4243685,49.59193],[13.4244015,49.5919297],[13.4247425,49.59188],[13.42495,49.5918522],[13.4250821,49.591847],[13.4252164,49.5918404],[13.4253643,49.5918368],[13.4257434,49.5918148],[13.4262771,49.5917891],[13.4262734,49.5917287],[13.4266048,49.5916448],[13.4269233,49.591358],[13.4270277,49.5909494],[13.4271609,49.5908824],[13.4273429,49.590791],[13.4276755,49.5908994],[13.4281828,49.5911351],[13.4284138,49.5913062],[13.4286119,49.5914519],[13.4288102,49.5916103],[13.4289158,49.5918591],[13.4289698,49.5922137],[13.4289759,49.5922538],[13.4293859,49.5921225],[13.429729,49.5920128],[13.4298024,49.5919896],[13.4306587,49.5914394],[13.4312339,49.5910988],[13.4317904,49.5915433],[13.4331247,49.5927587],[13.4340283,49.5935693],[13.4350075,49.5945371],[13.4357365,49.5952852],[13.4359319,49.5954991],[13.4360801,49.5956228],[13.4362528,49.5957959],[13.4362978,49.5959479],[13.436279,49.5961516],[13.4362643,49.5964227],[13.436255,49.5965959],[13.4362897,49.5968811],[13.4360723,49.597551],[13.4360497,49.5977752],[13.4351147,49.6005723],[13.4350966,49.6005859],[13.4349148,49.6007228],[13.4346795,49.6009],[13.4345896,49.6009769],[13.4344638,49.6012718],[13.4342781,49.6017073],[13.4342321,49.6019782],[13.4341903,49.6022232],[13.4341506,49.6024572],[13.4341109,49.6026909],[13.4341,49.6027547],[13.4339431,49.6030628],[13.4339267,49.6030951],[13.4338484,49.6032487],[13.4338334,49.6032717],[13.4337323,49.6034384],[13.4336231,49.6036184],[13.4335142,49.6037981],[13.4334917,49.6038351],[13.433495,49.6038211],[13.4334872,49.6038226],[13.4334826,49.6038358],[13.4334568,49.6038652],[13.4334381,49.6038967],[13.433438,49.6039002],[13.4334506,49.603903],[13.4333791,49.6040209],[13.4332868,49.604173],[13.4332816,49.6041824],[13.4333167,49.604184],[13.4333166,49.6041997],[13.4332691,49.6042138],[13.4332572,49.6042498],[13.4332204,49.6043282],[13.4335028,49.6043149],[13.4335351,49.6042969],[13.4336341,49.6042544],[13.4337608,49.6042367],[13.4339039,49.6042313],[13.4339448,49.6042376],[13.4340421,49.6042527],[13.434167,49.604281],[13.434207,49.6042937],[13.4346215,49.6044261],[13.4346238,49.6044269],[13.4349547,49.604577],[13.43566,49.6047904],[13.436216,49.6050309],[13.436543,49.6051656],[13.4365929,49.6051862],[13.4371831,49.6053984],[13.437298,49.6054428],[13.4381733,49.6057804],[13.4385923,49.6059403],[13.4386554,49.6059636],[13.4392132,49.6061689],[13.4396943,49.6063295],[13.4400107,49.6064514],[13.4402826,49.6065562],[13.440414,49.6063888],[13.4405329,49.6062372],[13.4407786,49.6060116],[13.4408032,49.6059896],[13.4408226,49.6059755],[13.4408413,49.6059856],[13.4411057,49.6058028],[13.4416104,49.6055163],[13.4420854,49.6052461],[13.4421726,49.6052021],[13.4422448,49.6051756],[13.4423269,49.6051644],[13.4424527,49.6051669],[13.442644,49.605209],[13.4426201,49.6052418],[13.4428877,49.6053121],[13.4430683,49.60537],[13.4433169,49.6054499],[13.4435074,49.605511],[13.4435916,49.6055381],[13.4437141,49.605588],[13.443998,49.6057037],[13.444187,49.6057774],[13.4446402,49.6059539],[13.4450547,49.6061185],[13.4453793,49.6062477],[13.4455869,49.6063401],[13.4458971,49.6065275],[13.4459819,49.6065642],[13.4461059,49.6066179],[13.4461413,49.6066277]]]}},{"type":"Feature","properties":{"SKNAZEV":"oblast a osa","OBTYPNAZEV":"AKC","DRUH_O_AKC":"AOV","ID_LOKAL":63,"OZNACENI_P":"AOV63","UO":1,"VYKON":25,"UROVEN":"URP","ID_NDOK":null,"NAZEV_NDOK":null,"NAZEV":"Únětice","ZM_CISLO_P":2,"EUP_KOD_P":22907,"ZAPIS":"ZMZA","JE_AKTUALNI":false,"STAV_VYBERU":"zrusena"},"geometry":{"type":"Polygon","coordinates":[[[13.4538836,49.5977276],[13.4553694,49.5970549],[13.456821,49.5965586],[13.4569865,49.5944317],[13.4563512,49.593156],[13.4578965,49.5925113],[13.4593781,49.5919166],[13.4598075,49.5918221],[13.4601669,49.5916269],[13.460735,49.5916668],[13.4607306,49.5914007],[13.4613932,49.5913862],[13.4620771,49.5912945],[13.4624699,49.59112],[13.4627689,49.5910122],[13.4629743,49.5909206],[13.4628617,49.590409],[13.4634947,49.5899666],[13.4635587,49.589969],[13.4642778,49.5899333],[13.4653085,49.589975],[13.4668786,49.5898434],[13.4681831,49.5900251],[13.4683624,49.590017],[13.468523,49.5900472],[13.468987,49.5903041],[13.4702416,49.5902777],[13.470812,49.5901547],[13.4709246,49.5901691],[13.4712119,49.5901512],[13.4715533,49.5901606],[13.4718217,49.5906277],[13.4716906,49.590126],[13.4718509,49.5903022],[13.4720141,49.5904494],[13.472837,49.5899612],[13.473178,49.5899726],[13.4732931,49.590001],[13.4738209,49.5896127],[13.473826,49.5895691],[13.4754629,49.5894402],[13.4755609,49.5891615],[13.4758036,49.5890479],[13.4757545,49.5888127],[13.4765389,49.5883161],[13.4762675,49.5882429],[13.477084,49.588259],[13.4772033,49.5881304],[13.4773096,49.5879429],[13.4789906,49.5874724],[13.4791374,49.5872161],[13.4792453,49.5868771],[13.479359,49.5865821],[13.4794348,49.5862041],[13.4791884,49.5861128],[13.4791676,49.5860746],[13.4790287,49.5857867],[13.4788911,49.5855167],[13.478764,49.5852792],[13.4788494,49.5851618],[13.4786208,49.5833319],[13.4786115,49.5827094],[13.4784878,49.582078],[13.4784564,49.581865],[13.4785848,49.5816205],[13.478622,49.5814028],[13.4784353,49.5813943],[13.4781211,49.5809759],[13.4782482,49.5802982],[13.4783632,49.5802501],[13.4802473,49.5793605],[13.4794221,49.5785513],[13.4793988,49.5785311],[13.4797527,49.5783913],[13.4799597,49.5782902],[13.4800045,49.5781993],[13.4800136,49.5781796],[13.480023,49.5781588],[13.4802365,49.5776209],[13.4804686,49.5771388],[13.4814419,49.5776841],[13.4814604,49.5777063],[13.4813672,49.5777914],[13.4813734,49.5778068],[13.4826745,49.5783439],[13.4828116,49.578316],[13.4831564,49.5784658],[13.4833587,49.5787767],[13.4841368,49.5791701],[13.4848214,49.5797894],[13.4844132,49.5811495],[13.4853086,49.5814972],[13.4855542,49.5815293],[13.4853583,49.5819806],[13.485207,49.5823294],[13.4850622,49.5826478],[13.4848922,49.5829942],[13.4848621,49.5830553],[13.4846082,49.5832852],[13.4843915,49.58353],[13.4842869,49.5837241],[13.484237,49.5838593],[13.4845755,49.5844608],[13.484717,49.5846967],[13.4849093,49.5850992],[13.4850345,49.585255],[13.4851552,49.585405],[13.4855049,49.585919],[13.4855356,49.5860843],[13.4856358,49.5864123],[13.4856341,49.58668],[13.4856055,49.58697],[13.4855009,49.5872574],[13.4854792,49.5873184],[13.4854704,49.5873432],[13.4854289,49.5874572],[13.4843632,49.5876804],[13.4842361,49.5877662],[13.4842127,49.5877819],[13.4841822,49.5878026],[13.4841255,49.5878383],[13.4837869,49.5880714],[13.4837464,49.5880835],[13.483297,49.5881206],[13.4831807,49.5881399],[13.4828921,49.5881988],[13.4827752,49.5882946],[13.4827225,49.5884933],[13.4825607,49.5886908],[13.4825615,49.58876],[13.4820976,49.5888053],[13.4807565,49.5933037],[13.4807549,49.5933499],[13.4803632,49.5938111],[13.4802872,49.5940018],[13.4793707,49.5941995],[13.4799943,49.5943736],[13.4799281,49.5944769],[13.4784335,49.5945416],[13.4792073,49.5950518],[13.4784176,49.5952669],[13.4783757,49.5953067],[13.4788159,49.5955657],[13.478867,49.595718],[13.478737,49.5958068],[13.4789775,49.5958549],[13.4784614,49.5959088],[13.4784605,49.5960141],[13.4784597,49.5961302],[13.4781445,49.596535],[13.4781656,49.5965533],[13.4782533,49.596649],[13.4782768,49.5966748],[13.4783154,49.5967439],[13.4783673,49.5968367],[13.4782819,49.5968669],[13.4782097,49.5969159],[13.4759213,49.5982815],[13.4764006,49.5987266],[13.4766513,49.5990391],[13.476853,49.5994351],[13.4768929,49.5995039],[13.4768202,49.5994679],[13.4767171,49.5994459],[13.4768421,49.5996862],[13.4763472,49.599855],[13.4756617,49.5998237],[13.4752087,49.5996922],[13.4750976,49.6001494],[13.4747221,49.6001948],[13.4741494,49.600307],[13.4739855,49.6002822],[13.4740317,49.6005361],[13.4740048,49.6005386],[13.4730164,49.6007022],[13.4727631,49.6007597],[13.4725109,49.6007903],[13.473001,49.6011296],[13.4729854,49.6011414],[13.472692,49.6013625],[13.4724194,49.6013871],[13.4713291,49.6015744],[13.4712346,49.6015834],[13.470956,49.6015834],[13.4698108,49.6017217],[13.4696944,49.6017102],[13.4694024,49.6018476],[13.4691412,49.6019632],[13.4687362,49.6018854],[13.4683726,49.6018881],[13.4675217,49.6021058],[13.4671659,49.6027094],[13.4665843,49.6030968],[13.4665578,49.6030985],[13.4665319,49.6031014],[13.4664601,49.6030834],[13.4664355,49.6031026],[13.4662467,49.6029455],[13.4614747,49.6026798],[13.4613373,49.6026825],[13.4594781,49.6019013],[13.4594074,49.6018704],[13.4589796,49.6019743],[13.4579868,49.6016199],[13.4566999,49.6008139],[13.4565865,49.6007386],[13.456381,49.6006615],[13.4555155,49.6005313],[13.4538836,49.5977276]]]}},{"type":"Feature","properties":{"SKNAZEV":"oblast a osa","OBTYPNAZEV":"AKC","DRUH_O_AKC":"AOV","ID_LOKAL":61,"OZNACENI_P":"AOV61","UO":1,"VYKON":63,"UROVEN":"URP","ID_NDOK":null,"NAZEV_NDOK":null,"NAZEV":"Sádek","ZM_CISLO_P":2,"EUP_KOD_P":22907,"ZAPIS":"ZMZA","JE_AKTUALNI":true,"STAV_VYBERU":"ponechana"},"geometry":{"type":"Polygon","coordinates":[[[17.6858366,49.9483113],[17.685842,49.9482887],[17.6860296,49.9476717],[17.6862389,49.9469829],[17.6864497,49.9460763],[17.6864926,49.9458907],[17.6866606,49.9451643],[17.6866849,49.9450663],[17.6869173,49.9441318],[17.6869291,49.9440737],[17.6870357,49.9435466],[17.6870769,49.9433425],[17.6871853,49.9433488],[17.6875806,49.9433716],[17.6880033,49.9433958],[17.6880448,49.9433982],[17.688789,49.9434603],[17.6898848,49.9435538],[17.6900342,49.9435665],[17.6904438,49.9436271],[17.6905711,49.9436273],[17.690863,49.9436279],[17.6909274,49.9436281],[17.6912306,49.9436287],[17.6912879,49.9435526],[17.6924261,49.942829],[17.6924318,49.9428103],[17.6924396,49.942793],[17.6929476,49.9428656],[17.6929933,49.9428732],[17.6930395,49.9428305],[17.6930784,49.9427813],[17.6931119,49.9427073],[17.6931569,49.9425246],[17.6931925,49.942421],[17.6932396,49.9423466],[17.6932569,49.9423287],[17.6933304,49.9422531],[17.6934107,49.9421945],[17.693486,49.9421595],[17.6935725,49.9421404],[17.6939349,49.9420975],[17.6938125,49.9419112],[17.6941513,49.9418643],[17.6942483,49.9418374],[17.6942704,49.9418313],[17.6943462,49.9417986],[17.6944402,49.9417672],[17.6945807,49.9417268],[17.6946718,49.9416877],[17.6947226,49.9416527],[17.6947664,49.9416049],[17.6948205,49.9415118],[17.6948231,49.9415072],[17.6948359,49.9414519],[17.6948542,49.9413855],[17.6949119,49.9412268],[17.6949166,49.9411533],[17.6968269,49.9401173],[17.6970497,49.9404145],[17.6971033,49.9403978],[17.697113,49.9403947],[17.6974066,49.9403033],[17.6976581,49.940225],[17.6976745,49.9402194],[17.6979414,49.9401293],[17.6982349,49.94003],[17.698519,49.9399341],[17.6988185,49.9398329],[17.6991532,49.9397198],[17.6994973,49.9396035],[17.6998417,49.9394871],[17.700212,49.939362],[17.7006787,49.9392043],[17.7012947,49.9389961],[17.7015089,49.9389237],[17.7016533,49.9388729],[17.7019998,49.9387511],[17.7024696,49.9385859],[17.7025349,49.9385616],[17.7030342,49.9383756],[17.7034664,49.9382146],[17.7037984,49.938091],[17.7042715,49.9379147],[17.7046153,49.9377866],[17.704668,49.9377955],[17.704899,49.9379717],[17.7051722,49.9381466],[17.7052159,49.938129],[17.70543,49.9380427],[17.7057008,49.9379336],[17.7060262,49.9378025],[17.7064492,49.937632],[17.7067723,49.9375018],[17.7068317,49.9374779],[17.7071672,49.9373443],[17.7075514,49.9371915],[17.7077863,49.9370987],[17.7081175,49.9369678],[17.7081816,49.9369425],[17.7083001,49.9368961],[17.7084342,49.9371013],[17.7086311,49.9374237],[17.708715,49.937564],[17.7087641,49.937546],[17.7092106,49.9373818],[17.7092486,49.9373678],[17.7097173,49.9374094],[17.7098143,49.937418],[17.7099482,49.9373703],[17.710486,49.9371786],[17.7106512,49.9371197],[17.7110246,49.9369662],[17.711143,49.9369175],[17.7112364,49.9368732],[17.7115107,49.9367431],[17.7117918,49.9366098],[17.7118558,49.9366251],[17.71194,49.9366562],[17.7119988,49.9366951],[17.7120501,49.9367458],[17.7120711,49.9367665],[17.7120729,49.9367683],[17.7121283,49.9368145],[17.7121803,49.9368391],[17.7122215,49.9368504],[17.7122812,49.9367827],[17.7124961,49.9367535],[17.7126242,49.9367087],[17.712837,49.9366342],[17.7129325,49.9365984],[17.7131011,49.9365354],[17.7132136,49.9365443],[17.7133353,49.9365483],[17.7136828,49.9365598],[17.7139464,49.9364521],[17.7140175,49.936423],[17.7140425,49.9364258],[17.714073,49.9364311],[17.7140976,49.936435],[17.7143152,49.9364498],[17.7144639,49.9364652],[17.7147677,49.9364967],[17.7149298,49.9365165],[17.7149768,49.9365252],[17.7155051,49.9366225],[17.7155192,49.9365795],[17.7155257,49.9365593],[17.7158052,49.9366202],[17.7162131,49.9367212],[17.7164554,49.9367813],[17.7166361,49.936826],[17.7168561,49.9369072],[17.7168122,49.936876],[17.7168403,49.9368863],[17.7168501,49.9368753],[17.7170707,49.9367375],[17.7170781,49.936739],[17.7170727,49.9367375],[17.7170715,49.9367371],[17.7171007,49.9367188],[17.7175434,49.9364426],[17.7176241,49.9363922],[17.717765,49.9363043],[17.7179224,49.9362061],[17.7180912,49.9361007],[17.7181602,49.9361345],[17.7182189,49.9361596],[17.7182526,49.9361663],[17.7184282,49.9362017],[17.7185231,49.9362417],[17.7187421,49.9362891],[17.7188765,49.9363011],[17.7191266,49.9363672],[17.7192714,49.9364134],[17.7197468,49.93652],[17.7199026,49.9365499],[17.7200739,49.9365649],[17.7201474,49.9365615],[17.72033,49.9365284],[17.7205852,49.9364983],[17.7207597,49.9364721],[17.7209305,49.9364505],[17.7210754,49.9364109],[17.7211769,49.9363914],[17.721523,49.9363611],[17.7217325,49.936356],[17.7218321,49.9363658],[17.7219038,49.9363698],[17.7219197,49.9363651],[17.7229961,49.9357021],[17.7231144,49.9356293],[17.7231157,49.9356277],[17.7231181,49.935627],[17.7234123,49.9354458],[17.723772,49.9352218],[17.7239852,49.9350889],[17.7249581,49.9344827],[17.7252962,49.93427],[17.7259425,49.9338636],[17.7265323,49.9334925],[17.7288278,49.9330848],[17.7290833,49.9329405],[17.7291084,49.9329209],[17.7287741,49.9326962],[17.730131,49.9318549],[17.7301404,49.9318566],[17.730233,49.9318731],[17.7303169,49.9318741],[17.730421,49.9318719],[17.7305239,49.9318534],[17.7305864,49.9318575],[17.7306511,49.9318509],[17.7306939,49.9318376],[17.7307598,49.9318158],[17.7308604,49.9318004],[17.7309311,49.9318016],[17.7309958,49.931785],[17.731075,49.9317691],[17.7311208,49.9317819],[17.7311667,49.931792],[17.7312129,49.9317961],[17.73123,49.9317798],[17.7315143,49.932099],[17.7316311,49.9322299],[17.7317721,49.9323882],[17.7318614,49.9324885],[17.7319581,49.9324527],[17.7321766,49.9323176],[17.7323474,49.9322121],[17.7325275,49.9321007],[17.7330969,49.9317488],[17.7353798,49.930338],[17.7355286,49.930246],[17.7353656,49.9300423],[17.7351483,49.9297709],[17.7352309,49.9297433],[17.7356407,49.9296075],[17.7361014,49.9294549],[17.7363326,49.9293782],[17.7365688,49.9296737],[17.7365739,49.9296699],[17.7365938,49.9296637],[17.7366085,49.9296593],[17.7367227,49.9296676],[17.7369011,49.9296666],[17.7370365,49.9296726],[17.7372185,49.9297014],[17.7372508,49.9297024],[17.7374342,49.9296743],[17.7374492,49.9296612],[17.7374524,49.9296429],[17.7374775,49.929557],[17.7375211,49.9294909],[17.7375908,49.9293174],[17.7377002,49.9291434],[17.7377516,49.9290022],[17.7377751,49.9288168],[17.737768,49.9286294],[17.7377677,49.9286208],[17.7390958,49.9271483],[17.7391099,49.9270437],[17.7402278,49.9270939],[17.746228,49.9245065],[17.746286,49.9244815],[17.7504675,49.9226829],[17.7505379,49.9226527],[17.7572588,49.9197567],[17.7574182,49.9199445],[17.7574826,49.9199508],[17.7575394,49.9207502],[17.7577286,49.9208336],[17.7582342,49.9209167],[17.758532,49.9209542],[17.7588569,49.9210314],[17.7591263,49.9210933],[17.7594434,49.9211961],[17.7594341,49.921231],[17.7593962,49.9228995],[17.759376,49.9246212],[17.7579181,49.9263274],[17.7565881,49.9264184],[17.7565345,49.9264653],[17.7565088,49.9264979],[17.7564583,49.9265476],[17.7563097,49.9267763],[17.7562028,49.9269406],[17.7561025,49.9270949],[17.7559511,49.9273276],[17.7558777,49.9274872],[17.7557251,49.9278189],[17.7557691,49.9278922],[17.7558749,49.9280682],[17.7559696,49.9282259],[17.7558993,49.9282306],[17.7559096,49.928248],[17.7556165,49.9284306],[17.7555501,49.9285433],[17.7551016,49.9283218],[17.7550733,49.9283079],[17.7550046,49.92828],[17.7548892,49.9282332],[17.7545015,49.9280986],[17.7544168,49.928069],[17.754198,49.9279918],[17.7541445,49.9279793],[17.7540061,49.927938],[17.7538672,49.9279119],[17.7536394,49.9278565],[17.7532917,49.9278087],[17.7531087,49.9277943],[17.7529547,49.9277858],[17.7524591,49.9277588],[17.7520933,49.9277361],[17.7517288,49.9279601],[17.7512889,49.9282146],[17.7507905,49.928493],[17.7501918,49.9287953],[17.7501297,49.9288168],[17.7499044,49.9285335],[17.7469035,49.9308255],[17.7466664,49.9350558],[17.7472766,49.9358813],[17.7480779,49.9370556],[17.7481079,49.9370993],[17.7482312,49.93776],[17.7483097,49.9384264],[17.747977,49.9385319],[17.7480181,49.9385801],[17.7473099,49.9387419],[17.748653,49.9393467],[17.7486534,49.9393711],[17.7486646,49.9393881],[17.750035,49.9410521],[17.7503966,49.9414619],[17.7504189,49.941504],[17.7509505,49.9421589],[17.7517319,49.9431024],[17.7533218,49.9450966],[17.7512588,49.945001],[17.7501318,49.9448555],[17.7489674,49.9450063],[17.7488195,49.9449765],[17.747797,49.9452737],[17.74775,49.9452773],[17.74683,49.9452196],[17.7465676,49.9457169],[17.7465299,49.9457346],[17.7462311,49.9457101],[17.7460481,49.9457284],[17.7455384,49.9464741],[17.7448842,49.9469008],[17.7444867,49.9470907],[17.7435372,49.947383],[17.7434988,49.9474031],[17.7432419,49.9477402],[17.7430185,49.9476766],[17.7428488,49.9476708],[17.7426002,49.9476619],[17.7420698,49.9476911],[17.7420156,49.9475904],[17.7419242,49.9475561],[17.7414644,49.9470079],[17.7419111,49.9475646],[17.7418413,49.9476101],[17.741818,49.9476242],[17.7416482,49.9476528],[17.7414197,49.9476791],[17.7410338,49.9476927],[17.7408507,49.9476393],[17.7406268,49.9476725],[17.7404225,49.9474396],[17.7400915,49.9474529],[17.7397618,49.9475],[17.7391589,49.947316],[17.7389649,49.9472785],[17.7382468,49.9464156],[17.7381449,49.9462869],[17.7378402,49.9462155],[17.7375592,49.946146],[17.7372401,49.9461025],[17.7370081,49.9460768],[17.7368225,49.9460444],[17.736682,49.9460042],[17.7365431,49.9459633],[17.7365379,49.9459617],[17.7364907,49.9459536],[17.736369,49.9458025],[17.7362392,49.945641],[17.7361014,49.9454695],[17.7360914,49.9454684],[17.7359488,49.9454805],[17.735858,49.9454759],[17.7357244,49.9454523],[17.7355431,49.9454132],[17.7353707,49.9453899],[17.7352437,49.9453865],[17.7351098,49.9453876],[17.7350205,49.9453724],[17.7348233,49.9453259],[17.7346929,49.945308],[17.734602,49.9453081],[17.734539,49.9453145],[17.7344884,49.94533],[17.7344122,49.9453913],[17.7343842,49.9454067],[17.7327074,49.9452557],[17.7326913,49.9452353],[17.7325424,49.9450457],[17.7325383,49.9450448],[17.7325239,49.9450321],[17.7324645,49.9450252],[17.7324304,49.9450294],[17.7324128,49.9450315],[17.7323529,49.9450388],[17.7322294,49.9450496],[17.7320592,49.9450691],[17.7318769,49.9450865],[17.7317827,49.9450964],[17.7317188,49.9450943],[17.7315218,49.9450673],[17.73134,49.9450334],[17.7312508,49.9450352],[17.731177,49.945047],[17.7311295,49.9450639],[17.7310943,49.9451081],[17.7310363,49.945227],[17.7309959,49.9452921],[17.7309427,49.945343],[17.7308424,49.9454114],[17.7307642,49.9454675],[17.7306639,49.9455202],[17.7304273,49.9455857],[17.7303043,49.9456279],[17.7302396,49.9456421],[17.7300928,49.9456558],[17.7299256,49.9456827],[17.7297946,49.9457004],[17.729694,49.9457209],[17.7293813,49.9458108],[17.729315,49.9458353],[17.7292571,49.9458735],[17.7291998,49.9459433],[17.7291851,49.9459549],[17.729137,49.9459768],[17.729114,49.9459857],[17.7281974,49.9459621],[17.7273461,49.9459497],[17.7267792,49.9459766],[17.7270994,49.9463912],[17.7264492,49.945911],[17.7255529,49.9461795],[17.7255074,49.9461928],[17.7253702,49.9462622],[17.7248592,49.9463329],[17.7246719,49.9463174],[17.7243822,49.9463286],[17.7238715,49.9464457],[17.7237907,49.9464323],[17.7236123,49.9464624],[17.7222048,49.9467459],[17.7217102,49.9468866],[17.7220752,49.9473263],[17.7236683,49.9493087],[17.7220668,49.9500225],[17.7220228,49.9500352],[17.7208779,49.9509658],[17.7208237,49.9509794],[17.7188184,49.9507676],[17.7176936,49.9506918],[17.7158358,49.9504771],[17.7158094,49.9505031],[17.7157806,49.9505527],[17.7143008,49.95007],[17.713957,49.9499099],[17.7136084,49.9497475],[17.7132343,49.9494659],[17.7129213,49.9492303],[17.7124654,49.9489423],[17.7122505,49.9488064],[17.7121031,49.948731],[17.711675,49.9485118],[17.7111581,49.9482472],[17.7109486,49.9480816],[17.7106211,49.9476614],[17.7104099,49.9474847],[17.7103382,49.9474246],[17.709586,49.9468468],[17.7093954,49.9467456],[17.7091562,49.9466188],[17.7091505,49.9466149],[17.7091257,49.9465977],[17.7091145,49.9465967],[17.7090689,49.9465725],[17.7090543,49.9465624],[17.7090461,49.9465598],[17.7090437,49.9465591],[17.7090064,49.9465394],[17.7085591,49.946302],[17.7084313,49.9465614],[17.7082896,49.9468492],[17.7081743,49.9470833],[17.7081333,49.9471664],[17.7080621,49.947348],[17.7079892,49.9474553],[17.707903,49.9476322],[17.7078754,49.9476681],[17.7077233,49.9478653],[17.7076503,49.947975],[17.7076489,49.9479772],[17.7074955,49.9483198],[17.7074953,49.9483211],[17.7074474,49.9485832],[17.7074111,49.9487821],[17.7073721,49.9489951],[17.7073626,49.9490385],[17.7073592,49.9490533],[17.7073082,49.9492782],[17.7072594,49.9494931],[17.7072197,49.9496677],[17.7071579,49.949885],[17.7070413,49.950294],[17.7070396,49.9503004],[17.7070139,49.9502912],[17.7069832,49.9502841],[17.705691,49.9502433],[17.7044367,49.9496322],[17.7011618,49.9504615],[17.701511,49.9515514],[17.7014193,49.9515438],[17.7016274,49.9518174],[17.7012685,49.9524706],[17.7002171,49.9530876],[17.6994484,49.9531485],[17.6996218,49.9538049],[17.6981104,49.9538602],[17.697226,49.9538897],[17.6952351,49.9538821],[17.6936864,49.9527104],[17.6931124,49.9526871],[17.6933225,49.9511137],[17.6922061,49.9510799],[17.6920462,49.9510549],[17.6919875,49.9510455],[17.6918739,49.9510211],[17.685757,49.9506443],[17.6855934,49.9506307],[17.685615,49.9505673],[17.6854181,49.9505429],[17.6853229,49.9505308],[17.68558,49.9494197],[17.6858366,49.9483113]]]}},{"type":"Feature","properties":{"SKNAZEV":"oblast a osa","OBTYPNAZEV":"AKC","DRUH_O_AKC":"AOV","ID_LOKAL":64,"OZNACENI_P":"AOV64","UO":1,"VYKON":32,"UROVEN":"URP","ID_NDOK":null,"NAZEV_NDOK":null,"NAZEV":"Bílá hora","ZM_CISLO_P":2,"EUP_KOD_P":22907,"ZAPIS":"ZMZA","JE_AKTUALNI":true,"STAV_VYBERU":"ponechana"},"geometry":{"type":"Polygon","coordinates":[[[15.7590678,49.359159],[15.7590521,49.3590821],[15.7592721,49.3582417],[15.7590386,49.357443],[15.7592829,49.3569127],[15.7593484,49.3569292],[15.7601699,49.3562126],[15.7602425,49.354359],[15.7599413,49.3540514],[15.760019,49.3537512],[15.7612147,49.3535651],[15.7619829,49.3538196],[15.763767,49.3543064],[15.7638124,49.354296],[15.7646558,49.3543026],[15.7650194,49.3543072],[15.7652444,49.354296],[15.764947,49.3536941],[15.7648578,49.3536722],[15.7648628,49.3536601],[15.7648643,49.3536267],[15.7648652,49.3536066],[15.7648219,49.3535228],[15.7647665,49.3534135],[15.7647018,49.3533191],[15.76469,49.3532406],[15.7645683,49.3533153],[15.7644704,49.3533755],[15.7644593,49.3533823],[15.7643584,49.3534443],[15.7643403,49.3534554],[15.7643376,49.353457],[15.764299,49.3534807],[15.7641224,49.3534119],[15.7640597,49.3534333],[15.7638668,49.3534198],[15.7627874,49.353131],[15.760521,49.3527162],[15.7605614,49.3516348],[15.7596682,49.3502533],[15.7593376,49.350013],[15.7593142,49.3500116],[15.75865,49.3493366],[15.7579244,49.3489844],[15.7575329,49.3485756],[15.7569579,49.3481697],[15.7575882,49.347637],[15.757467,49.3474139],[15.7573542,49.347096],[15.7572734,49.3468427],[15.7567964,49.3464633],[15.7566818,49.346506],[15.7561088,49.3455813],[15.7556239,49.3456186],[15.7551375,49.3447554],[15.7548967,49.343716],[15.7546032,49.3433289],[15.7543864,49.3433321],[15.7539848,49.3430087],[15.7535874,49.3427145],[15.7533112,49.3423695],[15.7533022,49.3423467],[15.7533529,49.3423483],[15.7532828,49.3420186],[15.7532631,49.3419529],[15.7532065,49.3417645],[15.7532009,49.3416092],[15.7532612,49.3415285],[15.7533423,49.3415503],[15.7534082,49.3415516],[15.7535608,49.3415326],[15.7539057,49.341406],[15.7546072,49.3405951],[15.7557672,49.3402675],[15.7567552,49.3408946],[15.7582051,49.341741],[15.7590607,49.3417458],[15.7591113,49.3417475],[15.7593933,49.341822],[15.7594226,49.3418212],[15.7594614,49.3418201],[15.7600804,49.3419027],[15.7607655,49.3419117],[15.7608128,49.3419012],[15.7613802,49.3419514],[15.7626186,49.3417264],[15.7626495,49.3417438],[15.7641451,49.3414609],[15.7641906,49.3414518],[15.7655288,49.3408438],[15.7656191,49.3407842],[15.7656473,49.3407635],[15.7659289,49.3407906],[15.7676911,49.3392797],[15.7679013,49.3387593],[15.7684621,49.3369255],[15.7682334,49.3367678],[15.7681956,49.3365602],[15.7679679,49.3360421],[15.7678547,49.3358409],[15.7684221,49.3355918],[15.7680152,49.3336887],[15.7680444,49.3335515],[15.7675233,49.3327442],[15.7671795,49.33245],[15.7670293,49.3323457],[15.7671292,49.3319973],[15.7670771,49.331335],[15.7668644,49.3311915],[15.7663002,49.3303401],[15.7659898,49.3302304],[15.7661543,49.3301938],[15.7661744,49.3301708],[15.765974,49.3290032],[15.7663906,49.3285806],[15.7660019,49.3281589],[15.7654166,49.3276],[15.7646956,49.3267882],[15.7669818,49.3260123],[15.7676926,49.3256769],[15.7685271,49.3254195],[15.7686718,49.3254287],[15.7689037,49.3255148],[15.7691805,49.32564],[15.7700122,49.326183],[15.7703414,49.3265055],[15.771258,49.3269269],[15.7716271,49.327075],[15.7724796,49.3273042],[15.7737333,49.3274338],[15.7738668,49.3275801],[15.7741141,49.3276326],[15.7742137,49.3277471],[15.7747397,49.3276803],[15.7751008,49.3279438],[15.7751608,49.3280448],[15.7753007,49.3282065],[15.7753957,49.328489],[15.7753809,49.3288246],[15.7751916,49.3288454],[15.7747669,49.3292613],[15.774842,49.3295408],[15.7749055,49.3298744],[15.7748897,49.3300651],[15.7747998,49.3301409],[15.7756354,49.3303974],[15.7757118,49.3307957],[15.7754444,49.3312779],[15.775327,49.3319587],[15.7754491,49.332006],[15.775388,49.332101],[15.7752583,49.3322856],[15.775375,49.3323794],[15.7753545,49.3325703],[15.7754766,49.3329721],[15.7752747,49.3333102],[15.7753395,49.3335328],[15.7753705,49.3338058],[15.7754186,49.3341717],[15.7755478,49.3345652],[15.7756312,49.3351],[15.7757541,49.3353515],[15.7759904,49.3360408],[15.7760078,49.336472],[15.7760248,49.3367778],[15.7765676,49.3374681],[15.7765286,49.3376435],[15.7768562,49.3378841],[15.777295,49.3382925],[15.777772,49.3388727],[15.7778479,49.338917],[15.7784337,49.3392829],[15.7784407,49.3393294],[15.7792695,49.3398434],[15.7832172,49.3407895],[15.7826822,49.3423923],[15.781891,49.3424316],[15.7795991,49.3424435],[15.7788749,49.3425512],[15.7780666,49.3427325],[15.777256,49.3425932],[15.7760093,49.3425095],[15.7749717,49.3426851],[15.774427,49.3427772],[15.7741792,49.3428165],[15.7737028,49.3428841],[15.772766,49.3430131],[15.7724088,49.3430785],[15.7716344,49.3431683],[15.7700683,49.3432097],[15.7700661,49.3433863],[15.7700621,49.3436961],[15.7700911,49.3437864],[15.76967,49.3437101],[15.7709098,49.3490822],[15.7709421,49.3491951],[15.7709573,49.3492632],[15.7709772,49.3502198],[15.7709446,49.3502265],[15.7713556,49.3526011],[15.7713525,49.3526325],[15.7711021,49.3527203],[15.771159,49.3530471],[15.7711474,49.3531516],[15.7715406,49.3535301],[15.7714518,49.3541926],[15.7716249,49.3543875],[15.7712565,49.3545862],[15.7712814,49.3546069],[15.771276,49.3548975],[15.7713644,49.354971],[15.771735,49.355081],[15.7717531,49.3551346],[15.7715211,49.3552009],[15.7717213,49.3554393],[15.771686,49.3556404],[15.7718029,49.3556881],[15.7718043,49.3557096],[15.7717673,49.3558848],[15.7717669,49.356044],[15.771836,49.3561653],[15.7719518,49.3567879],[15.7718631,49.3569917],[15.7715872,49.3572722],[15.7715803,49.357303],[15.7715514,49.3576902],[15.7717442,49.3580086],[15.7717758,49.3580495],[15.7718409,49.3580793],[15.7720549,49.35846],[15.7722273,49.3589683],[15.7718143,49.3591556],[15.7715344,49.3591568],[15.7708182,49.3593499],[15.7701574,49.3593235],[15.7697709,49.3592873],[15.7692557,49.3592186],[15.7689884,49.3592099],[15.7686433,49.35779],[15.7683815,49.3571258],[15.7656127,49.357871],[15.7656619,49.3581987],[15.7657035,49.3586189],[15.7657944,49.3588604],[15.7659722,49.3592441],[15.7661558,49.3594446],[15.7660828,49.3594788],[15.766032,49.3594867],[15.7640282,49.3600943],[15.7639833,49.3605113],[15.7639373,49.3604983],[15.7638115,49.3605691],[15.7637435,49.3605912],[15.7630689,49.3609167],[15.7625844,49.3613229],[15.7616939,49.3611496],[15.7613496,49.3612812],[15.7610631,49.3613764],[15.7609299,49.3613947],[15.7608796,49.3614017],[15.760848,49.361406],[15.7607982,49.3614132],[15.759692,49.3606908],[15.7591887,49.3594382],[15.7590678,49.359159]]]}},{"type":"Feature","properties":{"SKNAZEV":"oblast a osa","OBTYPNAZEV":"AKC","DRUH_O_AKC":"AOV","ID_LOKAL":67,"OZNACENI_P":"AOV67","UO":1,"VYKON":77,"UROVEN":"URP","ID_NDOK":null,"NAZEV_NDOK":null,"NAZEV":"Kamenička","ZM_CISLO_P":2,"EUP_KOD_P":22907,"ZAPIS":"ZMZA","JE_AKTUALNI":false,"STAV_VYBERU":"zrusena"},"geometry":{"type":"Polygon","coordinates":[[[15.8079462,49.3800126],[15.8092573,49.3798885],[15.8098497,49.3799859],[15.8103137,49.3797153],[15.8108445,49.3797343],[15.8113183,49.3796621],[15.8118654,49.3796221],[15.811723,49.3791477],[15.8122341,49.379108],[15.8132116,49.3788212],[15.8141118,49.3782493],[15.8149805,49.3769586],[15.8154089,49.3767677],[15.8157327,49.3757203],[15.8157022,49.3756407],[15.8159041,49.3754148],[15.8157427,49.3750159],[15.8159377,49.3739067],[15.8153555,49.3731456],[15.815315,49.3730496],[15.8152811,49.3729471],[15.8152236,49.3727669],[15.8149683,49.3718625],[15.8130373,49.3707029],[15.8124229,49.3705905],[15.8123005,49.3703259],[15.8121939,49.37017],[15.8118129,49.3697506],[15.8114569,49.3693705],[15.8113082,49.3692268],[15.8112152,49.369137],[15.8109209,49.3687219],[15.8107034,49.3683299],[15.8107652,49.3683151],[15.8123203,49.3681792],[15.8137192,49.3681067],[15.814433,49.3683173],[15.8144615,49.3682985],[15.8149816,49.3681696],[15.8147834,49.3673535],[15.8148625,49.3668668],[15.814808,49.3666249],[15.8147975,49.3658187],[15.8147972,49.3657899],[15.814794,49.3654621],[15.8148004,49.3654369],[15.8147513,49.3650664],[15.8145135,49.3649196],[15.8143822,49.3648496],[15.8143852,49.364763],[15.8148439,49.3643726],[15.8147557,49.3637795],[15.8145711,49.3629415],[15.8141672,49.362835],[15.8144607,49.3625447],[15.8146465,49.3623075],[15.8146373,49.3622893],[15.8143065,49.3620652],[15.8142906,49.3620441],[15.8141514,49.3616685],[15.8140449,49.3602853],[15.8142964,49.3602618],[15.8142399,49.3598891],[15.8141433,49.3592511],[15.8140531,49.358567],[15.8144872,49.3585188],[15.8151031,49.3584543],[15.8153195,49.3584327],[15.8153648,49.3584282],[15.817075,49.3588767],[15.8171242,49.3589791],[15.8171719,49.3589717],[15.8184531,49.3593287],[15.8196052,49.3591755],[15.8206385,49.3590381],[15.8207031,49.3589922],[15.8207736,49.3589534],[15.8216657,49.3588689],[15.822495,49.3587111],[15.8234464,49.3589291],[15.8246552,49.3593091],[15.825227,49.3594487],[15.8255529,49.3595666],[15.8268711,49.3607858],[15.8269432,49.3608126],[15.8271044,49.3608814],[15.827274,49.361044],[15.8272829,49.3613726],[15.8274067,49.361573],[15.8276912,49.3618708],[15.8282116,49.362123],[15.8283847,49.3622682],[15.8285282,49.3623885],[15.8290632,49.3625199],[15.8287174,49.3628817],[15.829104,49.3634324],[15.8314676,49.3634346],[15.8315059,49.3635585],[15.8316017,49.3637332],[15.8328051,49.364502],[15.8332061,49.3651154],[15.8329823,49.3657607],[15.8330677,49.365847],[15.8330323,49.3658643],[15.8329858,49.3660051],[15.8328474,49.3659992],[15.8338535,49.3668814],[15.8344223,49.3669918],[15.8347516,49.3671181],[15.8352995,49.3671014],[15.8359032,49.3676392],[15.836212,49.3678629],[15.8375582,49.3683162],[15.8380984,49.3685682],[15.8379504,49.3694743],[15.8381639,49.3696667],[15.8380609,49.3698251],[15.8380225,49.3700818],[15.838881,49.3703561],[15.839515,49.3700066],[15.8411201,49.3724512],[15.8417693,49.3724583],[15.8419452,49.372467],[15.8421378,49.3725208],[15.8424398,49.372731],[15.8433309,49.3735168],[15.8439952,49.3742188],[15.8442608,49.3741526],[15.844522,49.3741115],[15.8449247,49.3750097],[15.8448827,49.3750273],[15.8450689,49.3752375],[15.8453824,49.376061],[15.8457562,49.3765059],[15.8459245,49.3768389],[15.8459226,49.3768986],[15.8460313,49.3769556],[15.8463876,49.377521],[15.8466807,49.3779668],[15.8472864,49.3778802],[15.8479713,49.3782621],[15.8485021,49.3784938],[15.8491241,49.3791057],[15.8491541,49.3791303],[15.8491735,49.3791454],[15.8493605,49.3793182],[15.8494037,49.3793415],[15.8504095,49.3805001],[15.8511235,49.3808582],[15.8519894,49.381252],[15.8522689,49.3813725],[15.85248,49.3814636],[15.852756,49.3816157],[15.8526284,49.3822477],[15.8530402,49.3828886],[15.8537986,49.3835804],[15.8540318,49.3836991],[15.8541309,49.3837032],[15.8542501,49.3838606],[15.8541685,49.3838677],[15.8538919,49.3840213],[15.853833,49.3840349],[15.8531256,49.3841973],[15.8525774,49.3842912],[15.8523244,49.3843345],[15.8521167,49.3843701],[15.8520221,49.3842548],[15.8519517,49.3842575],[15.8516806,49.3842679],[15.8510684,49.3842913],[15.8504262,49.3843671],[15.850125,49.384404],[15.8499115,49.3844644],[15.849845,49.3844832],[15.8496238,49.3845151],[15.8491982,49.3845857],[15.8489341,49.3846303],[15.8487324,49.3846644],[15.8486618,49.3846972],[15.8481391,49.3849395],[15.8482075,49.3851503],[15.84823,49.3852689],[15.8488391,49.38619],[15.8491804,49.3866114],[15.8493454,49.3867742],[15.8493312,49.3868172],[15.8493795,49.3868643],[15.8494456,49.3868732],[15.849525,49.3869516],[15.8495631,49.3869892],[15.8497047,49.3870243],[15.8498998,49.3872069],[15.8504219,49.3871646],[15.8504995,49.3871431],[15.8508223,49.3870534],[15.8510346,49.3870449],[15.8511401,49.3870387],[15.8515732,49.387013],[15.851643,49.3870812],[15.8518805,49.3873856],[15.852156,49.3876554],[15.8524342,49.3878712],[15.8533863,49.3885229],[15.8533157,49.3885352],[15.8529888,49.3885922],[15.8526469,49.3886185],[15.8525897,49.3885918],[15.8521309,49.388605],[15.8522684,49.3887116],[15.8520396,49.3886874],[15.8514085,49.3887367],[15.8510608,49.3887695],[15.8510626,49.3887944],[15.8515214,49.3892227],[15.8524999,49.3898976],[15.8526351,49.3900489],[15.8529907,49.3903256],[15.8533244,49.3906392],[15.8540492,49.3914238],[15.8542436,49.3916098],[15.8552656,49.3920544],[15.8560832,49.3927295],[15.8551205,49.3929162],[15.8547544,49.39296],[15.8543649,49.3929679],[15.8539934,49.3929814],[15.8536281,49.3930298],[15.8531477,49.3929624],[15.8516744,49.3930368],[15.8511353,49.393094],[15.850633,49.3928991],[15.8488096,49.3929997],[15.8482687,49.3931218],[15.8480205,49.3927449],[15.845536,49.3933231],[15.8451308,49.3933201],[15.8405168,49.3935965],[15.8404848,49.3936315],[15.8393519,49.3935942],[15.8393977,49.3935756],[15.8391712,49.393545],[15.8387041,49.3934699],[15.8383779,49.3934441],[15.8381102,49.3934188],[15.8374206,49.3934446],[15.836503,49.3934801],[15.8362408,49.3935035],[15.8359844,49.3933877],[15.8359625,49.3933585],[15.8358434,49.3931524],[15.8360437,49.3928247],[15.8360657,49.3927158],[15.835794,49.3925219],[15.8348775,49.3917926],[15.8347228,49.3913403],[15.8349305,49.3905607],[15.8349599,49.3899067],[15.8348709,49.3898235],[15.8353957,49.3888605],[15.835244,49.3888267],[15.8348648,49.3882288],[15.834463,49.387725],[15.8344389,49.3876878],[15.8337449,49.3875395],[15.8330203,49.3873077],[15.8328763,49.3872169],[15.8319295,49.3868438],[15.8308512,49.3865581],[15.8308362,49.3865115],[15.8309357,49.3864324],[15.829962,49.3860145],[15.8318438,49.3846607],[15.8313689,49.3846032],[15.8309734,49.3844563],[15.8309381,49.3843883],[15.8306599,49.3842665],[15.8307534,49.3836704],[15.8306838,49.3835803],[15.8270772,49.3828842],[15.8267296,49.3828033],[15.8263528,49.3826915],[15.8259362,49.3827754],[15.8246273,49.3828338],[15.824243,49.3828999],[15.8235437,49.3827488],[15.8227254,49.3825846],[15.8222967,49.3829656],[15.8217986,49.3831905],[15.820999,49.383661],[15.8202591,49.384048],[15.8199019,49.3841893],[15.8190019,49.3850685],[15.8188733,49.3852052],[15.8181742,49.3856911],[15.8183042,49.3857305],[15.8182875,49.3858248],[15.8178442,49.3861394],[15.8177933,49.3862125],[15.8176868,49.3862756],[15.8172408,49.3865897],[15.8169234,49.3870504],[15.8168824,49.3871872],[15.8165012,49.3873572],[15.816183,49.3875252],[15.8160331,49.3880812],[15.8144702,49.3886964],[15.8143976,49.3887386],[15.8122091,49.3896869],[15.8104495,49.390085],[15.8103763,49.3901237],[15.8096729,49.3901193],[15.8094201,49.3900262],[15.8077634,49.3900515],[15.8061864,49.3901306],[15.8059143,49.3900932],[15.8056784,49.3900426],[15.8051692,49.3899335],[15.8046968,49.3898381],[15.8042391,49.3897457],[15.803982,49.3897459],[15.8038846,49.3896867],[15.8038262,49.3896719],[15.8037043,49.3896558],[15.8036872,49.3896073],[15.8034619,49.3883408],[15.8034271,49.3880616],[15.8032727,49.3867845],[15.8033507,49.3859289],[15.8020134,49.3860185],[15.7994863,49.3864769],[15.7978918,49.386499],[15.7968305,49.3868144],[15.7958943,49.3869337],[15.7954464,49.3869907],[15.792246,49.38719],[15.7920731,49.3871948],[15.7918556,49.3871721],[15.7908615,49.3855528],[15.790168,49.3844619],[15.7900763,49.3843278],[15.7900408,49.3842842],[15.7899985,49.3839093],[15.7895719,49.3828806],[15.7896014,49.3826949],[15.7894708,49.382264],[15.7899546,49.3814468],[15.7901187,49.3804552],[15.7902022,49.3802377],[15.790454,49.3798834],[15.7905726,49.3789418],[15.7905063,49.3788176],[15.7904416,49.3786077],[15.7904558,49.3784678],[15.7905413,49.3783614],[15.7930438,49.3782542],[15.7953447,49.3782067],[15.7967028,49.378013],[15.7994035,49.3793414],[15.8005281,49.3798171],[15.8012095,49.3799417],[15.8027637,49.3803658],[15.8046103,49.3804454],[15.8050166,49.3808319],[15.8055294,49.3806906],[15.8079283,49.3800615],[15.8079462,49.3800126]]]}},{"type":"Feature","properties":{"SKNAZEV":"oblast a osa","OBTYPNAZEV":"AKC","DRUH_O_AKC":"AOV","ID_LOKAL":85,"OZNACENI_P":"AOV85","UO":1,"VYKON":35,"UROVEN":"URP","ID_NDOK":null,"NAZEV_NDOK":null,"NAZEV":"Nový Dvůr","ZM_CISLO_P":2,"EUP_KOD_P":22907,"ZAPIS":"ZMZA","JE_AKTUALNI":false,"STAV_VYBERU":"zrusena"},"geometry":{"type":"Polygon","coordinates":[[[14.4095406,50.3978776],[14.4085332,50.3980502],[14.4075895,50.3982429],[14.4069236,50.3984491],[14.4064265,50.3985718],[14.4059768,50.3986944],[14.4057765,50.3987406],[14.4060443,50.4001484],[14.4062422,50.4013322],[14.4088442,50.4010071],[14.4088366,50.4010521],[14.4084263,50.4012574],[14.4082942,50.40135],[14.4080605,50.401904],[14.4064215,50.4026347],[14.4063257,50.4026944],[14.4034889,50.4027718],[14.401397,50.4025723],[14.4006347,50.402687],[14.3894853,50.403347],[14.3869612,50.4039064],[14.3857263,50.4037042],[14.3831909,50.404167],[14.3825916,50.4041837],[14.3787556,50.4050852],[14.3772654,50.4038719],[14.3787059,50.4027921],[14.3779905,50.40262],[14.3777912,50.402557],[14.3777917,50.4024888],[14.3782776,50.4018314],[14.3782846,50.401796],[14.3776159,50.399988],[14.3773504,50.4001773],[14.3770555,50.4002928],[14.376574,50.4003673],[14.3762421,50.4002897],[14.3753158,50.4001863],[14.3746638,50.4000865],[14.374607,50.4000275],[14.3745269,50.3997858],[14.3751284,50.399847],[14.3759718,50.399811],[14.3766311,50.3996965],[14.3766345,50.3995717],[14.3770744,50.3994987],[14.3774795,50.3994171],[14.3785807,50.3993812],[14.3787504,50.3993147],[14.3787478,50.3992204],[14.3789338,50.3987153],[14.3786875,50.3983543],[14.37924,50.3985276],[14.3795285,50.3985921],[14.3801247,50.3988007],[14.3802374,50.3987725],[14.3802479,50.3985972],[14.3802693,50.398504],[14.3801334,50.3982591],[14.3801998,50.3979406],[14.3803309,50.3978106],[14.3806338,50.3973689],[14.380678,50.3973916],[14.3808454,50.3973819],[14.380879,50.39738],[14.3806996,50.3972016],[14.3798416,50.3967898],[14.3796136,50.3966706],[14.3793286,50.3965045],[14.379312,50.3965242],[14.3792053,50.3965921],[14.3789683,50.3967325],[14.3785894,50.3968888],[14.3784006,50.396999],[14.3782024,50.3969887],[14.3776973,50.397078],[14.3774698,50.3971508],[14.3768127,50.3975411],[14.3765473,50.397753],[14.3765066,50.3977796],[14.3763346,50.3978402],[14.3759841,50.397943],[14.375405,50.3981296],[14.3747297,50.3983196],[14.3738947,50.3984288],[14.3734967,50.3984485],[14.3730299,50.3984619],[14.3722277,50.3985069],[14.3720572,50.3985169],[14.3723739,50.3965125],[14.3739155,50.3938675],[14.3731955,50.393323],[14.3730382,50.3923288],[14.3729221,50.3921436],[14.3728695,50.3920764],[14.3728819,50.3920317],[14.3727621,50.3910454],[14.372328,50.3899424],[14.3718513,50.3888538],[14.3721228,50.3880636],[14.3721025,50.3877182],[14.3721077,50.387646],[14.372082,50.3875319],[14.3717979,50.3857678],[14.3721463,50.3850166],[14.3728034,50.3841219],[14.3731782,50.3838985],[14.3741564,50.3835018],[14.3743897,50.3827346],[14.3751203,50.3824218],[14.375646,50.3817399],[14.377034,50.3813061],[14.3771389,50.3811397],[14.377279,50.3811482],[14.3872583,50.3815389],[14.3876301,50.3816244],[14.3875767,50.3825395],[14.387619,50.3828995],[14.3875457,50.3831814],[14.3875457,50.3835813],[14.3875309,50.3840788],[14.3874873,50.3848468],[14.3875174,50.3849113],[14.3875032,50.3850894],[14.3874601,50.3851484],[14.3871337,50.3850987],[14.3858632,50.3843909],[14.3811952,50.385646],[14.3794682,50.3868515],[14.3794658,50.3869239],[14.3787027,50.3877697],[14.3779481,50.3886153],[14.3776686,50.3887951],[14.3778612,50.3907022],[14.3778846,50.3907446],[14.3778963,50.3908829],[14.3782458,50.391796],[14.378673,50.392264],[14.3790727,50.3926042],[14.3790197,50.392741],[14.3796823,50.393278],[14.3861292,50.3957708],[14.3859328,50.3946151],[14.3863126,50.394703],[14.3868556,50.3948287],[14.3871683,50.3949011],[14.3875835,50.3949972],[14.3884317,50.39511],[14.3900945,50.3952366],[14.392122,50.3954482],[14.3935641,50.3955988],[14.3940589,50.3956504],[14.3963785,50.3938971],[14.3964619,50.3938824],[14.3969286,50.3934421],[14.3972485,50.393266],[14.3979176,50.392509],[14.3982141,50.3921308],[14.398334,50.3921453],[14.4029143,50.3920222],[14.4030183,50.392167],[14.4030355,50.3926267],[14.4030381,50.3927344],[14.4032617,50.3937672],[14.4032256,50.3938336],[14.4034519,50.3946661],[14.4035285,50.3947185],[14.4035427,50.3956115],[14.4052231,50.3955424],[14.4054338,50.3955109],[14.4058551,50.3954755],[14.4065026,50.3954027],[14.4073718,50.3953834],[14.4100875,50.3953185],[14.4102859,50.3955567],[14.4105226,50.3961949],[14.4105359,50.3962314],[14.4095406,50.3978776]]]}},{"type":"Feature","properties":{"SKNAZEV":"oblast a osa","OBTYPNAZEV":"AKC","DRUH_O_AKC":"AOV","ID_LOKAL":79,"OZNACENI_P":"AOV79","UO":1,"VYKON":46,"UROVEN":"URP","ID_NDOK":null,"NAZEV_NDOK":null,"NAZEV":"Vintířov","ZM_CISLO_P":2,"EUP_KOD_P":22907,"ZAPIS":"ZMZA","JE_AKTUALNI":true,"STAV_VYBERU":"ponechana"},"geometry":{"type":"Polygon","coordinates":[[[12.670503,50.2220602],[12.6706648,50.221762],[12.6712009,50.2204438],[12.6713976,50.2200945],[12.6721908,50.2183105],[12.6726307,50.2172801],[12.6741562,50.2139258],[12.6806471,50.2123835],[12.6807033,50.2123916],[12.6962422,50.2127818],[12.7006165,50.2141167],[12.7046977,50.2166496],[12.708623,50.2208025],[12.7089153,50.2254777],[12.7091016,50.2260998],[12.7090283,50.2261074],[12.7089843,50.2261671],[12.7089863,50.2265376],[12.7088597,50.2268347],[12.708605,50.2272301],[12.6971686,50.2306896],[12.6960741,50.2304521],[12.6936578,50.2304794],[12.691458,50.230308],[12.6902591,50.230186],[12.6901253,50.2301698],[12.68985,50.2301436],[12.689686,50.2301282],[12.6879554,50.2299514],[12.6876373,50.2299188],[12.6864553,50.2297334],[12.6862318,50.2297115],[12.6848398,50.2295708],[12.6833751,50.2294234],[12.6823758,50.2293213],[12.682166,50.2292975],[12.6819988,50.2292808],[12.6816579,50.229206],[12.6804881,50.2289],[12.6776636,50.2288751],[12.6752773,50.2286367],[12.6746733,50.2286817],[12.6740356,50.2286267],[12.6732671,50.2284078],[12.6719213,50.2282963],[12.671709,50.2291993],[12.6713024,50.2296024],[12.6709606,50.2294727],[12.6708148,50.229373],[12.6707213,50.2293092],[12.6700308,50.2288058],[12.6698517,50.2286797],[12.6676747,50.2253643],[12.6675694,50.2247934],[12.6677531,50.2243847],[12.6691345,50.2217407],[12.6695914,50.2218288],[12.670503,50.2220602]]]}},{"type":"Feature","properties":{"SKNAZEV":"oblast a osa","OBTYPNAZEV":"AKC","DRUH_O_AKC":"AOV","ID_LOKAL":88,"OZNACENI_P":"AOV88","UO":1,"VYKON":35,"UROVEN":"URP","ID_NDOK":null,"NAZEV_NDOK":null,"NAZEV":"Kundratice","ZM_CISLO_P":2,"EUP_KOD_P":22907,"ZAPIS":"ZMZA","JE_AKTUALNI":false,"STAV_VYBERU":"zrusena"},"geometry":{"type":"Polygon","coordinates":[[[15.4312487,50.5937055],[15.4312179,50.593456],[15.4311259,50.5919094],[15.4311986,50.5915418],[15.4333272,50.5915008],[15.4333704,50.5915151],[15.4336925,50.5915154],[15.4340382,50.5914922],[15.4355245,50.5913191],[15.437443,50.5908046],[15.4379049,50.5903589],[15.4406893,50.589169],[15.4415057,50.5889677],[15.4423427,50.5887712],[15.4428588,50.588683],[15.4429184,50.5886653],[15.4430639,50.5887463],[15.4431019,50.5888],[15.4439016,50.5895523],[15.4442581,50.5896973],[15.44465,50.5899331],[15.4449997,50.590196],[15.4455351,50.5905119],[15.4461442,50.5908282],[15.4465233,50.5909373],[15.4474704,50.5912686],[15.4477586,50.5914547],[15.4477937,50.5914852],[15.4488865,50.5917643],[15.4512338,50.5917998],[15.4515559,50.5917412],[15.4516327,50.5917552],[15.4522556,50.5918045],[15.4533457,50.5918926],[15.4569466,50.5911175],[15.4577184,50.5906477],[15.4585106,50.5902151],[15.4608396,50.5885346],[15.4602239,50.5885137],[15.4630889,50.5873653],[15.4630689,50.5867659],[15.4630644,50.5867382],[15.4630587,50.5867024],[15.4630247,50.5864916],[15.4630284,50.5863223],[15.4630306,50.5859536],[15.4630576,50.5856396],[15.4630313,50.5849345],[15.4630328,50.5847028],[15.4629154,50.5843007],[15.4628525,50.5839483],[15.4628195,50.5837644],[15.4627914,50.5836263],[15.4627619,50.5833319],[15.4627151,50.5830042],[15.4583677,50.5823798],[15.4578559,50.5822252],[15.4576901,50.5821464],[15.4555892,50.5813394],[15.4551616,50.5811595],[15.4540877,50.5803575],[15.453821,50.5801082],[15.4526303,50.5795367],[15.4519996,50.5788815],[15.4506022,50.5782208],[15.4493622,50.5776484],[15.4485428,50.5773339],[15.4467158,50.5772238],[15.4487831,50.5756734],[15.44884,50.5756185],[15.4500883,50.5742044],[15.4504989,50.5734672],[15.4504871,50.5733141],[15.4513483,50.5727487],[15.4516245,50.5724831],[15.4521674,50.5720854],[15.4525301,50.5719232],[15.4533037,50.571227],[15.4544968,50.5708321],[15.454698,50.570783],[15.4556946,50.5706436],[15.4565974,50.5704462],[15.457655,50.5701078],[15.4582613,50.5699786],[15.4586555,50.5705232],[15.4581227,50.5712604],[15.4581478,50.5712842],[15.4587912,50.5712542],[15.4593624,50.5726157],[15.4594533,50.572738],[15.4598849,50.5733999],[15.4591965,50.5737788],[15.4607444,50.5748068],[15.4607757,50.574827],[15.4608616,50.5749323],[15.4610375,50.5753679],[15.4611178,50.575465],[15.461152,50.5755568],[15.4619791,50.5769011],[15.4629005,50.5778494],[15.4629321,50.5778723],[15.4636589,50.5789256],[15.463944,50.5792356],[15.4652148,50.5800608],[15.4652444,50.5800967],[15.4655356,50.5807066],[15.4659184,50.5808754],[15.4663468,50.5812642],[15.4663803,50.5811774],[15.4664384,50.5811873],[15.4678842,50.5824009],[15.4679661,50.5824952],[15.4685707,50.5844103],[15.4686971,50.5849242],[15.4686924,50.5852179],[15.4687167,50.5853278],[15.4687705,50.5855205],[15.4684349,50.5862601],[15.4681463,50.587338],[15.4681644,50.5875115],[15.4682249,50.5878307],[15.4684249,50.5882438],[15.4685138,50.5884888],[15.4675977,50.5897769],[15.467613,50.5898647],[15.4665646,50.5904487],[15.466451,50.5909256],[15.4663966,50.5910052],[15.466413,50.5910481],[15.4658468,50.5915694],[15.4655926,50.5921401],[15.4651539,50.5926836],[15.4636131,50.5942912],[15.4636639,50.5945495],[15.463479,50.5948306],[15.4635154,50.5948956],[15.4629087,50.5954564],[15.4623147,50.5956468],[15.4596678,50.5978417],[15.4595509,50.599451],[15.4596549,50.5996385],[15.4592824,50.5997067],[15.4573003,50.5998243],[15.4550683,50.6002814],[15.4542422,50.6007396],[15.4541532,50.6007889],[15.4540679,50.6008362],[15.4540239,50.6008622],[15.4539758,50.6008906],[15.4514009,50.6020325],[15.4507323,50.6022843],[15.4502311,50.6033452],[15.4488583,50.6030692],[15.4482743,50.6030129],[15.44771,50.6028306],[15.4469082,50.6027969],[15.4467394,50.6028084],[15.4457405,50.6029829],[15.4451278,50.6028476],[15.4449683,50.6026656],[15.4449255,50.602577],[15.4444454,50.6025494],[15.4438875,50.6025413],[15.4438514,50.6025679],[15.4433924,50.602415],[15.4429806,50.6022791],[15.4424504,50.602098],[15.442426,50.6020668],[15.442288,50.6019563],[15.4423269,50.6018778],[15.4405259,50.599998],[15.4398806,50.5994608],[15.4397984,50.5971626],[15.4399242,50.596908],[15.4396356,50.5960355],[15.439547,50.5956052],[15.4393037,50.5948434],[15.4375593,50.5953357],[15.4373019,50.5958732],[15.4372898,50.5970276],[15.4366437,50.5968964],[15.4365412,50.5969023],[15.436013,50.596443],[15.4348422,50.5955404],[15.4337127,50.5950754],[15.433598,50.5948022],[15.4328107,50.5944612],[15.4313094,50.5936871],[15.4312487,50.5937055]]]}},{"type":"Feature","properties":{"SKNAZEV":"oblast a osa","OBTYPNAZEV":"AKC","DRUH_O_AKC":"AOV","ID_LOKAL":89,"OZNACENI_P":"AOV89","UO":1,"VYKON":35,"UROVEN":"URP","ID_NDOK":null,"NAZEV_NDOK":null,"NAZEV":"Vlčí dola","ZM_CISLO_P":2,"EUP_KOD_P":22907,"ZAPIS":"ZMZA","JE_AKTUALNI":false,"STAV_VYBERU":"zrusena"},"geometry":{"type":"Polygon","coordinates":[[[15.4047703,50.5296977],[15.4059163,50.5287813],[15.4061527,50.5282773],[15.4064562,50.5280731],[15.4077547,50.5278827],[15.4096743,50.527617],[15.4100565,50.5278321],[15.4132611,50.5278496],[15.4144289,50.5273015],[15.4149515,50.5270281],[15.4159907,50.526353],[15.4169302,50.5257911],[15.4175611,50.5254554],[15.4188673,50.5249688],[15.4189136,50.5250991],[15.4192985,50.5250724],[15.4199613,50.5245208],[15.4204392,50.5245308],[15.422024,50.5239475],[15.4228159,50.5235873],[15.4233485,50.5223732],[15.4234955,50.5216581],[15.4235754,50.5215597],[15.4237648,50.5213269],[15.4238157,50.5212782],[15.4239021,50.5212506],[15.4240035,50.5212465],[15.4261034,50.52135],[15.427273,50.5205865],[15.4280934,50.5204761],[15.4286077,50.5204468],[15.4309865,50.5207548],[15.4311224,50.5206994],[15.4311208,50.5205333],[15.4318455,50.5205233],[15.4333136,50.52082],[15.4350675,50.5217237],[15.4356634,50.5219264],[15.4357837,50.5220449],[15.4368501,50.5232394],[15.4366278,50.5248631],[15.4362584,50.5250265],[15.4363219,50.5262351],[15.436404,50.5265121],[15.4364789,50.526678],[15.4364085,50.5266738],[15.4356067,50.527237],[15.4354762,50.5276204],[15.4348771,50.5275093],[15.4337585,50.5291146],[15.4336323,50.5292466],[15.4328347,50.5301817],[15.4328881,50.5304934],[15.4329116,50.5305388],[15.4320002,50.5313597],[15.431888,50.5314433],[15.4315019,50.5316279],[15.4313893,50.5317915],[15.4313523,50.5318203],[15.430766,50.5316836],[15.4295581,50.5313874],[15.4290345,50.531227],[15.4289776,50.531843],[15.4287125,50.5322801],[15.4271768,50.5326425],[15.4265174,50.5327354],[15.4253407,50.5329929],[15.4242056,50.534012],[15.4224501,50.536113],[15.4229658,50.5367916],[15.4229413,50.5368282],[15.4227828,50.5370653],[15.422558,50.5383902],[15.4228073,50.5389425],[15.4218156,50.5403962],[15.4216678,50.5414342],[15.421884,50.5418403],[15.4217496,50.5423187],[15.42151,50.5421737],[15.4205641,50.5429889],[15.4200092,50.543583],[15.4201551,50.5437545],[15.4193399,50.5449455],[15.4191898,50.5449937],[15.4188666,50.5448056],[15.4182143,50.5443946],[15.4181858,50.5443746],[15.4163711,50.5445175],[15.4157816,50.5447393],[15.4150532,50.5449053],[15.414398,50.5449952],[15.4135775,50.5450572],[15.4133915,50.5451633],[15.4133774,50.5452083],[15.4127993,50.5451673],[15.4125891,50.5451223],[15.412089,50.5450533],[15.4123069,50.5449498],[15.4113743,50.5436187],[15.4114369,50.5433123],[15.4109437,50.542503],[15.4102485,50.5425205],[15.4091414,50.5419862],[15.4080594,50.5416357],[15.4080414,50.5416263],[15.407985,50.5415966],[15.4069404,50.5411232],[15.406088,50.5405969],[15.4049144,50.5404226],[15.4040111,50.5402441],[15.4027592,50.5392627],[15.4027194,50.5390973],[15.4026707,50.5388951],[15.4026316,50.5387349],[15.4027049,50.5385572],[15.4022164,50.5379241],[15.4020147,50.537773],[15.4014072,50.5370017],[15.4008853,50.5366502],[15.4006231,50.5361115],[15.400321,50.53581],[15.3999023,50.5348587],[15.3996081,50.5348317],[15.4008693,50.5341289],[15.4029964,50.5326438],[15.4022882,50.5325039],[15.4028214,50.5315753],[15.4037673,50.5312542],[15.4039055,50.5311539],[15.4046737,50.5297869],[15.404712,50.5297515],[15.4047703,50.5296977]]]}},{"type":"Feature","properties":{"SKNAZEV":"oblast a osa","OBTYPNAZEV":"AKC","DRUH_O_AKC":"AOV","ID_LOKAL":95,"OZNACENI_P":"AOV95","UO":1,"VYKON":63,"UROVEN":"URP","ID_NDOK":null,"NAZEV_NDOK":null,"NAZEV":"Kocléřov","ZM_CISLO_P":2,"EUP_KOD_P":22907,"ZAPIS":"ZMZA","JE_AKTUALNI":true,"STAV_VYBERU":"ponechana"},"geometry":{"type":"Polygon","coordinates":[[[15.7924477,50.5005978],[15.7934579,50.5008776],[15.7949125,50.4998739],[15.7957767,50.5001968],[15.7970529,50.5002319],[15.79782,50.5004484],[15.7991378,50.5007113],[15.8006332,50.5002883],[15.8014664,50.5000772],[15.8031985,50.4998098],[15.8033315,50.4994978],[15.8043488,50.4988286],[15.8052072,50.4983849],[15.8063376,50.497916],[15.8067017,50.4977784],[15.8070668,50.4972387],[15.80756,50.4966182],[15.8082498,50.496047],[15.8111974,50.4961062],[15.8105036,50.4950568],[15.8145455,50.4948188],[15.8146244,50.4948351],[15.8168669,50.4946826],[15.8190111,50.4946189],[15.8198951,50.4945229],[15.8202235,50.4945006],[15.8214078,50.4945131],[15.8227542,50.4944538],[15.8251517,50.4944081],[15.8261804,50.4942768],[15.8298463,50.4945021],[15.8314139,50.4940809],[15.8314637,50.4940814],[15.8318037,50.4945852],[15.8322441,50.4952025],[15.8325522,50.4959338],[15.8325022,50.4959818],[15.8324166,50.4960066],[15.8323124,50.4960137],[15.8321172,50.4960317],[15.8318499,50.4960891],[15.8316529,50.4961537],[15.8314991,50.4962301],[15.8311504,50.4964996],[15.8305712,50.496421],[15.8294547,50.4995007],[15.8294256,50.4995499],[15.8273622,50.4991798],[15.8295878,50.5011955],[15.8298059,50.5015376],[15.830033,50.5018829],[15.8301417,50.5020327],[15.8303392,50.5026651],[15.8302851,50.502844],[15.8302958,50.5029122],[15.8305715,50.5032306],[15.8345061,50.50452],[15.8361701,50.5046803],[15.836323,50.5042563],[15.8363692,50.5041354],[15.8371676,50.5041469],[15.8372045,50.5041428],[15.8387726,50.5039089],[15.8388284,50.5039976],[15.8388617,50.5042922],[15.838903,50.5049531],[15.838894,50.5050889],[15.8413765,50.5066667],[15.8413507,50.506747],[15.8411441,50.5068867],[15.8413032,50.5070307],[15.8422814,50.5083889],[15.8416845,50.5093449],[15.8417095,50.5100128],[15.8419091,50.511472],[15.8429254,50.5114566],[15.8437859,50.5115894],[15.8442495,50.5113806],[15.8477971,50.512258],[15.8482184,50.5127029],[15.8504899,50.5134634],[15.8534208,50.5131861],[15.8530506,50.5136859],[15.8529646,50.5140097],[15.8529914,50.5140713],[15.8531821,50.5143018],[15.853312,50.5144263],[15.8535117,50.5147009],[15.8535313,50.5151656],[15.8535385,50.5152349],[15.8530618,50.5156265],[15.8532515,50.5159471],[15.8527207,50.5161229],[15.8516448,50.5163041],[15.8507981,50.5163954],[15.8505302,50.5165025],[15.8503963,50.5165738],[15.8501178,50.516671],[15.8494444,50.5173341],[15.8490445,50.5177964],[15.8500789,50.5183684],[15.8488204,50.5185307],[15.8481595,50.5185016],[15.8479661,50.5184032],[15.8451508,50.518724],[15.8430171,50.5160968],[15.8429371,50.5160247],[15.8420909,50.5149906],[15.8419453,50.5149222],[15.8419196,50.5148879],[15.8413068,50.5146869],[15.840756,50.5145425],[15.8393208,50.5143077],[15.839389,50.5141613],[15.8361863,50.511938],[15.8356315,50.5113419],[15.8335805,50.5116145],[15.8336008,50.5111824],[15.8334801,50.5110336],[15.833027,50.5108948],[15.8321427,50.5105708],[15.8314707,50.5113333],[15.8314931,50.5115024],[15.8314577,50.5116915],[15.8310879,50.5121301],[15.8308881,50.5124882],[15.8308202,50.5127457],[15.8307544,50.5129014],[15.8290641,50.512702],[15.8276925,50.5125215],[15.8273966,50.5124285],[15.8269803,50.5123719],[15.8255656,50.5123086],[15.8236078,50.5117258],[15.8231326,50.5115963],[15.821726,50.5109646],[15.8184718,50.5112167],[15.8182897,50.5112287],[15.8172903,50.5111468],[15.8151799,50.5118565],[15.8138622,50.51308],[15.812951,50.5143742],[15.8127352,50.5159067],[15.8126378,50.5160295],[15.8125799,50.5161653],[15.8124541,50.5164604],[15.8123968,50.516938],[15.8123809,50.5170707],[15.8123595,50.517147],[15.8121684,50.5172034],[15.8120497,50.5172795],[15.8119638,50.5173742],[15.8089334,50.5181041],[15.8083184,50.5182291],[15.8078718,50.5182125],[15.807572,50.5178908],[15.8072047,50.5173718],[15.8067904,50.5173651],[15.8066242,50.5173385],[15.8045092,50.5180724],[15.8033308,50.5189502],[15.8012487,50.5197022],[15.7993164,50.5193161],[15.7983926,50.5179177],[15.7983867,50.5178541],[15.7985724,50.517794],[15.7986743,50.5177047],[15.8005905,50.5167423],[15.7976852,50.5162564],[15.7975328,50.5162193],[15.7974557,50.5161865],[15.7973854,50.5161568],[15.7973247,50.5161175],[15.7972414,50.515806],[15.7977241,50.5150755],[15.7979226,50.5129181],[15.7970826,50.5130178],[15.796904,50.5123704],[15.7954665,50.5129179],[15.7953009,50.5128187],[15.7950944,50.5126751],[15.7950208,50.512589],[15.7949526,50.5124672],[15.7935345,50.5123149],[15.7932691,50.5120991],[15.7932451,50.5120499],[15.7929984,50.5110627],[15.7908937,50.5115488],[15.7903242,50.5115136],[15.7892258,50.5106989],[15.7895011,50.5105459],[15.7896478,50.5086048],[15.7939019,50.5045653],[15.7937652,50.5045246],[15.7935044,50.5044142],[15.7932693,50.5042531],[15.7929444,50.5039703],[15.7927354,50.5038222],[15.7925502,50.5037405],[15.7923269,50.5037148],[15.7920401,50.5036608],[15.791729,50.5027318],[15.7923713,50.5022336],[15.7921916,50.5011989],[15.7924477,50.5005978]]]}},{"type":"Feature","properties":{"SKNAZEV":"oblast a osa","OBTYPNAZEV":"AKC","DRUH_O_AKC":"AOV","ID_LOKAL":86,"OZNACENI_P":"AOV86","UO":1,"VYKON":28,"UROVEN":"URP","ID_NDOK":null,"NAZEV_NDOK":null,"NAZEV":"Neveklov","ZM_CISLO_P":2,"EUP_KOD_P":22907,"ZAPIS":"ZMZA","JE_AKTUALNI":true,"STAV_VYBERU":"ponechana"},"geometry":{"type":"Polygon","coordinates":[[[14.4988934,49.789819],[14.4978294,49.7897616],[14.4947955,49.7888982],[14.4947211,49.7887801],[14.493881,49.788628],[14.4938406,49.7884622],[14.4911629,49.787782],[14.4904897,49.7874748],[14.4898163,49.7874507],[14.490366,49.7867607],[14.4897294,49.7867683],[14.4896884,49.7865542],[14.4895384,49.7857683],[14.4886791,49.7850463],[14.4878367,49.7843813],[14.487094,49.7841248],[14.4864513,49.7837144],[14.4864407,49.7836324],[14.4864216,49.7834834],[14.4864773,49.7834046],[14.4867251,49.7831677],[14.4868776,49.783137],[14.4901127,49.7815962],[14.4898703,49.7809937],[14.4899182,49.780962],[14.4956606,49.7802803],[14.4955278,49.7801173],[14.495284,49.7799121],[14.4949378,49.779706],[14.4949887,49.7797],[14.497339,49.7791504],[14.4977733,49.7762537],[14.4983458,49.7764463],[14.4985307,49.774794],[14.4986855,49.7740103],[14.4970722,49.7732068],[14.4970161,49.7731219],[14.4963753,49.7724893],[14.4957654,49.7718872],[14.4954101,49.7715366],[14.4949276,49.7710759],[14.4942071,49.7703887],[14.4935271,49.7697405],[14.4930825,49.769287],[14.4946566,49.769484],[14.4946587,49.7695301],[14.4961364,49.7697134],[14.4961065,49.7696642],[14.4969228,49.7693808],[14.4999565,49.7688085],[14.5000624,49.7688001],[14.4999956,49.7686004],[14.4999279,49.7684292],[14.4999182,49.7682655],[14.4999189,49.7679805],[14.4999266,49.7678336],[14.4998663,49.7674035],[14.4998692,49.7667134],[14.4999193,49.7661651],[14.4999277,49.7661204],[14.4999269,49.7660801],[14.4996455,49.7647373],[14.5004774,49.7643121],[14.5006475,49.7643339],[14.5023698,49.763614],[14.5026739,49.763601],[14.501149,49.7608512],[14.5010186,49.7605357],[14.5009276,49.7603455],[14.5008088,49.7600612],[14.5008157,49.7598156],[14.5007263,49.758802],[14.5013181,49.757889],[14.5016933,49.7577501],[14.5018895,49.7577588],[14.5030781,49.7576363],[14.5038577,49.7574645],[14.5047348,49.7570909],[14.505584,49.7568645],[14.50644,49.7562751],[14.5079487,49.7566833],[14.508622,49.7570913],[14.5092002,49.7579946],[14.510585,49.7585134],[14.5113141,49.7584936],[14.5118388,49.7586419],[14.5119186,49.758666],[14.5119598,49.7586785],[14.5118091,49.7589969],[14.51172,49.7591853],[14.5115846,49.7594717],[14.5119305,49.7603828],[14.5111034,49.7604279],[14.5132973,49.7614648],[14.515094,49.7632063],[14.5150225,49.7634707],[14.5146515,49.7638374],[14.5145772,49.7639084],[14.5142807,49.7642245],[14.5140609,49.7644648],[14.5140427,49.7644865],[14.5133278,49.7653789],[14.5119461,49.7673965],[14.5115076,49.7678644],[14.5116869,49.7689451],[14.5113616,49.7695031],[14.5114704,49.7703684],[14.5109978,49.7708836],[14.5106918,49.771003],[14.5104724,49.7711698],[14.5087892,49.7715476],[14.5084937,49.7716095],[14.5068256,49.7723108],[14.505691,49.7731244],[14.5056874,49.77401],[14.5057131,49.7741434],[14.5056194,49.7742794],[14.5056052,49.7743467],[14.5043011,49.7753338],[14.5032847,49.7757461],[14.5028746,49.7760787],[14.5022902,49.7765621],[14.5015807,49.7769379],[14.501566,49.7769617],[14.5012933,49.7777035],[14.501034,49.7788063],[14.5007356,49.77957],[14.5004022,49.7799863],[14.5003482,49.7811404],[14.501473,49.7818619],[14.5020489,49.7826508],[14.5021299,49.7827617],[14.5025521,49.7831172],[14.5031975,49.7835116],[14.5035428,49.7839582],[14.5057965,49.785229],[14.5048253,49.7858814],[14.5046828,49.7858076],[14.5034023,49.7859442],[14.5021385,49.7865172],[14.5015622,49.7866126],[14.5011323,49.7866112],[14.5009447,49.7870703],[14.4996049,49.7873037],[14.4993085,49.788039],[14.4989643,49.7897046],[14.4988934,49.789819]]]}},{"type":"Feature","properties":{"SKNAZEV":"oblast a osa","OBTYPNAZEV":"AKC","DRUH_O_AKC":"AOV","ID_LOKAL":97,"OZNACENI_P":"AOV97","UO":1,"VYKON":32,"UROVEN":"URP","ID_NDOK":null,"NAZEV_NDOK":null,"NAZEV":"Oleška","ZM_CISLO_P":2,"EUP_KOD_P":22907,"ZAPIS":"ZMZA","JE_AKTUALNI":false,"STAV_VYBERU":"zrusena"},"geometry":{"type":"Polygon","coordinates":[[[14.8853314,49.9649169],[14.8850361,49.964647],[14.8849942,49.9642292],[14.8861086,49.9638417],[14.8886512,49.9628222],[14.8890462,49.9623514],[14.8893882,49.9624299],[14.889822,49.9625409],[14.8915752,49.9614281],[14.8917915,49.9606317],[14.893165,49.9599612],[14.8935335,49.9599562],[14.8938515,49.9596359],[14.8939718,49.9591371],[14.8935604,49.9588963],[14.8934899,49.9586289],[14.8933923,49.9581595],[14.894219,49.9568899],[14.8940447,49.9562285],[14.8939292,49.9559989],[14.8938284,49.9557721],[14.893631,49.9555253],[14.8936049,49.9549657],[14.89363,49.9548427],[14.893677,49.9546752],[14.8930434,49.9542628],[14.8927666,49.9535482],[14.8927482,49.9528432],[14.8927776,49.9528191],[14.893284,49.952845],[14.8936753,49.9528865],[14.895012,49.9534702],[14.8961452,49.9538455],[14.896612,49.9540049],[14.8972757,49.9541501],[14.8983347,49.9545425],[14.8990894,49.9547959],[14.8991101,49.9548218],[14.8996282,49.9551725],[14.9011299,49.9559625],[14.9018301,49.955764],[14.902689,49.9561426],[14.903962,49.9563913],[14.904015,49.9564083],[14.9053179,49.9564489],[14.9055466,49.956722],[14.9060865,49.9568105],[14.9073164,49.9568031],[14.9073748,49.9568075],[14.9100199,49.9568756],[14.9118082,49.9570193],[14.9122535,49.9578842],[14.9121006,49.9579914],[14.9116759,49.9581964],[14.9111573,49.9585136],[14.9110234,49.9586376],[14.9108599,49.9588867],[14.910759,49.9590182],[14.9107343,49.9591062],[14.910728,49.9591282],[14.9107031,49.9592166],[14.910691,49.9593069],[14.9106742,49.9594685],[14.9106588,49.9596178],[14.9104972,49.9600876],[14.9104066,49.9608356],[14.9103678,49.9608699],[14.9104101,49.9613089],[14.9106206,49.9615432],[14.9104766,49.9618795],[14.9119926,49.9610103],[14.912079,49.9609871],[14.912726,49.9607624],[14.9130451,49.960673],[14.9137281,49.960315],[14.913755,49.9603015],[14.9130445,49.9601213],[14.9114865,49.9597803],[14.9115642,49.9594381],[14.9117095,49.9590888],[14.9117806,49.9587314],[14.9128172,49.9586645],[14.913855,49.9589165],[14.9147611,49.9591256],[14.9155967,49.9581662],[14.9165428,49.9583823],[14.9173051,49.9595277],[14.9182705,49.96023],[14.9190806,49.961097],[14.9193512,49.9613291],[14.9195133,49.9614681],[14.9206067,49.9618116],[14.9222949,49.9625099],[14.9223429,49.9625202],[14.9225217,49.9625295],[14.9228641,49.9625228],[14.9236667,49.9629227],[14.9250806,49.9626553],[14.9285242,49.9631154],[14.9293534,49.9629595],[14.9309955,49.9630526],[14.9311256,49.9633702],[14.9311536,49.9634386],[14.9313373,49.9638685],[14.9313955,49.9640451],[14.9315024,49.9644855],[14.9315137,49.9646665],[14.9315993,49.9650612],[14.9317068,49.9657632],[14.9311343,49.9657812],[14.9307112,49.9663396],[14.9305702,49.9665223],[14.9300231,49.9673969],[14.9289774,49.9685169],[14.9283395,49.9686428],[14.9279285,49.9685771],[14.927649,49.9685126],[14.9272049,49.9684049],[14.9270454,49.9683584],[14.9267947,49.9682785],[14.9267339,49.9682604],[14.9264382,49.9681259],[14.9260933,49.9679364],[14.9260118,49.9673845],[14.9253209,49.9670563],[14.9251194,49.9667405],[14.9247162,49.9667014],[14.9239302,49.9666338],[14.9236479,49.9663778],[14.922852,49.9662126],[14.9223112,49.9661035],[14.9220336,49.9658838],[14.9216032,49.9656506],[14.9212251,49.965506],[14.9205561,49.9650688],[14.9197223,49.964598],[14.9196404,49.9645825],[14.9172076,49.9639862],[14.9163421,49.9640622],[14.9141401,49.9638022],[14.9129319,49.9640731],[14.9111884,49.9645162],[14.9103029,49.964825],[14.9087837,49.9652606],[14.9081582,49.9661798],[14.9077155,49.9664557],[14.9072758,49.9666876],[14.907179,49.9667437],[14.9067892,49.9670906],[14.9054028,49.9681155],[14.9049575,49.968254],[14.9048046,49.9685102],[14.9045457,49.9686199],[14.9042691,49.9687609],[14.9033653,49.9693243],[14.9025442,49.9706744],[14.9024215,49.9712857],[14.9024015,49.9713641],[14.9020293,49.9734998],[14.9023002,49.9736376],[14.9016137,49.9740939],[14.900926,49.9745246],[14.9003753,49.9748599],[14.8988093,49.9753109],[14.8976152,49.9756869],[14.8973046,49.9758363],[14.8968636,49.9756491],[14.8937798,49.9746052],[14.894012,49.9742889],[14.8940777,49.9733564],[14.8928789,49.9733069],[14.8917981,49.9732076],[14.8916386,49.9730914],[14.8911706,49.9725274],[14.8905199,49.9723039],[14.8903169,49.9719373],[14.8897552,49.9716104],[14.8894214,49.971509],[14.8890561,49.9714232],[14.8886934,49.9713381],[14.8882974,49.9712177],[14.8876052,49.9708323],[14.8881392,49.9701397],[14.8878304,49.9691649],[14.8882914,49.9685373],[14.8883569,49.9682669],[14.8883174,49.9677929],[14.8875825,49.9676338],[14.8880129,49.9670562],[14.8878478,49.9668225],[14.8868576,49.9661476],[14.8867169,49.9658775],[14.8858147,49.9654848],[14.8857826,49.9652426],[14.8853314,49.9649169]]]}},{"type":"Feature","properties":{"SKNAZEV":"oblast a osa","OBTYPNAZEV":"AKC","DRUH_O_AKC":"AOV","ID_LOKAL":65,"OZNACENI_P":"AOV65","UO":1,"VYKON":32,"UROVEN":"URP","ID_NDOK":null,"NAZEV_NDOK":null,"NAZEV":"Bítovčice","ZM_CISLO_P":2,"EUP_KOD_P":22907,"ZAPIS":"ZMZA","JE_AKTUALNI":true,"STAV_VYBERU":"ponechana"},"geometry":{"type":"Polygon","coordinates":[[[15.7471197,49.3692904],[15.7489337,49.3682998],[15.7490051,49.3682401],[15.7501098,49.3685107],[15.7504307,49.3686378],[15.7509195,49.3689458],[15.751927,49.3693246],[15.7519738,49.3693127],[15.7529988,49.3700132],[15.755122,49.3707271],[15.7551532,49.3707337],[15.756158,49.3711731],[15.7561867,49.3711815],[15.7576934,49.3711729],[15.7581109,49.3715802],[15.7596452,49.3721046],[15.7595545,49.3723917],[15.7598953,49.3724967],[15.7600532,49.3735753],[15.7600525,49.3735935],[15.7600576,49.3736461],[15.7598219,49.3739079],[15.7597122,49.3746523],[15.7596985,49.3746716],[15.7597305,49.3749757],[15.7597361,49.3749962],[15.7599068,49.3759864],[15.7603907,49.3764088],[15.7602637,49.3767679],[15.7603199,49.3774204],[15.7602487,49.3774411],[15.7601881,49.3777481],[15.760219,49.3780307],[15.7598386,49.3783546],[15.7602061,49.3785832],[15.760461,49.3790315],[15.7599151,49.3792583],[15.7602111,49.3794886],[15.7589693,49.3796995],[15.7577916,49.3799094],[15.7555098,49.3799736],[15.7552133,49.3799541],[15.7551588,49.3799879],[15.7551415,49.3799712],[15.7551006,49.3799312],[15.7550928,49.3799237],[15.7541854,49.38013],[15.7536059,49.3801261],[15.7534184,49.3800581],[15.7533094,49.3800766],[15.7528,49.3800711],[15.75273,49.3800697],[15.7516899,49.3800091],[15.7516266,49.3799968],[15.7498786,49.3802914],[15.7498218,49.3803259],[15.7495126,49.3802118],[15.7472775,49.3804601],[15.7467927,49.3805011],[15.7469951,49.3809988],[15.7471507,49.3810433],[15.7467832,49.3812247],[15.7464174,49.3813861],[15.7472612,49.3818353],[15.7473945,49.3839267],[15.7474462,49.384081],[15.7472452,49.3842324],[15.7473522,49.3847575],[15.7477758,49.3859302],[15.747801,49.3868462],[15.7478548,49.3875767],[15.7478604,49.3878022],[15.747397,49.3884189],[15.7470504,49.3885008],[15.7462363,49.3887349],[15.7461768,49.3891972],[15.7454462,49.3900314],[15.7447867,49.3899323],[15.7438647,49.3898877],[15.7433168,49.3899652],[15.7426174,49.3902124],[15.7417881,49.390339],[15.7417413,49.3903094],[15.741566,49.3898605],[15.7410555,49.3902088],[15.7407288,49.3904959],[15.7400838,49.3905496],[15.7394695,49.3898489],[15.7393135,49.3895133],[15.7392658,49.3895006],[15.7393289,49.3889539],[15.7393271,49.3889053],[15.7390424,49.3886298],[15.7385922,49.3884131],[15.7384184,49.3882581],[15.737914,49.3882713],[15.7376229,49.3880806],[15.7375917,49.3880653],[15.7373246,49.3877358],[15.7372788,49.3877009],[15.7370684,49.3873515],[15.736657,49.3871905],[15.7359826,49.3871441],[15.7357037,49.3871541],[15.7354607,49.3870518],[15.735403,49.3870275],[15.7343633,49.3867291],[15.7341162,49.3866444],[15.7338914,49.3865673],[15.7323505,49.3866743],[15.7320284,49.3864053],[15.7309926,49.3866917],[15.7305068,49.3865409],[15.7300144,49.3863403],[15.7299647,49.3862973],[15.7290558,49.3864479],[15.7285877,49.3862291],[15.7283196,49.3860753],[15.7282804,49.3860597],[15.7272847,49.3855494],[15.72706,49.385257],[15.7277552,49.3848689],[15.7279582,49.3847499],[15.7281058,49.3846028],[15.7281901,49.3845188],[15.7285528,49.3843059],[15.729272,49.3837732],[15.7298409,49.3834719],[15.7302463,49.3832573],[15.7307758,49.382823],[15.7311505,49.3831257],[15.731275,49.3830818],[15.7317625,49.3833554],[15.7318412,49.3834014],[15.7321564,49.3835859],[15.7325232,49.3838008],[15.7327227,49.3836945],[15.7331819,49.3838344],[15.7337138,49.3839731],[15.7338161,49.3839968],[15.7341539,49.3840338],[15.7346039,49.3841585],[15.734873,49.384202],[15.7349122,49.3842083],[15.7353374,49.3844197],[15.7354517,49.3844031],[15.7359664,49.3846252],[15.7364598,49.3848501],[15.7370411,49.3845769],[15.7371852,49.3844797],[15.7373341,49.3844241],[15.7375068,49.3843395],[15.7379182,49.3840851],[15.7383017,49.3837227],[15.7385715,49.3836427],[15.7388087,49.3836353],[15.7392645,49.3834451],[15.7392871,49.3832855],[15.7394909,49.383177],[15.739807,49.3830089],[15.7397701,49.3829207],[15.7391982,49.3829177],[15.7389479,49.3828759],[15.7387551,49.3827917],[15.738567,49.3826746],[15.7384174,49.3826093],[15.738275,49.3825573],[15.7380294,49.3824838],[15.737764,49.382377],[15.7370354,49.3820243],[15.7366713,49.3818183],[15.7366417,49.3817788],[15.7360814,49.3815053],[15.7356955,49.3812709],[15.7354331,49.3811004],[15.734654,49.3807011],[15.7345789,49.3806554],[15.7340877,49.3803567],[15.733856,49.3802163],[15.7336535,49.3801353],[15.7335025,49.3800626],[15.7334587,49.3800415],[15.7332875,49.3799584],[15.7322444,49.3793605],[15.7322059,49.3793384],[15.7321745,49.379319],[15.7321509,49.3793045],[15.7321271,49.3792898],[15.7318674,49.3791298],[15.7316314,49.3789678],[15.7313358,49.3787478],[15.7306418,49.3781649],[15.7304385,49.3780127],[15.7295247,49.3773157],[15.7288542,49.3767484],[15.728695,49.3765942],[15.7284237,49.3763079],[15.7280624,49.3759684],[15.7278101,49.3757065],[15.7277525,49.3756549],[15.7271721,49.3752536],[15.7268022,49.3749687],[15.7267451,49.374837],[15.7276798,49.3741319],[15.7281022,49.3739042],[15.7281434,49.3739221],[15.7292731,49.3749621],[15.7292506,49.3751641],[15.7309127,49.3757188],[15.7310654,49.3761142],[15.7316091,49.3763808],[15.731544,49.3766287],[15.7323761,49.3765572],[15.732363,49.3767311],[15.7328918,49.3771979],[15.7340581,49.3777228],[15.7349608,49.3776032],[15.7358712,49.3769871],[15.7362767,49.375796],[15.7361849,49.3757545],[15.7362071,49.3755306],[15.736322,49.3754896],[15.7371613,49.3753535],[15.7374922,49.3754274],[15.7390739,49.3750254],[15.7394035,49.3741551],[15.7417097,49.373556],[15.7415528,49.3732356],[15.742755,49.3725381],[15.7431863,49.3723455],[15.7438042,49.3722755],[15.7438454,49.3722574],[15.7437472,49.3719632],[15.7439509,49.3719272],[15.7441508,49.3718045],[15.7449292,49.3711977],[15.7453231,49.3705605],[15.7457901,49.3704092],[15.7460062,49.3703477],[15.747082,49.3693111],[15.7471197,49.3692904]]]}},{"type":"Feature","properties":{"SKNAZEV":"oblast a osa","OBTYPNAZEV":"AKC","DRUH_O_AKC":"AOV","ID_LOKAL":98,"OZNACENI_P":"AOV98","UO":1,"VYKON":137,"UROVEN":"URP","ID_NDOK":null,"NAZEV_NDOK":null,"NAZEV":"Tetětice","ZM_CISLO_P":2,"EUP_KOD_P":22907,"ZAPIS":"ZMZA","JE_AKTUALNI":false,"STAV_VYBERU":"zrusena"},"geometry":{"type":"Polygon","coordinates":[[[17.2292297,49.2814298],[17.2293709,49.2812534],[17.229474,49.2810598],[17.2299846,49.2808839],[17.230013,49.2807729],[17.2302096,49.280706],[17.2302655,49.2806516],[17.231902,49.2800952],[17.2321877,49.279998],[17.2331467,49.2796719],[17.2341847,49.2792261],[17.2343764,49.2792775],[17.2349829,49.279094],[17.2356349,49.2785634],[17.2378424,49.2773107],[17.2400272,49.2760709],[17.2402834,49.2760862],[17.2423139,49.2774646],[17.2422402,49.2776159],[17.2421812,49.2776992],[17.2420886,49.2777685],[17.2417325,49.2779558],[17.2414229,49.2781185],[17.2409719,49.2783778],[17.2409673,49.2784667],[17.2411061,49.2787725],[17.2412671,49.2790161],[17.24144,49.2789927],[17.2433788,49.277984],[17.2433925,49.2779789],[17.2435286,49.2779739],[17.2435953,49.2779823],[17.2438663,49.2780159],[17.2440477,49.278022],[17.2442618,49.2780009],[17.2443549,49.2779918],[17.2444712,49.2779559],[17.2471855,49.2791365],[17.24879,49.2786734],[17.249075,49.2783571],[17.2495286,49.2780311],[17.2543312,49.2766497],[17.2545728,49.276552],[17.2563661,49.2761142],[17.2578404,49.2746187],[17.2582691,49.2743461],[17.2588747,49.2713596],[17.2587475,49.2706624],[17.2589061,49.2703812],[17.2586616,49.2700978],[17.2583749,49.26932],[17.25619,49.2668919],[17.2559296,49.2668686],[17.2557604,49.2668102],[17.2556025,49.2666895],[17.2542196,49.266213],[17.2531783,49.2660401],[17.2529301,49.2661315],[17.2528301,49.2660956],[17.2476041,49.2650264],[17.2473466,49.2651677],[17.2466814,49.2656876],[17.2465679,49.265582],[17.2433748,49.2656273],[17.2402269,49.2675467],[17.2393605,49.2680284],[17.2386631,49.2675903],[17.2382348,49.2676727],[17.2346557,49.2652426],[17.2349868,49.2649734],[17.2340118,49.2641205],[17.23261,49.2621487],[17.2325483,49.262095],[17.2329401,49.2618353],[17.2326006,49.2604757],[17.2327427,49.2579776],[17.2325805,49.2579229],[17.232311,49.2578321],[17.2318064,49.2568776],[17.2317355,49.2562794],[17.2301995,49.2550371],[17.2297987,49.2548696],[17.229392,49.2546998],[17.2292883,49.254608],[17.2292623,49.2542285],[17.2268115,49.2527323],[17.2266969,49.252792],[17.2263352,49.2524008],[17.2264458,49.2522515],[17.2270383,49.2517796],[17.2271985,49.2516378],[17.2273048,49.2514615],[17.2285114,49.2508375],[17.2280245,49.2500302],[17.2279651,49.2493964],[17.2282567,49.2492507],[17.2293222,49.2489839],[17.2319278,49.2480436],[17.2319727,49.2479509],[17.233863,49.2473579],[17.2339839,49.2475986],[17.236035,49.2460287],[17.237198,49.2451576],[17.2382148,49.2438901],[17.2393107,49.2417522],[17.2394066,49.2405657],[17.2403063,49.2392116],[17.2364493,49.2378896],[17.2357761,49.2375434],[17.2340797,49.2369304],[17.23304,49.2369209],[17.231874,49.236944],[17.2317745,49.2369152],[17.2289311,49.2372776],[17.2284391,49.2375085],[17.2271279,49.2382408],[17.2269711,49.2384024],[17.22681,49.2384515],[17.2256462,49.2381708],[17.2250889,49.238018],[17.2240994,49.2377805],[17.222964,49.2375584],[17.2224558,49.2375878],[17.2214121,49.2375649],[17.2209375,49.2375538],[17.2204003,49.2374403],[17.2186547,49.2378415],[17.2179644,49.2378463],[17.2162613,49.2381963],[17.2163215,49.2385522],[17.2163572,49.2387287],[17.2144951,49.2390821],[17.2142102,49.2385908],[17.2115006,49.2385674],[17.2107539,49.2380293],[17.2094859,49.2375227],[17.2085059,49.2372901],[17.2078052,49.2371479],[17.2058583,49.2369005],[17.2054639,49.2352366],[17.2054372,49.2346966],[17.2050466,49.2324273],[17.204466,49.2322693],[17.2046399,49.2314976],[17.2058911,49.2311778],[17.2084619,49.2300828],[17.2087762,49.2307004],[17.2088408,49.2307075],[17.2095268,49.2302337],[17.2097488,49.2300803],[17.211556,49.230587],[17.2122333,49.2307768],[17.2121659,49.2309839],[17.2119897,49.2314867],[17.2122286,49.2320448],[17.2130993,49.2320589],[17.2140336,49.2320999],[17.2151475,49.2320828],[17.215822,49.2320425],[17.2161696,49.232078],[17.2168407,49.2321674],[17.2174411,49.23222],[17.2182457,49.2322893],[17.21872,49.2323301],[17.2200094,49.2325484],[17.2205376,49.2325838],[17.2208853,49.2327859],[17.2215222,49.2327455],[17.2215981,49.2323831],[17.2217042,49.2320487],[17.2218003,49.231802],[17.2219883,49.2315785],[17.2226705,49.2305702],[17.2228074,49.2305863],[17.2234579,49.2305345],[17.2241412,49.2305208],[17.2247785,49.2305081],[17.2251423,49.2304905],[17.2250798,49.2302444],[17.2250505,49.2301288],[17.2251061,49.2299515],[17.2252782,49.2294907],[17.2254649,49.2291418],[17.225599,49.2289144],[17.2256176,49.2288794],[17.2282744,49.229858],[17.2283454,49.2302511],[17.2283359,49.2304516],[17.2283188,49.2306937],[17.2282891,49.2311761],[17.2282767,49.231689],[17.2281648,49.232007],[17.2280038,49.2323505],[17.2277425,49.2328486],[17.2275994,49.2331215],[17.2273661,49.2334832],[17.2270829,49.2339145],[17.2270996,49.2339666],[17.2274934,49.2342182],[17.2277116,49.2343253],[17.2281062,49.2343194],[17.2284787,49.2343138],[17.2286192,49.2342634],[17.2293232,49.2339217],[17.2294842,49.2336879],[17.2300038,49.2327833],[17.2301009,49.2325686],[17.2302814,49.2319606],[17.2303464,49.2316207],[17.2304115,49.2313571],[17.2306319,49.2306248],[17.2307777,49.2306106],[17.2312171,49.2307282],[17.2313081,49.2299929],[17.2320561,49.2299716],[17.2327728,49.2299511],[17.2338315,49.2296483],[17.2344423,49.2295253],[17.2351385,49.2295969],[17.2355517,49.2296414],[17.2356527,49.2296522],[17.2358346,49.2297007],[17.2361035,49.2297726],[17.2365384,49.2299224],[17.2365944,49.2299416],[17.2366773,49.2299937],[17.2368814,49.2301217],[17.2370113,49.2302433],[17.2367544,49.2306698],[17.2375011,49.230874],[17.2374942,49.2311325],[17.2397403,49.2315071],[17.2396372,49.2312991],[17.2398102,49.2309307],[17.2408684,49.2310403],[17.2411638,49.2306284],[17.2412527,49.2304655],[17.2418397,49.2303381],[17.2422213,49.230531],[17.2427633,49.230733],[17.2432692,49.2306545],[17.2433772,49.230635],[17.2437051,49.2305798],[17.2445891,49.2303043],[17.2451525,49.230155],[17.2454467,49.230079],[17.2457129,49.2298741],[17.2464303,49.2294115],[17.2466606,49.2292629],[17.2471275,49.2290784],[17.2474188,49.228933],[17.2477079,49.2288023],[17.2498553,49.2298473],[17.2502993,49.2297936],[17.2503225,49.2299641],[17.2532224,49.2301868],[17.253648,49.2300502],[17.2539768,49.229998],[17.2541702,49.2299749],[17.2564356,49.2308533],[17.2558993,49.2318631],[17.2557881,49.2330454],[17.255592,49.2333526],[17.2560522,49.234],[17.2561401,49.2344069],[17.2569028,49.235246],[17.2576191,49.2362478],[17.2588988,49.2369488],[17.2619441,49.2378794],[17.2631943,49.2382209],[17.2639544,49.2381194],[17.2649994,49.2382651],[17.2651494,49.238101],[17.2660359,49.2379577],[17.2669526,49.237638],[17.2680138,49.2372621],[17.2683731,49.2369423],[17.2690821,49.2368717],[17.2702224,49.2369655],[17.2709565,49.2362893],[17.2718051,49.2360713],[17.2734762,49.2348255],[17.2736165,49.2348755],[17.273655,49.2350943],[17.2737572,49.2356526],[17.2740283,49.2369857],[17.274193,49.2380408],[17.274386,49.2386377],[17.2745577,49.2392721],[17.2746975,49.240014],[17.2744636,49.240116],[17.2743765,49.2401717],[17.2739226,49.2401758],[17.2730837,49.2408283],[17.2722796,49.2411381],[17.2717817,49.2413615],[17.2702127,49.2419861],[17.2695587,49.2422954],[17.2682693,49.2428687],[17.2674377,49.2431354],[17.2646675,49.2444994],[17.2641079,49.2446115],[17.2618164,49.2456873],[17.2585945,49.2471424],[17.2570222,49.2489674],[17.2593169,49.2494826],[17.2597169,49.249731],[17.2603478,49.2510691],[17.2604245,49.2513792],[17.2604179,49.2522104],[17.2610276,49.252551],[17.2612934,49.2537651],[17.2611789,49.2546646],[17.260317,49.2554081],[17.2600012,49.2556747],[17.2598076,49.2557471],[17.2593837,49.2563516],[17.2590125,49.2567162],[17.2582448,49.2573875],[17.2581706,49.2576514],[17.2577862,49.2578043],[17.2571109,49.258593],[17.2567823,49.2592671],[17.2567784,49.2593611],[17.2567632,49.2597508],[17.2571617,49.2602631],[17.2571236,49.2605682],[17.2575859,49.2619693],[17.2577936,49.2621674],[17.2580742,49.2627527],[17.2580864,49.2630782],[17.2585023,49.2652959],[17.2584257,49.2654369],[17.2598854,49.2665567],[17.261126,49.2674386],[17.2618311,49.2677656],[17.2643044,49.2682559],[17.2654318,49.2681913],[17.26622,49.268172],[17.2670669,49.2681041],[17.2689709,49.2675065],[17.2691678,49.2674729],[17.2699019,49.2670206],[17.270077,49.267015],[17.270334,49.2670068],[17.2703695,49.2672513],[17.2702741,49.2675568],[17.2701132,49.2684384],[17.2700609,49.2685398],[17.2696215,49.2693752],[17.2689233,49.2702776],[17.2685215,49.2706998],[17.2679635,49.271221],[17.2675215,49.2715895],[17.2668422,49.2722469],[17.2668937,49.2723373],[17.2663589,49.2727393],[17.2660563,49.2738703],[17.2660931,49.2739294],[17.2663573,49.2741285],[17.266448,49.2741972],[17.2671638,49.2747179],[17.2675446,49.2751978],[17.2681034,49.2755008],[17.2678384,49.2760868],[17.267678,49.2765704],[17.2676336,49.2767046],[17.2677343,49.2767547],[17.268317,49.2767693],[17.268532,49.2767483],[17.2688086,49.2767214],[17.2689913,49.2767035],[17.2690732,49.2766995],[17.2695434,49.278274],[17.2706761,49.2790908],[17.271158,49.2793087],[17.2716838,49.279143],[17.2724175,49.2789539],[17.27347,49.2787995],[17.2741999,49.2793113],[17.2746772,49.2796453],[17.2749728,49.2798715],[17.2752319,49.2800698],[17.2756421,49.2803499],[17.2738666,49.2811499],[17.2727809,49.2820678],[17.2719126,49.2830803],[17.2701404,49.2846631],[17.2703573,49.2847622],[17.2704259,49.2848106],[17.2707553,49.2850428],[17.2707385,49.2850838],[17.2707022,49.2851156],[17.2706213,49.2851362],[17.2704684,49.2851751],[17.2701511,49.2852841],[17.2673902,49.2863098],[17.2673015,49.2864077],[17.2661344,49.2866346],[17.2660868,49.2866165],[17.2643159,49.2862159],[17.2613729,49.285413],[17.2593573,49.2849335],[17.2558971,49.283354],[17.2544352,49.2820545],[17.2538966,49.2822131],[17.2509521,49.2830911],[17.2458317,49.2835413],[17.2400774,49.2837965],[17.2367979,49.2841749],[17.2366165,49.2842073],[17.2311934,49.284222],[17.229503,49.285128],[17.2290697,49.2852799],[17.2285194,49.2854628],[17.2263419,49.2861741],[17.2261316,49.2862839],[17.2252658,49.2870104],[17.223701,49.2884116],[17.2224026,49.2905492],[17.2198718,49.29193],[17.2211732,49.2938201],[17.2208261,49.2938345],[17.2197252,49.2955096],[17.2192303,49.2956538],[17.2182162,49.2958618],[17.2159528,49.2952919],[17.2133771,49.2952877],[17.2112363,49.2937775],[17.2108468,49.2937688],[17.2102792,49.2937535],[17.2097836,49.2937401],[17.2089639,49.2935946],[17.2090604,49.2925664],[17.2095184,49.291549],[17.2106593,49.2904977],[17.2110183,49.289043],[17.2116456,49.2882416],[17.2119369,49.2882222],[17.2146318,49.2859181],[17.2148484,49.285689],[17.2175103,49.284389],[17.2199062,49.2835391],[17.2219758,49.2833664],[17.2245901,49.2826163],[17.2246032,49.282659],[17.2249276,49.2826366],[17.2251234,49.2828804],[17.2252962,49.2829348],[17.2254897,49.2829904],[17.2256672,49.2830188],[17.2257824,49.2830286],[17.2258594,49.2830177],[17.2259184,49.2829972],[17.2260109,49.2829291],[17.226092,49.2828049],[17.2261799,49.2826345],[17.2261999,49.2825858],[17.2262681,49.2824008],[17.2263419,49.2824928],[17.2264241,49.282595],[17.2264693,49.2824565],[17.2265214,49.2823502],[17.2265278,49.2823373],[17.2272871,49.2823313],[17.2284365,49.2818066],[17.2284646,49.2818105],[17.2286029,49.281825],[17.2286855,49.2818204],[17.2287718,49.2818063],[17.2288506,49.2817806],[17.2289573,49.2817257],[17.229031,49.2816829],[17.2291255,49.2815844],[17.2292006,49.2814705],[17.2292201,49.2814409],[17.2292297,49.2814298]]]}},{"type":"Feature","properties":{"SKNAZEV":"oblast a osa","OBTYPNAZEV":"AKC","DRUH_O_AKC":"AOV","ID_LOKAL":99,"OZNACENI_P":"AOV99","UO":1,"VYKON":39,"UROVEN":"URP","ID_NDOK":null,"NAZEV_NDOK":null,"NAZEV":"Podkovné","ZM_CISLO_P":2,"EUP_KOD_P":22907,"ZAPIS":"ZMZA","JE_AKTUALNI":false,"STAV_VYBERU":"zrusena"},"geometry":{"type":"Polygon","coordinates":[[[17.000977,48.8461646],[16.9981471,48.8494658],[16.9982515,48.849452],[16.9982974,48.8494825],[16.9993703,48.8503825],[16.9995123,48.8505942],[17.0004741,48.8514062],[17.000394,48.8514599],[17.0003185,48.8515129],[17.0002703,48.8515492],[17.0002572,48.8515373],[17.0001988,48.8515845],[17.000087,48.8516618],[16.9999593,48.8517467],[16.9998482,48.8518317],[16.9996314,48.8520381],[16.9995127,48.8521229],[16.99936,48.8522478],[16.9992538,48.8523348],[16.9990441,48.852503],[16.9989249,48.8525989],[16.9987614,48.8527342],[16.9986872,48.8527895],[16.9983298,48.8529687],[16.9982218,48.8530433],[16.9980716,48.8531367],[16.9980157,48.8531731],[16.9977929,48.853321],[16.9977247,48.8533662],[16.9976695,48.8534112],[16.9976039,48.8534646],[16.9975094,48.85355],[16.9970257,48.8536759],[16.9967838,48.854245],[16.9967568,48.854275],[16.9967067,48.8543307],[16.9966268,48.8543975],[16.996594,48.8544332],[16.9965159,48.8545177],[16.9964979,48.8545371],[16.9964402,48.8545983],[16.9964061,48.8546342],[16.9964043,48.8546378],[16.9963323,48.8547841],[16.9961771,48.8550544],[16.9960745,48.8552213],[16.9960276,48.8552809],[16.9958564,48.8554994],[16.9957408,48.855707],[16.9956525,48.8558707],[16.9956206,48.8559277],[16.995558,48.8560396],[16.9955497,48.8560544],[16.9954907,48.8561508],[16.9954563,48.8562069],[16.9954173,48.856261],[16.9953507,48.8563534],[16.9953077,48.856413],[16.9952899,48.8564311],[16.995021,48.8567059],[16.9947644,48.8569763],[16.9946418,48.8570711],[16.9944802,48.8571793],[16.9943242,48.8572743],[16.9942458,48.8573192],[16.9927624,48.8578083],[16.9925966,48.8578743],[16.991554,48.8581463],[16.9904574,48.8584944],[16.9887732,48.8589214],[16.9885236,48.8589997],[16.9879037,48.8591991],[16.9871894,48.8595095],[16.9865282,48.8595801],[16.9862161,48.8596681],[16.9857482,48.8597836],[16.9849283,48.8600811],[16.9847926,48.8601178],[16.9844364,48.8603273],[16.9843271,48.8600606],[16.9843851,48.860597],[16.9846655,48.8607168],[16.9849052,48.861114],[16.9862004,48.8622239],[16.9862384,48.8622539],[16.9874116,48.863161],[16.9876599,48.8632975],[16.9876819,48.8633184],[16.9877029,48.8633412],[16.9877375,48.8633788],[16.9877496,48.8633921],[16.9877782,48.8634217],[16.9881939,48.8638121],[16.9888331,48.8643969],[16.9889876,48.8645511],[16.989307,48.8649092],[16.9895278,48.8651595],[16.9899292,48.8655652],[16.9904298,48.8661521],[16.9917809,48.8670398],[16.9918318,48.8670982],[16.9890395,48.8677074],[16.9888757,48.8678194],[16.9888522,48.8677857],[16.986249,48.8679954],[16.9860704,48.8681253],[16.9858502,48.8682342],[16.9846714,48.8683498],[16.984123,48.8683608],[16.9837007,48.8683623],[16.9836525,48.8685978],[16.9825299,48.8688469],[16.98215,48.8689776],[16.9819703,48.8690057],[16.9815855,48.8690128],[16.9802143,48.8707858],[16.9799735,48.8708754],[16.9794832,48.8710579],[16.9792779,48.8711369],[16.9768972,48.8706641],[16.9767393,48.8707176],[16.9740025,48.868774],[16.9737237,48.8687637],[16.9716911,48.8669956],[16.9712222,48.86693],[16.9709984,48.8669105],[16.9707635,48.8668899],[16.9703466,48.8668854],[16.9703157,48.8668564],[16.968918,48.8653256],[16.9688886,48.8652931],[16.9688258,48.8652241],[16.9687943,48.8646959],[16.9670783,48.8631334],[16.9667183,48.8630217],[16.9667055,48.8630188],[16.9666785,48.8630017],[16.9649851,48.86203],[16.9645459,48.8617741],[16.964075,48.8614937],[16.9636719,48.8612528],[16.9607379,48.8608128],[16.9608684,48.8606842],[16.9609948,48.8605582],[16.9619272,48.8596343],[16.9620666,48.859527],[16.9622168,48.8594114],[16.9625086,48.8591872],[16.962657,48.8590709],[16.9636605,48.8582842],[16.9659135,48.856535],[16.9659761,48.8562051],[16.9665063,48.8560577],[16.9665337,48.8560278],[16.967398,48.8564643],[16.9686275,48.8555295],[16.9695636,48.8535528],[16.9711583,48.8523568],[16.9718731,48.8515785],[16.9721435,48.8512894],[16.9724957,48.8508866],[16.9725719,48.8507998],[16.972626,48.850834],[16.9747088,48.8507015],[16.9767053,48.8505682],[16.9783225,48.8506324],[16.9787147,48.8504437],[16.9789076,48.8504474],[16.9821941,48.8502953],[16.983057,48.8501953],[16.983331,48.8502012],[16.9835343,48.8502812],[16.9849943,48.8500007],[16.9852006,48.8489998],[16.9855988,48.8483353],[16.9856492,48.8482826],[16.986056,48.8480302],[16.9859547,48.8479861],[16.9868416,48.8477816],[16.9878439,48.8477238],[16.9887687,48.8479656],[16.9903339,48.8473647],[16.9906522,48.8473324],[16.9908509,48.847418],[16.9933499,48.8457567],[16.9946424,48.8443969],[16.9945278,48.842816],[16.9956901,48.8432971],[16.9964686,48.843617],[16.9978238,48.8442056],[16.9987927,48.8446239],[16.9990335,48.8447278],[16.9991075,48.8447297],[16.9997459,48.8449484],[17.0012682,48.8456645],[17.0010579,48.8459682],[17.000977,48.8461646]]]}},{"type":"Feature","properties":{"SKNAZEV":"oblast a osa","OBTYPNAZEV":"AKC","DRUH_O_AKC":"AOV","ID_LOKAL":94,"OZNACENI_P":"AOV94","UO":1,"VYKON":35,"UROVEN":"URP","ID_NDOK":null,"NAZEV_NDOK":null,"NAZEV":"Moštěnice","ZM_CISLO_P":2,"EUP_KOD_P":22907,"ZAPIS":"ZMZA","JE_AKTUALNI":false,"STAV_VYBERU":"zrusena"},"geometry":{"type":"Polygon","coordinates":[[[17.1825994,49.0520713],[17.1820806,49.0528366],[17.1820128,49.0528816],[17.1819595,49.0528705],[17.1819389,49.0528662],[17.1818724,49.0528653],[17.1817774,49.0528123],[17.1817256,49.0527537],[17.1815346,49.0529155],[17.1809838,49.0533718],[17.1806032,49.0536793],[17.1798911,49.0542448],[17.1798622,49.0542649],[17.1795859,49.0544564],[17.1780735,49.0537781],[17.1770718,49.0535747],[17.1760386,49.0533301],[17.1749505,49.053457],[17.1747125,49.0534107],[17.1719773,49.0533831],[17.170801,49.0536542],[17.1693548,49.0537781],[17.1681363,49.0545181],[17.167742,49.0547748],[17.166032,49.0538676],[17.166209,49.0533936],[17.1658723,49.0511386],[17.1648053,49.0496417],[17.1653566,49.0495694],[17.1657083,49.0495222],[17.166496,49.0494188],[17.1667955,49.0493778],[17.167101,49.0494896],[17.1674246,49.0495051],[17.1674039,49.049534],[17.1692622,49.0497701],[17.1692773,49.04973],[17.1696211,49.049764],[17.1698903,49.0497668],[17.1710185,49.0498959],[17.1736212,49.0503402],[17.177672,49.0496733],[17.1780682,49.0493226],[17.1781699,49.049341],[17.1810518,49.0490723],[17.1811322,49.0489675],[17.1822415,49.0455086],[17.1811124,49.045187],[17.1809556,49.0446392],[17.1806282,49.0436572],[17.1805877,49.0432862],[17.1805958,49.0431641],[17.1805643,49.0431161],[17.1804844,49.0430178],[17.1802514,49.0427905],[17.1798564,49.0423674],[17.1799797,49.042059],[17.1800379,49.0419071],[17.1800498,49.0418931],[17.1810821,49.0407752],[17.1810326,49.038705],[17.1807376,49.0383527],[17.180819,49.0383073],[17.1831204,49.036158],[17.1831843,49.0361494],[17.1846657,49.0353015],[17.1860276,49.0339425],[17.1890198,49.0323585],[17.1887703,49.030154],[17.188719,49.0295363],[17.1893485,49.028204],[17.1892294,49.0281504],[17.1903673,49.0281137],[17.1905684,49.0280946],[17.1907478,49.0280852],[17.1914196,49.0281269],[17.1947307,49.0292842],[17.1946998,49.0293517],[17.1948806,49.0302278],[17.1950356,49.0309951],[17.1950674,49.0318629],[17.1951614,49.0328662],[17.1955611,49.0340378],[17.1960028,49.0341121],[17.196284,49.0341648],[17.1964445,49.0341956],[17.1965883,49.0342271],[17.1967579,49.0343438],[17.1950046,49.0367048],[17.1953192,49.0371688],[17.1962894,49.0374718],[17.1967148,49.0375268],[17.1963778,49.037985],[17.1960583,49.0384194],[17.1976148,49.0392396],[17.1982929,49.0402579],[17.2002786,49.0410269],[17.2004571,49.0411303],[17.2014897,49.0438605],[17.2014677,49.043947],[17.2014421,49.044028],[17.2013971,49.0441319],[17.2036647,49.0447384],[17.2045971,49.0447513],[17.204203,49.0458629],[17.2040706,49.0458984],[17.2038577,49.0459948],[17.2033327,49.046136],[17.2032608,49.0461694],[17.2021135,49.0467023],[17.2033872,49.0486007],[17.2035296,49.0488498],[17.2034112,49.049321],[17.2043683,49.0508328],[17.2047613,49.0513211],[17.2061232,49.0524461],[17.206463,49.0525128],[17.2068738,49.0527268],[17.2067407,49.0528756],[17.2058932,49.053674],[17.2052902,49.0541319],[17.2044741,49.0564652],[17.2044563,49.0565017],[17.2044068,49.0577102],[17.2042601,49.0577739],[17.2035091,49.0577649],[17.2012287,49.0573338],[17.1981931,49.0568765],[17.1981594,49.0568659],[17.1981335,49.0554154],[17.1985228,49.0551285],[17.1984171,49.0543463],[17.1985432,49.0542952],[17.1987427,49.0544158],[17.1982043,49.052943],[17.1979729,49.0524016],[17.1975674,49.0518681],[17.1975361,49.0518074],[17.1974941,49.0517103],[17.1962205,49.050497],[17.1946098,49.0499268],[17.1942832,49.0497411],[17.1914118,49.0494049],[17.189289,49.0495557],[17.1863692,49.0501825],[17.1864386,49.0507999],[17.183243,49.0515811],[17.1827968,49.0519274],[17.1825994,49.0520713]]]}},{"type":"Feature","properties":{"SKNAZEV":"oblast a osa","OBTYPNAZEV":"AKC","DRUH_O_AKC":"AOV","ID_LOKAL":87,"OZNACENI_P":"AOV87","UO":1,"VYKON":53,"UROVEN":"URP","ID_NDOK":null,"NAZEV_NDOK":null,"NAZEV":"Machnatec","ZM_CISLO_P":2,"EUP_KOD_P":22907,"ZAPIS":"ZMZA","JE_AKTUALNI":false,"STAV_VYBERU":"zrusena"},"geometry":{"type":"Polygon","coordinates":[[[14.3039673,48.655655],[14.3040023,48.6554149],[14.3038534,48.6550955],[14.3030195,48.6513037],[14.3022899,48.6509583],[14.3013002,48.6507267],[14.3005448,48.6502457],[14.3006045,48.6498155],[14.3008316,48.6490904],[14.3026555,48.6481072],[14.3080576,48.6481293],[14.3082936,48.6479276],[14.3085161,48.6477149],[14.3085611,48.6476791],[14.3085657,48.6476475],[14.3096602,48.6475289],[14.3097935,48.6475152],[14.3114471,48.6476099],[14.3127285,48.6477369],[14.3144454,48.6471685],[14.3147077,48.6471705],[14.3149133,48.6470963],[14.3162236,48.6469284],[14.3163846,48.6468221],[14.316558,48.64677],[14.3172062,48.6466607],[14.3215507,48.6465171],[14.3232947,48.6476459],[14.3236736,48.648008],[14.3238127,48.6483056],[14.323834,48.6484388],[14.3239423,48.6486543],[14.3241043,48.6488408],[14.3243063,48.6489974],[14.3244893,48.6492493],[14.3261004,48.6520893],[14.3258892,48.6520594],[14.3256778,48.6521346],[14.3254876,48.6537043],[14.3255311,48.6566405],[14.3257632,48.6575675],[14.326571,48.6577554],[14.3264131,48.6592278],[14.3266705,48.6609888],[14.3263083,48.6612881],[14.328132,48.6643745],[14.3283328,48.6644415],[14.327899,48.6662464],[14.3286669,48.6662547],[14.3289907,48.6662193],[14.3295019,48.666024],[14.332326,48.6694771],[14.3324404,48.6696634],[14.3311484,48.6697055],[14.3299064,48.6698332],[14.3293991,48.6700639],[14.3281493,48.6703991],[14.3279778,48.6705852],[14.3270334,48.670752],[14.3256486,48.6719099],[14.3257929,48.6721414],[14.3254196,48.6725116],[14.3250554,48.6726678],[14.3248597,48.6738745],[14.3248186,48.6741831],[14.3248283,48.6748405],[14.3238149,48.6754576],[14.3253303,48.6763328],[14.3253715,48.6768468],[14.3249534,48.6779343],[14.3271146,48.6779193],[14.327356,48.6791653],[14.3261009,48.6797446],[14.3238343,48.6807569],[14.3237528,48.6808401],[14.3232131,48.6810543],[14.3218631,48.6813344],[14.321107,48.681499],[14.3208296,48.6816928],[14.3207137,48.6816627],[14.3205941,48.6817377],[14.318033,48.6822575],[14.3177078,48.6819032],[14.3177876,48.6805004],[14.3176673,48.6802793],[14.317499,48.6797574],[14.3173631,48.6794009],[14.3170932,48.6793353],[14.3170505,48.6792803],[14.3163777,48.6785679],[14.3163276,48.6784855],[14.316317,48.6784024],[14.3158786,48.6781461],[14.3157476,48.6779548],[14.317128,48.6769323],[14.317285,48.6768036],[14.3175859,48.6764213],[14.3186966,48.6752321],[14.3186435,48.6750161],[14.3187214,48.674962],[14.3189775,48.6745613],[14.3192116,48.6726729],[14.3188028,48.6717645],[14.3183358,48.6716578],[14.3182889,48.6715396],[14.3179295,48.6708329],[14.3157515,48.6695484],[14.3141374,48.6690171],[14.3157003,48.6682412],[14.3185831,48.6676273],[14.3193027,48.6674396],[14.3195013,48.6669837],[14.319411,48.6665533],[14.3197589,48.6665568],[14.3215877,48.663702],[14.3219246,48.6625839],[14.3211543,48.6592485],[14.3186751,48.6588442],[14.317666,48.6585954],[14.3167249,48.6590956],[14.316742,48.6589949],[14.3153614,48.6586357],[14.3140057,48.6583841],[14.3134792,48.6583868],[14.3101293,48.6590506],[14.3097623,48.6592992],[14.3094176,48.6594476],[14.3091981,48.659545],[14.308623,48.659573],[14.3072144,48.6613993],[14.3072001,48.6614455],[14.3070089,48.6617486],[14.3067282,48.6621579],[14.3065742,48.6623443],[14.30635,48.6625773],[14.3064769,48.6628132],[14.3066304,48.6632001],[14.306693,48.6634155],[14.3066461,48.663576],[14.3065342,48.6636584],[14.307048,48.6648159],[14.3072256,48.6654423],[14.3081489,48.6662885],[14.309387,48.6670677],[14.3092698,48.6671927],[14.3090594,48.6672576],[14.3088318,48.6673856],[14.3087936,48.66746],[14.3088272,48.6677077],[14.3078795,48.6682095],[14.3062945,48.6683719],[14.3059203,48.6683072],[14.3057775,48.6681723],[14.3056582,48.6680603],[14.3056086,48.6680276],[14.3055624,48.668006],[14.3055108,48.6679866],[14.3054405,48.6679727],[14.3053578,48.6679646],[14.3052617,48.6679613],[14.3049672,48.6678072],[14.3049257,48.6677189],[14.3012251,48.6674601],[14.2999713,48.6671831],[14.2971833,48.6679143],[14.2964483,48.6683493],[14.294838,48.6684197],[14.294006,48.6680941],[14.2926569,48.6673185],[14.2908106,48.6668607],[14.2906718,48.6668247],[14.2892841,48.6667022],[14.2875892,48.6669593],[14.285252,48.667358],[14.2842878,48.6671529],[14.2841485,48.6671875],[14.2838484,48.6670988],[14.2838952,48.666677],[14.2835571,48.6659812],[14.2830229,48.6645532],[14.2812899,48.6637919],[14.2803346,48.663165],[14.2800975,48.6629802],[14.2795909,48.6619426],[14.2802433,48.6605987],[14.2829441,48.6595761],[14.2830978,48.659404],[14.2839006,48.6593167],[14.2838526,48.6598724],[14.2876201,48.6606535],[14.2886852,48.6606147],[14.2898305,48.6584396],[14.2905854,48.6585206],[14.291113,48.6585187],[14.291879,48.6584168],[14.2922452,48.6583615],[14.2964365,48.6590261],[14.298532,48.658669],[14.3006969,48.6580749],[14.3027684,48.6564476],[14.3026304,48.6561214],[14.3035262,48.6557015],[14.3035655,48.655877],[14.3036253,48.6559572],[14.303837,48.6571504],[14.3037628,48.6574117],[14.3037754,48.6574648],[14.3037656,48.657571],[14.3039565,48.6576936],[14.3039563,48.6577425],[14.3040028,48.6578672],[14.3038789,48.6579649],[14.3038768,48.6581583],[14.3037156,48.6583256],[14.3037567,48.6583751],[14.3038082,48.658591],[14.3036863,48.6587044],[14.3043074,48.658597],[14.3042659,48.6583489],[14.3043335,48.6581339],[14.3043686,48.6579591],[14.3043994,48.6577418],[14.3044193,48.657665],[14.3044452,48.6575961],[14.3045398,48.6574356],[14.3039673,48.655655]]]}},{"type":"Feature","properties":{"SKNAZEV":"oblast a osa","OBTYPNAZEV":"AKC","DRUH_O_AKC":"AOV","ID_LOKAL":101,"OZNACENI_P":"AOV101","UO":1,"VYKON":95,"UROVEN":"URP","ID_NDOK":null,"NAZEV_NDOK":null,"NAZEV":"Hraničné Petrovice","ZM_CISLO_P":2,"EUP_KOD_P":22907,"ZAPIS":"ZMZA","JE_AKTUALNI":true,"STAV_VYBERU":"ponechana"},"geometry":{"type":"Polygon","coordinates":[[[17.40419,49.733827],[17.403661,49.7336074],[17.4035078,49.7335609],[17.4034497,49.7335324],[17.4033584,49.7334612],[17.4031586,49.7332968],[17.4030259,49.7331694],[17.4029146,49.7330844],[17.4028458,49.733012],[17.4027037,49.7329055],[17.4025127,49.7328137],[17.4022761,49.7327572],[17.4018682,49.7325866],[17.4017056,49.7325038],[17.4015196,49.7324025],[17.4013104,49.7322996],[17.4012174,49.7322637],[17.4011544,49.7322422],[17.4009033,49.7321919],[17.4008538,49.7321838],[17.4007548,49.7321796],[17.4006188,49.7321528],[17.4005202,49.7321268],[17.4002102,49.7320562],[17.4000924,49.7320237],[17.3998052,49.7319169],[17.3996393,49.7318661],[17.3994763,49.7318231],[17.3993155,49.7317879],[17.3991522,49.7317515],[17.3990836,49.7317254],[17.3990056,49.7316867],[17.3988332,49.7316447],[17.3985532,49.731554],[17.3983398,49.7315014],[17.3981493,49.7314522],[17.3978442,49.7313625],[17.397586,49.7312675],[17.397387,49.7312182],[17.3972432,49.7311748],[17.3970198,49.7311321],[17.3961596,49.7328187],[17.3957279,49.7325397],[17.3956564,49.7324953],[17.393624,49.7320004],[17.39338,49.7319926],[17.3933405,49.732015],[17.3934773,49.732895],[17.3932798,49.7333473],[17.3932001,49.7334104],[17.3929613,49.7334263],[17.3923996,49.7335807],[17.3921105,49.7337246],[17.3919091,49.7336692],[17.3916512,49.7336834],[17.3912588,49.7338684],[17.3907942,49.7339515],[17.3906539,49.73401],[17.3906425,49.7340774],[17.3900962,49.7342925],[17.3895229,49.7345175],[17.3894481,49.7345304],[17.3892043,49.7345025],[17.3886649,49.734431],[17.3886489,49.7345736],[17.3885964,49.7347029],[17.3883302,49.7351706],[17.3882705,49.7353199],[17.3880774,49.7357577],[17.3878242,49.7363009],[17.3877811,49.7364321],[17.3877514,49.7367148],[17.3877475,49.7367706],[17.3877221,49.7372279],[17.3869551,49.7372626],[17.3872775,49.7378193],[17.3872929,49.7379398],[17.3873522,49.738319],[17.3870716,49.7383272],[17.3869571,49.738336],[17.3869795,49.7383698],[17.3869362,49.7386112],[17.3867064,49.7385722],[17.3864808,49.7386229],[17.3861926,49.7387504],[17.3861518,49.7387697],[17.3860322,49.7387339],[17.3855406,49.7387269],[17.3855115,49.738822],[17.3856577,49.738875],[17.3858179,49.7388489],[17.385982,49.738913],[17.3857353,49.739146],[17.3861732,49.7394351],[17.3861559,49.7394897],[17.3861541,49.7395237],[17.3861431,49.739561],[17.3863621,49.7396547],[17.3865925,49.7397186],[17.386809,49.7398343],[17.387252,49.7399436],[17.3873202,49.7400179],[17.3880066,49.7403646],[17.3885722,49.7406746],[17.3886896,49.7405852],[17.3896516,49.7416688],[17.3947418,49.7432314],[17.3953676,49.7437598],[17.3954063,49.7437721],[17.3983052,49.7451928],[17.4021741,49.7461193],[17.402152,49.7463358],[17.4021783,49.746769],[17.4022426,49.747083],[17.4024518,49.7483587],[17.4025182,49.749297],[17.4023981,49.7496799],[17.4021692,49.7502552],[17.4020411,49.750465],[17.4020281,49.7504705],[17.4011815,49.7508343],[17.4009655,49.7509604],[17.4009552,49.7511801],[17.4009901,49.7517089],[17.4010407,49.7522116],[17.4011304,49.753001],[17.4011199,49.753308],[17.4008359,49.7545473],[17.4007999,49.7549752],[17.4007832,49.7555846],[17.4007499,49.7555863],[17.4007417,49.7559172],[17.4007611,49.7563854],[17.4006263,49.7570581],[17.4008547,49.7572056],[17.4009661,49.7572674],[17.4010929,49.7573282],[17.4013634,49.7574696],[17.4016041,49.7576286],[17.4015919,49.7595916],[17.4016801,49.7596727],[17.4021623,49.7613495],[17.4021346,49.7614039],[17.4021261,49.7615012],[17.4021256,49.7616166],[17.4021172,49.7616894],[17.4021032,49.7617829],[17.4021121,49.7618936],[17.4020999,49.7619573],[17.4020757,49.7620538],[17.402077,49.7621091],[17.4020904,49.7621395],[17.4021141,49.7621963],[17.4021398,49.762336],[17.4021425,49.7625016],[17.4021617,49.7626159],[17.4021814,49.762756],[17.4021816,49.7629533],[17.4021847,49.7631488],[17.4021686,49.7633137],[17.4021694,49.7634653],[17.402188,49.7635531],[17.4022078,49.7637641],[17.4022602,49.7639508],[17.402306,49.764108],[17.4023814,49.7642149],[17.402411,49.7642902],[17.4024438,49.7643655],[17.4024866,49.7644241],[17.4025697,49.7644813],[17.4026854,49.7645835],[17.4027324,49.7646209],[17.4029142,49.7647635],[17.4029936,49.7648135],[17.4031323,49.7648809],[17.4032397,49.764913],[17.4033393,49.7649651],[17.4034564,49.7650206],[17.4035503,49.7650679],[17.403602,49.7651211],[17.4036318,49.7651441],[17.4036533,49.7651394],[17.4036608,49.7651398],[17.4037335,49.7651436],[17.4026444,49.7661211],[17.4007528,49.7678554],[17.4004395,49.7681499],[17.4003677,49.7682172],[17.4001508,49.7684114],[17.3998032,49.768717],[17.3996387,49.7688641],[17.3990839,49.76936],[17.3983417,49.7700212],[17.3972542,49.771009],[17.3970531,49.7711923],[17.3968563,49.7713709],[17.3962665,49.7719083],[17.3957927,49.7723463],[17.3955972,49.7725217],[17.3949278,49.773122],[17.3935855,49.7742862],[17.3924724,49.775294],[17.391482,49.7762137],[17.3914637,49.7762106],[17.3914006,49.7762002],[17.3913288,49.7761884],[17.3902441,49.7759957],[17.3896728,49.7758565],[17.3891652,49.7757002],[17.3883125,49.7754316],[17.387344,49.7751095],[17.3869672,49.7749597],[17.3865991,49.7747984],[17.3860238,49.7745093],[17.3857944,49.7743735],[17.3856629,49.7742032],[17.3871173,49.7734664],[17.3861785,49.7728821],[17.3848487,49.7720938],[17.3839971,49.7714874],[17.3839287,49.7714323],[17.3841289,49.7713653],[17.3841312,49.771364],[17.3840079,49.7712637],[17.3838145,49.7711066],[17.3834303,49.7707944],[17.3834369,49.7707919],[17.3834808,49.770805],[17.3834967,49.7707968],[17.3834907,49.7707829],[17.3834831,49.7707728],[17.3834995,49.7707363],[17.383499,49.7707006],[17.3835215,49.7706627],[17.3835161,49.7705952],[17.383485,49.7705175],[17.3833674,49.7702473],[17.3833205,49.7701073],[17.3832846,49.7700133],[17.383192,49.7698221],[17.3831385,49.76971],[17.3831111,49.7695944],[17.3831102,49.7695472],[17.3831359,49.7694739],[17.3832373,49.7692722],[17.3833166,49.7691716],[17.3833724,49.769094],[17.3834161,49.7690636],[17.3835635,49.7689907],[17.3837083,49.7688645],[17.3837446,49.7688499],[17.3838697,49.768824],[17.3839946,49.7688058],[17.3843044,49.7687789],[17.3843965,49.7687697],[17.3850017,49.7686936],[17.3852075,49.7686802],[17.3853876,49.7686642],[17.3856823,49.7686277],[17.3859858,49.7685861],[17.3861471,49.7685773],[17.3864395,49.7685795],[17.3866351,49.7685841],[17.3868642,49.7685818],[17.3871991,49.768596],[17.3873046,49.7685988],[17.3874704,49.7685895],[17.3875271,49.7685754],[17.3877187,49.7685005],[17.3878277,49.7684715],[17.3879298,49.7684577],[17.3879435,49.7684559],[17.3882915,49.7684262],[17.3884853,49.768405],[17.3886062,49.7683869],[17.3886362,49.7683722],[17.3886759,49.7683383],[17.3887037,49.7683334],[17.3892548,49.76867],[17.3897507,49.7668362],[17.3905285,49.76657],[17.3907089,49.7665104],[17.3910525,49.7665349],[17.3915835,49.7655211],[17.3907035,49.7643488],[17.3910102,49.7639392],[17.3908914,49.7637419],[17.3906868,49.7636574],[17.390872,49.7632495],[17.3904527,49.7631409],[17.3904504,49.7628961],[17.3902334,49.7625481],[17.3906176,49.7616206],[17.3904387,49.7614498],[17.3903248,49.761375],[17.3901982,49.7613561],[17.3901637,49.76104],[17.3900287,49.7610507],[17.3897582,49.760952],[17.3893311,49.7609527],[17.3891822,49.7609089],[17.3891112,49.7609376],[17.3889691,49.7609176],[17.3888375,49.7609291],[17.3886126,49.7608845],[17.3883093,49.76091],[17.3880917,49.7607775],[17.3881154,49.7604641],[17.3882139,49.7602413],[17.3882029,49.760057],[17.388157,49.7599484],[17.3879769,49.7598959],[17.3879611,49.7598178],[17.387897,49.7596734],[17.3878345,49.7596533],[17.3878362,49.759611],[17.3877704,49.7595211],[17.3876619,49.7594086],[17.3874424,49.7592644],[17.3873457,49.7590318],[17.3873056,49.7586358],[17.3873114,49.7584437],[17.3872717,49.7581278],[17.387168,49.7579049],[17.3855218,49.7551868],[17.384553,49.7535872],[17.3842841,49.7531531],[17.3828925,49.7511769],[17.3822494,49.7499995],[17.3818012,49.7490792],[17.3808041,49.7476583],[17.380155,49.7470551],[17.3800504,49.746923],[17.3799835,49.7467246],[17.3799514,49.7465391],[17.3800498,49.7463762],[17.3801605,49.7462548],[17.3805757,49.7460391],[17.3807788,49.7459177],[17.3808521,49.7458578],[17.3809307,49.7457643],[17.3809936,49.7453171],[17.3809942,49.7452215],[17.3809525,49.7450396],[17.3808575,49.7449051],[17.3807548,49.7447911],[17.3804722,49.7445252],[17.3802483,49.7443287],[17.3799925,49.7438353],[17.3798655,49.7434219],[17.3798478,49.7432215],[17.3799116,49.7428274],[17.3800176,49.742626],[17.3801585,49.7424258],[17.3806758,49.7420523],[17.3810503,49.7417713],[17.3816655,49.7414212],[17.3818557,49.7412559],[17.3820245,49.7410245],[17.3820283,49.7409383],[17.3819383,49.7407061],[17.3818066,49.7405206],[17.3809486,49.7396653],[17.3804684,49.7391446],[17.3803243,49.7390051],[17.3800274,49.738828],[17.3795556,49.7386184],[17.3773615,49.7378433],[17.3772425,49.737769],[17.3769176,49.7374732],[17.3766983,49.7371593],[17.3765061,49.7367972],[17.3763776,49.7361915],[17.3763143,49.7361797],[17.376575,49.7359817],[17.3766057,49.7359576],[17.3769332,49.7356983],[17.3770872,49.7355536],[17.3771421,49.7354475],[17.3770537,49.7351493],[17.3770484,49.7349517],[17.3769899,49.7347752],[17.3769202,49.7346607],[17.3766742,49.7342571],[17.376539,49.7341197],[17.3762732,49.7339213],[17.3758062,49.7337209],[17.375173,49.7334269],[17.3747867,49.7332914],[17.374378,49.7331108],[17.3742099,49.7330257],[17.3741429,49.7329868],[17.3740806,49.7328029],[17.3741545,49.7326175],[17.3743762,49.7324608],[17.3745561,49.7323089],[17.3751531,49.7320859],[17.3758844,49.7317664],[17.3762126,49.7316728],[17.3767015,49.7315031],[17.3767941,49.7314215],[17.3769468,49.7312379],[17.37717,49.7309889],[17.3773006,49.7309152],[17.3775599,49.7307316],[17.3777914,49.730406],[17.3770777,49.7300073],[17.3765132,49.729524],[17.3752663,49.7284766],[17.3738951,49.7277511],[17.3736142,49.7279051],[17.3733698,49.728104],[17.3730609,49.7282763],[17.3730323,49.7282465],[17.372862,49.7282579],[17.3725095,49.7276998],[17.3724533,49.7274423],[17.3723732,49.7271653],[17.3723783,49.7270219],[17.3723484,49.7268744],[17.3722236,49.7266941],[17.3725581,49.7266911],[17.3726445,49.7266615],[17.37288,49.7266321],[17.373115,49.7265566],[17.3732903,49.7264699],[17.3734717,49.7264412],[17.3741708,49.7253232],[17.3740235,49.7252139],[17.3737475,49.7252072],[17.3734643,49.7249768],[17.3731599,49.7248869],[17.3730615,49.724834],[17.3729307,49.7247771],[17.3728325,49.7247506],[17.3726979,49.7247231],[17.3732609,49.724186],[17.3730378,49.7241412],[17.3725996,49.7242025],[17.3726095,49.7241698],[17.3726893,49.7239073],[17.3731181,49.7230888],[17.3727018,49.7229524],[17.3727545,49.7228772],[17.3722588,49.7226636],[17.3722855,49.7226235],[17.3726864,49.7219646],[17.3723559,49.7218624],[17.3721726,49.7217834],[17.3760337,49.7206793],[17.3731251,49.7183029],[17.3739348,49.7168603],[17.3738789,49.716764],[17.3746079,49.7162522],[17.3746133,49.7162274],[17.3751209,49.7147018],[17.375813,49.7144293],[17.3772626,49.7119771],[17.3780165,49.7109674],[17.3787375,49.7105688],[17.378773,49.710528],[17.3795346,49.7101622],[17.3798629,49.7099627],[17.3804702,49.7103584],[17.38055,49.7103989],[17.3833284,49.7110269],[17.3833259,49.7111786],[17.3832756,49.7113107],[17.383188,49.7113788],[17.3830199,49.7115551],[17.383753,49.7120412],[17.384668,49.7120995],[17.3853865,49.7120201],[17.3859374,49.7124875],[17.3868015,49.7129054],[17.3881264,49.7145796],[17.3897279,49.7153959],[17.3905864,49.7157272],[17.3906239,49.7157081],[17.3930148,49.7161606],[17.3933195,49.716158],[17.3952432,49.7161856],[17.3983124,49.7161354],[17.3988594,49.7162036],[17.3999552,49.715987],[17.4004821,49.7159417],[17.4023444,49.7157382],[17.4045757,49.7169795],[17.4046528,49.7169588],[17.4047236,49.716954],[17.4048012,49.716964],[17.4051184,49.7170345],[17.4053272,49.7170643],[17.4055231,49.717088],[17.4055983,49.7171077],[17.4056167,49.7171126],[17.4056822,49.7171415],[17.4057616,49.7171996],[17.4059154,49.7173332],[17.4059961,49.7174055],[17.4060646,49.7174854],[17.4060673,49.7174888],[17.4061645,49.7176152],[17.4062379,49.7176813],[17.4063403,49.7177517],[17.4064644,49.7178349],[17.4065193,49.7178736],[17.4067467,49.7180342],[17.4069011,49.7181748],[17.4069836,49.7182284],[17.4070569,49.7182624],[17.4071487,49.718288],[17.407257,49.7183183],[17.4073684,49.7183659],[17.4074473,49.7183979],[17.4074972,49.7184088],[17.4075803,49.7184269],[17.4076774,49.7184467],[17.4079949,49.7185608],[17.4079729,49.7186612],[17.4088814,49.7191215],[17.4087911,49.7193788],[17.4088344,49.7193893],[17.4087865,49.7196612],[17.4087702,49.7199295],[17.4086549,49.7202631],[17.4085986,49.7205873],[17.4084524,49.7209689],[17.4084435,49.7210139],[17.4098788,49.7212999],[17.4100352,49.7213149],[17.4103362,49.7213754],[17.4115787,49.7216249],[17.4115802,49.7216228],[17.4118231,49.7217257],[17.4112363,49.7220132],[17.410672,49.7223176],[17.4079109,49.7220372],[17.407843,49.7220302],[17.4078174,49.7220616],[17.4078065,49.722075],[17.4076454,49.7222556],[17.4071693,49.7228568],[17.4070845,49.7230072],[17.4070561,49.72314],[17.4069981,49.7234113],[17.4076738,49.7234702],[17.4083287,49.7235994],[17.4097211,49.7237172],[17.4100217,49.7240363],[17.4100913,49.7237201],[17.4101191,49.7235404],[17.4101758,49.7232173],[17.4104937,49.7228699],[17.410774,49.7225929],[17.411055,49.7223949],[17.4120469,49.7220285],[17.4120947,49.7221176],[17.412145,49.7222001],[17.412483,49.7228235],[17.4126359,49.7231004],[17.4128967,49.7235775],[17.4130907,49.7239038],[17.41316,49.7239955],[17.4133228,49.7241403],[17.4134187,49.7242326],[17.4153638,49.7253654],[17.4158863,49.7257022],[17.4159559,49.7257459],[17.4152805,49.7263657],[17.414626,49.7271128],[17.4143889,49.727454],[17.4140679,49.7282468],[17.4139825,49.7284861],[17.4138904,49.729213],[17.4138301,49.7292127],[17.4137827,49.7292045],[17.4134254,49.7298013],[17.4131847,49.7298313],[17.413066,49.7296276],[17.4128314,49.7290697],[17.4126315,49.7287144],[17.4124531,49.7285337],[17.4115665,49.7281784],[17.4113695,49.7282624],[17.4111012,49.7284939],[17.4106202,49.7291331],[17.4105341,49.7292484],[17.4101962,49.7299225],[17.4097739,49.730372],[17.409551,49.7305638],[17.4089699,49.7310019],[17.4086548,49.7311863],[17.4074688,49.732046],[17.406863,49.7323247],[17.4066722,49.7323689],[17.4066627,49.7324655],[17.406573,49.7324548],[17.406294,49.7326152],[17.40419,49.733827]]]}},{"type":"Feature","properties":{"SKNAZEV":"oblast a osa","OBTYPNAZEV":"AKC","DRUH_O_AKC":"AOV","ID_LOKAL":100,"OZNACENI_P":"AOV100","UO":1,"VYKON":81,"UROVEN":"URP","ID_NDOK":null,"NAZEV_NDOK":null,"NAZEV":"Pavlov","ZM_CISLO_P":2,"EUP_KOD_P":22907,"ZAPIS":"ZMZA","JE_AKTUALNI":true,"STAV_VYBERU":"ponechana"},"geometry":{"type":"Polygon","coordinates":[[[15.5481135,49.2549337],[15.5464536,49.2544197],[15.5457549,49.2541812],[15.5454165,49.2540522],[15.5453087,49.2534931],[15.5455245,49.2532176],[15.5470503,49.2515113],[15.5483174,49.2503318],[15.5492712,49.2493474],[15.550221,49.2482626],[15.5508128,49.2479076],[15.5512918,49.2474653],[15.5515928,49.2474171],[15.5523682,49.2478871],[15.5587869,49.250088],[15.5585394,49.2505912],[15.5644722,49.2495171],[15.567464,49.2482173],[15.5681392,49.2481908],[15.5693558,49.2468733],[15.5699334,49.2468023],[15.5728378,49.2452416],[15.5722869,49.2449915],[15.5718378,49.2447576],[15.5713987,49.2444131],[15.5715272,49.2443097],[15.5718422,49.2442639],[15.5718725,49.2408497],[15.5709614,49.2408645],[15.5689757,49.2386714],[15.5661897,49.2362126],[15.5794928,49.2356764],[15.5795945,49.2354921],[15.579482,49.2353834],[15.5796771,49.2351648],[15.5829058,49.2319508],[15.5832108,49.2319436],[15.5837407,49.2312012],[15.5840578,49.2308503],[15.5843691,49.2306099],[15.5847181,49.2304297],[15.5849795,49.23034],[15.5855634,49.2302961],[15.585726,49.2302338],[15.5865131,49.230227],[15.5880297,49.2301855],[15.5912332,49.2301401],[15.5912702,49.2300919],[15.5914791,49.2301068],[15.5933653,49.2300747],[15.5934947,49.2303814],[15.5936208,49.2308005],[15.5937997,49.231229],[15.5942421,49.232444],[15.5942111,49.2326179],[15.5939717,49.2326518],[15.5925932,49.2347962],[15.5922843,49.2356571],[15.5920776,49.2364019],[15.5919629,49.2364304],[15.5917621,49.2363973],[15.5925701,49.2386259],[15.5926702,49.2389886],[15.5928045,49.2393299],[15.5928572,49.2394072],[15.5929252,49.2395596],[15.593073,49.2398408],[15.5933109,49.2401989],[15.5944751,49.2402767],[15.5949966,49.2404625],[15.5961577,49.2410877],[15.5966359,49.2413608],[15.5967952,49.2416401],[15.5971533,49.2424326],[15.5974885,49.242628],[15.5983358,49.2430292],[15.5986868,49.2432819],[15.5988167,49.243318],[15.600817,49.2440253],[15.6022502,49.2442831],[15.6037326,49.2444039],[15.6047245,49.244225],[15.6052631,49.2440792],[15.6063254,49.2439603],[15.6067427,49.2439929],[15.6073727,49.2437296],[15.6079358,49.2436596],[15.6088061,49.2431027],[15.6088693,49.2430435],[15.6100124,49.2425276],[15.6099802,49.2423346],[15.6106479,49.2420397],[15.6134881,49.2408518],[15.6140462,49.2408826],[15.6142606,49.2409213],[15.6150355,49.2416222],[15.6157959,49.2422587],[15.6180603,49.2428452],[15.6202392,49.2430926],[15.6206643,49.2431329],[15.6216853,49.2431191],[15.6229481,49.2428681],[15.6245284,49.2429337],[15.6263473,49.2424275],[15.6266889,49.2424868],[15.6286211,49.2423264],[15.6294756,49.2421795],[15.629476,49.2427811],[15.6294087,49.2437425],[15.6293215,49.2440325],[15.6291828,49.2441341],[15.6286138,49.2474721],[15.6267884,49.2479234],[15.6255321,49.2481848],[15.6235941,49.2486079],[15.6224637,49.2488417],[15.6202237,49.24928],[15.6180856,49.2496032],[15.6171864,49.2497394],[15.6130028,49.2506565],[15.6128724,49.2507037],[15.6122743,49.2505169],[15.6113498,49.2506957],[15.611214,49.2506961],[15.6101366,49.2503963],[15.6098242,49.2504406],[15.6091611,49.2506591],[15.6054301,49.250476],[15.6049825,49.2505989],[15.6034098,49.2505152],[15.6027428,49.2505765],[15.6006516,49.250547],[15.5999081,49.250623],[15.5992683,49.2505822],[15.5972789,49.2503464],[15.5971893,49.2502101],[15.5961558,49.2518005],[15.5958231,49.2521665],[15.5936571,49.2556403],[15.5933957,49.2558925],[15.5933643,49.2559631],[15.5930493,49.2565232],[15.5930338,49.2565165],[15.592352,49.2576314],[15.5886063,49.2584423],[15.5823242,49.2582354],[15.5801964,49.2578315],[15.5784177,49.2565231],[15.5781498,49.2564536],[15.5781049,49.2564015],[15.5733625,49.2564743],[15.5723962,49.2563716],[15.5706837,49.2561857],[15.5707358,49.2568562],[15.5707527,49.2578977],[15.5708604,49.2582888],[15.5709442,49.2589686],[15.5710452,49.2592829],[15.5694113,49.2608569],[15.5689396,49.2610352],[15.5676975,49.2611359],[15.5672158,49.2610901],[15.5652814,49.2614129],[15.5649814,49.2612625],[15.564086,49.2599432],[15.5639251,49.2587444],[15.5637323,49.2581348],[15.5636497,49.2571232],[15.5631594,49.2537122],[15.5621492,49.2539642],[15.5595691,49.2541952],[15.5569337,49.2543799],[15.5531635,49.2553268],[15.5520392,49.2551399],[15.5491193,49.2551291],[15.5481135,49.2549337]]]}},{"type":"Feature","properties":{"SKNAZEV":"oblast a osa","OBTYPNAZEV":"AKC","DRUH_O_AKC":"AOV","ID_LOKAL":66,"OZNACENI_P":"AOV66","UO":1,"VYKON":32,"UROVEN":"URP","ID_NDOK":null,"NAZEV_NDOK":null,"NAZEV":"Radostín","ZM_CISLO_P":2,"EUP_KOD_P":22907,"ZAPIS":"ZMZA","JE_AKTUALNI":false,"STAV_VYBERU":"zrusena"},"geometry":{"type":"Polygon","coordinates":[[[15.9964862,49.4597686],[15.997492,49.4607437],[15.9987232,49.4611996],[16.0001744,49.461295],[16.0016734,49.4613724],[16.0038106,49.4614256],[16.0063638,49.4609309],[16.0068344,49.4608534],[16.008163,49.4616667],[16.0089365,49.4621946],[16.0088591,49.4623468],[16.0062179,49.4626745],[16.00347,49.4630068],[16.0034693,49.4632698],[16.00214,49.4633801],[16.0018436,49.4634035],[16.0011712,49.4634125],[16.0005029,49.4634559],[16.0000072,49.4635279],[15.9990669,49.4637187],[15.9990113,49.4637307],[15.9982265,49.4640002],[15.9977484,49.4641175],[15.9970134,49.4642723],[15.9967201,49.4644983],[15.9966906,49.464533],[15.9949493,49.4650115],[15.9943161,49.4652577],[15.9932608,49.4653977],[15.9927977,49.4656525],[15.9922108,49.4659331],[15.9921182,49.4659561],[15.9910026,49.4662546],[15.9903247,49.4666458],[15.9902659,49.466654],[15.9898494,49.466964],[15.9886426,49.4675221],[15.9884143,49.4674646],[15.9883864,49.4675053],[15.9881486,49.4673974],[15.9879122,49.4673393],[15.9871509,49.4666066],[15.9868429,49.4665669],[15.9863119,49.4665691],[15.9853248,49.4667141],[15.9848228,49.4674243],[15.9833851,49.4682088],[15.9833186,49.4683811],[15.9833303,49.4686161],[15.9832793,49.4686372],[15.9825824,49.4688905],[15.982516,49.4689917],[15.9821571,49.4693754],[15.9816095,49.4695968],[15.9815912,49.4696137],[15.9807283,49.4708604],[15.9807467,49.4708894],[15.980182,49.4710986],[15.9800528,49.4711474],[15.9795877,49.4714072],[15.979162,49.4724844],[15.9793675,49.4729624],[15.9793216,49.4729872],[15.978849,49.4737782],[15.9786203,49.4740688],[15.9785795,49.4748435],[15.978593,49.4748891],[15.9779618,49.4776953],[15.9778609,49.4777266],[15.9775377,49.4778341],[15.9773983,49.4778908],[15.9772643,49.4779347],[15.9771593,49.477951],[15.9770559,49.4779536],[15.9769764,49.4779559],[15.9768363,49.4779759],[15.9767451,49.47799],[15.9765834,49.4779974],[15.9764979,49.4780113],[15.9761944,49.4781085],[15.9760874,49.4781433],[15.9760018,49.4781569],[15.9758709,49.4782175],[15.9757299,49.4782559],[15.9755834,49.4782952],[15.9754745,49.4783231],[15.9753803,49.4783566],[15.9752661,49.478389],[15.9751652,49.4784252],[15.9750052,49.4785108],[15.974777,49.4785967],[15.9746127,49.4786667],[15.9745737,49.4786831],[15.9745264,49.4786576],[15.9736097,49.4769902],[15.9730522,49.4763977],[15.9725983,49.4760384],[15.971901,49.4759195],[15.9710505,49.4754582],[15.9699155,49.4749822],[15.9685748,49.4749044],[15.9680105,49.4748299],[15.967419,49.4747576],[15.9662399,49.4747659],[15.9656419,49.4748158],[15.9655738,49.4748486],[15.9655134,49.4748636],[15.9649943,49.4750177],[15.9645469,49.4752155],[15.963958,49.475307],[15.9639394,49.4753285],[15.9635862,49.4755827],[15.9631522,49.4756307],[15.9626753,49.4756793],[15.9623735,49.4758305],[15.962166,49.4758708],[15.9622276,49.4760131],[15.9620109,49.4760129],[15.9619784,49.4760095],[15.9618745,49.4761271],[15.9618702,49.4762139],[15.9618522,49.4762612],[15.9618314,49.4762894],[15.9617655,49.4763023],[15.9616093,49.4763],[15.9615379,49.4762992],[15.9615107,49.4763143],[15.9614907,49.476347],[15.9614352,49.4764179],[15.961389,49.4764579],[15.9613183,49.4764966],[15.961264,49.4765171],[15.9612054,49.4765499],[15.9612091,49.4765819],[15.9611993,49.4765969],[15.9611585,49.4766145],[15.9611231,49.4768538],[15.9611612,49.4770713],[15.9610986,49.4771852],[15.9610658,49.4771977],[15.9610249,49.4772133],[15.9608829,49.4772675],[15.9607521,49.4773176],[15.9607661,49.4773386],[15.9607923,49.4774404],[15.9606891,49.4774692],[15.9604441,49.4775372],[15.9603925,49.4775463],[15.9599442,49.4776242],[15.9592979,49.4777366],[15.9588758,49.477849],[15.9590506,49.4780786],[15.9593633,49.4784853],[15.9593819,49.4785077],[15.9595416,49.4786991],[15.9596988,49.4789279],[15.959895,49.4791736],[15.9600852,49.4794042],[15.9601362,49.4794699],[15.960365,49.4797653],[15.9604359,49.480648],[15.9595028,49.4809717],[15.9595783,49.4810381],[15.9604629,49.4822257],[15.9618315,49.4839561],[15.9612651,49.4840259],[15.9601604,49.484213],[15.9595902,49.4843498],[15.9589272,49.4844227],[15.9588483,49.4844322],[15.9585472,49.4844683],[15.9579151,49.4848632],[15.9568939,49.4850328],[15.9558133,49.48512],[15.9555288,49.4851091],[15.9550766,49.4849689],[15.9549064,49.485013],[15.954214,49.4852678],[15.9540737,49.4850873],[15.9526051,49.4833436],[15.9552139,49.4824563],[15.9529927,49.4800585],[15.9527307,49.4797699],[15.9527578,49.4797589],[15.9530066,49.4796695],[15.9533704,49.4796141],[15.9536751,49.4793823],[15.953846,49.479214],[15.9539922,49.4790351],[15.9542625,49.4785163],[15.9543096,49.4779071],[15.954251,49.477472],[15.9542075,49.4772838],[15.9541539,49.47715],[15.953959,49.4771766],[15.9539335,49.4771742],[15.9539015,49.4766547],[15.9538596,49.4763334],[15.9537377,49.4757672],[15.9536438,49.4751568],[15.9538584,49.4748464],[15.9538255,49.4748097],[15.9540809,49.4745831],[15.9533402,49.4732112],[15.9532439,49.47325],[15.9530488,49.4729028],[15.9532862,49.4727431],[15.9531176,49.4722214],[15.9533889,49.4715231],[15.9532697,49.4709553],[15.9534048,49.4707405],[15.9534616,49.4705092],[15.9531598,49.4701125],[15.9532608,49.4698472],[15.9549522,49.4701097],[15.9559072,49.4704671],[15.9562507,49.4703883],[15.9564806,49.4704402],[15.9565286,49.4703787],[15.956825,49.4703309],[15.9572604,49.4704195],[15.9578837,49.470456],[15.9579943,49.4703502],[15.9590493,49.4705996],[15.9592268,49.4705605],[15.9596763,49.4710226],[15.9601283,49.4710874],[15.9602823,49.4711094],[15.9608432,49.4716213],[15.9614664,49.4718979],[15.9615452,49.4720765],[15.9615915,49.4721815],[15.9611455,49.4722587],[15.9611615,49.4722833],[15.9611889,49.4723256],[15.9612939,49.4725163],[15.9613252,49.472573],[15.9618769,49.4726411],[15.96196,49.4727646],[15.9623021,49.4732724],[15.962593,49.4731497],[15.9626057,49.47311],[15.9626905,49.4730184],[15.9627154,49.4726756],[15.9629355,49.472519],[15.9629097,49.4724762],[15.962881,49.4724281],[15.962814,49.4723164],[15.9627479,49.4721887],[15.9626983,49.4720932],[15.9625688,49.4718857],[15.963176,49.4719649],[15.9636216,49.4719148],[15.964122,49.4718801],[15.965143,49.4718053],[15.965767,49.4718892],[15.966489,49.4718408],[15.9666716,49.4717606],[15.967127,49.4716236],[15.967286,49.4715498],[15.9675712,49.4713017],[15.9676136,49.471325],[15.968722,49.4712148],[15.969127,49.4711248],[15.9701037,49.4715775],[15.9701184,49.4715932],[15.9701396,49.4716158],[15.9701894,49.4716689],[15.9702345,49.4717169],[15.970265,49.4717494],[15.9703359,49.4718252],[15.9710069,49.4719183],[15.9710515,49.4719627],[15.9717121,49.4719624],[15.9719197,49.471963],[15.9723146,49.4718284],[15.9724299,49.4717676],[15.9726172,49.471669],[15.9729952,49.4714494],[15.9732201,49.4713126],[15.9736169,49.4710712],[15.9738769,49.4709117],[15.9739022,49.4708906],[15.9738723,49.4708613],[15.9738882,49.4706976],[15.973582,49.4705193],[15.9738662,49.4703425],[15.9739018,49.4703013],[15.9738832,49.4702807],[15.9740298,49.4702001],[15.9741071,49.4701982],[15.9741986,49.4701185],[15.9742216,49.470093],[15.9743125,49.4699926],[15.9744419,49.469896],[15.9745747,49.4698315],[15.9749382,49.4696789],[15.9753301,49.4695144],[15.9755439,49.4694403],[15.9758522,49.4693564],[15.9761426,49.4692774],[15.9762125,49.4692584],[15.9762797,49.4692402],[15.9764462,49.4691949],[15.9765653,49.4691573],[15.9766838,49.4691199],[15.9770987,49.4689639],[15.9774662,49.4688127],[15.9777051,49.4686577],[15.9782737,49.4680541],[15.9782937,49.4680321],[15.9783596,49.4679606],[15.9789938,49.4672732],[15.9791999,49.4670496],[15.9794873,49.4669836],[15.979476,49.466808],[15.978752,49.4665926],[15.978386,49.4665209],[15.9775646,49.4664575],[15.9769418,49.4664979],[15.976483,49.4665198],[15.9764608,49.4663892],[15.9764223,49.4661727],[15.9765381,49.4660865],[15.976632,49.4653238],[15.9767627,49.4648629],[15.9772128,49.464477],[15.9774782,49.4642151],[15.9776634,49.4638062],[15.9783066,49.4636284],[15.9790991,49.4634398],[15.9797633,49.463265],[15.9803456,49.4631707],[15.9808764,49.4631014],[15.9813097,49.4630556],[15.9822387,49.462896],[15.9822903,49.4628947],[15.9829286,49.4627563],[15.9835234,49.4623539],[15.9836358,49.4623156],[15.9838322,49.4623011],[15.9840495,49.4622666],[15.9847682,49.4619839],[15.9851144,49.4619904],[15.9852688,49.4619269],[15.9855782,49.4619557],[15.9862185,49.4621297],[15.9864449,49.4619519],[15.9870529,49.4619372],[15.9884179,49.4616363],[15.9886373,49.4617517],[15.9887831,49.4618773],[15.9899273,49.4615932],[15.9908759,49.4617658],[15.9913314,49.4615821],[15.991926,49.4614022],[15.9927032,49.4610166],[15.9930728,49.4607601],[15.9934196,49.4606146],[15.9936383,49.4606164],[15.9943258,49.4602943],[15.9944067,49.4601565],[15.9946131,49.4601124],[15.9949575,49.460048],[15.9950068,49.4600458],[15.9956078,49.4599395],[15.9960773,49.4598499],[15.9964862,49.4597686]]]}},{"type":"Feature","properties":{"SKNAZEV":"oblast a osa","OBTYPNAZEV":"AKC","DRUH_O_AKC":"AOV","ID_LOKAL":102,"OZNACENI_P":"AOV102","UO":1,"VYKON":39,"UROVEN":"URP","ID_NDOK":null,"NAZEV_NDOK":null,"NAZEV":"Zimní Pole","ZM_CISLO_P":2,"EUP_KOD_P":22907,"ZAPIS":"ZMZA","JE_AKTUALNI":true,"STAV_VYBERU":"ponechana"},"geometry":{"type":"Polygon","coordinates":[[[17.3150862,49.9246368],[17.3151161,49.9246937],[17.3151424,49.9247436],[17.3151501,49.9247633],[17.315182,49.9248443],[17.3152112,49.9249187],[17.3152369,49.9249841],[17.3152654,49.9250567],[17.3152757,49.9250829],[17.3152849,49.9251089],[17.3153042,49.9251629],[17.3153241,49.9252192],[17.3153514,49.9252955],[17.3153871,49.925396],[17.3154285,49.9255125],[17.3154349,49.9255303],[17.3154628,49.9256296],[17.3154969,49.92575],[17.3155191,49.9258289],[17.315526,49.9258726],[17.3155453,49.9259943],[17.3155636,49.9261095],[17.3155821,49.9262262],[17.315602,49.9263522],[17.3156189,49.9264581],[17.315588,49.9265029],[17.3155371,49.9265766],[17.3155027,49.9265423],[17.3153886,49.9265724],[17.3153389,49.9265698],[17.3150675,49.926556],[17.3149645,49.9265507],[17.3145379,49.9264643],[17.3138388,49.9264309],[17.3131164,49.9263529],[17.3126918,49.9250512],[17.3126124,49.9250521],[17.3125299,49.9250531],[17.3118697,49.9250609],[17.3117576,49.9249395],[17.3115945,49.9247628],[17.3103311,49.9242149],[17.3104198,49.9246481],[17.3104346,49.9247205],[17.3105112,49.9249838],[17.3106491,49.9254083],[17.3106573,49.9256702],[17.3105879,49.9256364],[17.3105757,49.9256294],[17.3104682,49.9255674],[17.3103544,49.9255183],[17.3102363,49.925481],[17.3101807,49.9254635],[17.310054,49.9254383],[17.3099504,49.9254184],[17.3097228,49.9253583],[17.3096568,49.9253413],[17.3095294,49.9253231],[17.3094307,49.9253169],[17.3093842,49.9253172],[17.3092776,49.9253179],[17.3090344,49.925285],[17.3085682,49.9252639],[17.3084024,49.9252516],[17.3082232,49.9252466],[17.3081135,49.9252458],[17.3078887,49.9252392],[17.3076719,49.9252464],[17.3075082,49.9252369],[17.3074403,49.9252287],[17.3072912,49.9252007],[17.3070991,49.9251484],[17.3070107,49.9251203],[17.306853,49.9250755],[17.3067333,49.9250331],[17.3065871,49.9249828],[17.3064904,49.9249496],[17.3063715,49.9249218],[17.3063148,49.9249011],[17.3061833,49.9248466],[17.3059948,49.924787],[17.3058653,49.9247629],[17.3058686,49.9247535],[17.3055597,49.9247725],[17.3047232,49.9245906],[17.3038671,49.9243443],[17.3030354,49.9242143],[17.3027422,49.9241318],[17.3023885,49.9240855],[17.3021772,49.9240024],[17.3016141,49.9239457],[17.3014998,49.9239417],[17.299502,49.924046],[17.2987366,49.9240494],[17.2983593,49.9240314],[17.29724,49.9239109],[17.2970354,49.9238991],[17.2963775,49.9238192],[17.2958307,49.9237294],[17.2954849,49.9236634],[17.2951903,49.923605],[17.294754,49.923545],[17.2941995,49.9234103],[17.2932894,49.9232405],[17.2926255,49.9230886],[17.292136,49.9229377],[17.2916091,49.9227444],[17.29305,49.9206657],[17.2949765,49.9199338],[17.2957034,49.9198394],[17.2975473,49.9195125],[17.2996631,49.918959],[17.3047052,49.917984],[17.3057351,49.9177047],[17.3061253,49.9176006],[17.3093547,49.9171278],[17.310117,49.917076],[17.3101733,49.9170874],[17.3104688,49.9170555],[17.3111592,49.9169448],[17.3123661,49.9167763],[17.31323,49.9165909],[17.3153661,49.9159314],[17.3153881,49.9159696],[17.3165706,49.9166972],[17.3180154,49.9171605],[17.3185253,49.9174611],[17.3201655,49.9176364],[17.3206302,49.9175173],[17.3212148,49.9177132],[17.321623,49.9178336],[17.3219806,49.9179074],[17.3222427,49.917938],[17.3224572,49.9179365],[17.3227367,49.9178663],[17.3230324,49.9178539],[17.3230316,49.9177997],[17.3230555,49.9176961],[17.3223629,49.9176796],[17.3220458,49.91751],[17.3239918,49.9169481],[17.324525,49.9169323],[17.3256327,49.9166701],[17.3257676,49.9165659],[17.3257213,49.9162057],[17.326979,49.9152633],[17.3273279,49.9158828],[17.3273361,49.9158974],[17.3273469,49.9159258],[17.327397,49.9158343],[17.3274274,49.9157707],[17.3274595,49.9156381],[17.3274564,49.9155565],[17.3274452,49.9155098],[17.3274223,49.9154103],[17.3273466,49.9152694],[17.3272426,49.9151239],[17.3272065,49.9150429],[17.3271975,49.9149767],[17.3272083,49.9149332],[17.3272281,49.9149071],[17.3272923,49.9148622],[17.3273325,49.914823],[17.3274232,49.9147516],[17.3274864,49.9147152],[17.3276099,49.914682],[17.3277038,49.9146446],[17.3278085,49.9146213],[17.3279621,49.9145792],[17.3280619,49.9145585],[17.32817,49.914534],[17.3282695,49.9144936],[17.3283826,49.9144564],[17.3285201,49.9144091],[17.3285708,49.9143814],[17.3286399,49.9143241],[17.3287503,49.9142545],[17.3287651,49.914244],[17.3288771,49.9143218],[17.3290069,49.914446],[17.3290607,49.9145399],[17.3291027,49.9145182],[17.3291466,49.9144852],[17.3292453,49.9143707],[17.3293345,49.9142151],[17.3293615,49.9141412],[17.3293978,49.9140717],[17.329455,49.9140064],[17.329494,49.9139585],[17.3295305,49.9138968],[17.3295755,49.913822],[17.3296268,49.9136782],[17.3296673,49.9136125],[17.3297298,49.9135489],[17.3297951,49.9135067],[17.3298525,49.9134834],[17.3299468,49.913466],[17.3300404,49.9134488],[17.3302056,49.9134031],[17.3305777,49.9132718],[17.3307,49.913208],[17.3308275,49.9131581],[17.330907,49.9131084],[17.3309772,49.9130518],[17.3310945,49.9128843],[17.3311026,49.9128357],[17.3310827,49.912728],[17.3310963,49.9126962],[17.3311129,49.9126873],[17.3311444,49.9126853],[17.3311915,49.9126821],[17.3312062,49.9126723],[17.3312192,49.9126455],[17.3312812,49.912518],[17.3313313,49.9124458],[17.33138,49.9124111],[17.3314115,49.9123987],[17.3314447,49.9123989],[17.3315626,49.9124336],[17.3316796,49.912487],[17.3318743,49.912568],[17.3319825,49.9125983],[17.3321384,49.9126314],[17.3322223,49.9126423],[17.332534,49.912657],[17.332711,49.9126634],[17.3329078,49.9126547],[17.3332116,49.9126209],[17.332342,49.9118673],[17.3325284,49.9114293],[17.3337021,49.9105719],[17.3341765,49.9109523],[17.3347731,49.9113814],[17.3351576,49.9112795],[17.3353715,49.9112267],[17.3356625,49.911127],[17.3357244,49.9110988],[17.3357491,49.9110699],[17.335926,49.9108551],[17.3359638,49.9107884],[17.3359764,49.9107192],[17.335993,49.9105991],[17.336078,49.9103882],[17.3360894,49.9103382],[17.3360846,49.9102886],[17.336088,49.9101983],[17.3360981,49.9101221],[17.3361602,49.9098469],[17.3361806,49.9096722],[17.3361917,49.9096213],[17.3361903,49.909569],[17.3361592,49.9094805],[17.3361555,49.9094587],[17.3367058,49.9091846],[17.3380127,49.9087317],[17.3385196,49.9090299],[17.3385616,49.9090515],[17.3387781,49.9091633],[17.3394203,49.9095263],[17.3399651,49.9098312],[17.3400261,49.9098613],[17.3402631,49.9099786],[17.3404006,49.910071],[17.3405575,49.9101927],[17.3405589,49.9101942],[17.3409143,49.9105545],[17.3410111,49.9106526],[17.3413383,49.9110629],[17.3413972,49.9111431],[17.3415242,49.9113162],[17.3416117,49.9114737],[17.341633,49.9115177],[17.3416541,49.9115672],[17.34175,49.9117781],[17.3417756,49.9118345],[17.3418337,49.9119625],[17.3418742,49.9120333],[17.3419093,49.912095],[17.3418084,49.9122541],[17.3416105,49.9125662],[17.3414704,49.9127873],[17.3414889,49.9128329],[17.3416601,49.9129299],[17.3419407,49.913089],[17.3421983,49.9131097],[17.3424337,49.9131286],[17.3426161,49.9131148],[17.3430867,49.9126646],[17.3430958,49.9126615],[17.3433641,49.9125702],[17.3433819,49.9126452],[17.3434907,49.9131016],[17.3436947,49.9139579],[17.3436508,49.9141442],[17.3436452,49.9141499],[17.3439659,49.9145268],[17.3439669,49.9145264],[17.3441932,49.914437],[17.3444831,49.914784],[17.3447035,49.9150476],[17.345118,49.9155498],[17.3450881,49.9155657],[17.3447411,49.91571],[17.3451847,49.9162426],[17.344781,49.9164033],[17.345083,49.916766],[17.345333,49.9170225],[17.3454108,49.9170961],[17.3451333,49.917521],[17.3451152,49.9175428],[17.3451402,49.9176103],[17.3453205,49.918041],[17.3449783,49.9181125],[17.3446974,49.9182289],[17.3447428,49.9182995],[17.344848,49.9184633],[17.3447343,49.9184992],[17.3446838,49.9185151],[17.3446224,49.9184926],[17.3447618,49.9186848],[17.3448923,49.9189304],[17.3451061,49.9192458],[17.3451103,49.9192041],[17.345272,49.9194904],[17.3450687,49.9196155],[17.3449587,49.9196831],[17.3446212,49.9196428],[17.3440564,49.9198363],[17.3434991,49.9197876],[17.3436236,49.9200434],[17.343727,49.9202685],[17.3438342,49.9204767],[17.3439294,49.9206425],[17.3441137,49.9208878],[17.3441512,49.9208737],[17.3443009,49.9210476],[17.344265,49.9210631],[17.3442016,49.9210515],[17.3440109,49.921546],[17.3432561,49.9223839],[17.3423859,49.9233703],[17.3417507,49.9239099],[17.3417325,49.923929],[17.3420794,49.9240825],[17.3422635,49.9241679],[17.3422025,49.9241797],[17.3423664,49.924242],[17.3406686,49.9249589],[17.3404182,49.9250629],[17.3398313,49.9254083],[17.3390961,49.9258957],[17.3394435,49.926214],[17.3383853,49.9267344],[17.3382967,49.9266908],[17.3383008,49.9267474],[17.3379934,49.9264522],[17.3360415,49.926875],[17.333432,49.9269359],[17.3334463,49.9272058],[17.3334438,49.9273927],[17.3334448,49.9275158],[17.3333569,49.9276019],[17.3322241,49.9274823],[17.3320082,49.927527],[17.3316635,49.9274864],[17.3315333,49.9274498],[17.3314629,49.9274299],[17.3313538,49.9273991],[17.3307458,49.9274068],[17.3300639,49.9265101],[17.3298437,49.926004],[17.3300554,49.9253456],[17.3296687,49.9253219],[17.3292886,49.9253597],[17.3284791,49.9250907],[17.3279303,49.9246213],[17.3259375,49.9232482],[17.3247996,49.9230678],[17.3241797,49.9229695],[17.3239051,49.922926],[17.3235981,49.9228774],[17.3235589,49.9228539],[17.3233394,49.9227223],[17.3230698,49.9225607],[17.322608,49.922262],[17.322356,49.9220811],[17.3221445,49.9222203],[17.3217995,49.9225177],[17.3205257,49.9228155],[17.3203801,49.9227552],[17.3202364,49.9226958],[17.3200885,49.9226346],[17.3200699,49.9226868],[17.3200226,49.922757],[17.3199118,49.9228928],[17.3197825,49.9230131],[17.3196607,49.9231265],[17.3195408,49.9232337],[17.3194699,49.9232995],[17.3192709,49.923461],[17.3190839,49.9235738],[17.318934,49.9236677],[17.3187436,49.9237798],[17.3185194,49.9239352],[17.3184868,49.9239577],[17.3183666,49.9240214],[17.318206,49.9241007],[17.3179909,49.9242306],[17.3178226,49.924324],[17.3176669,49.9243894],[17.3174446,49.9244637],[17.3172946,49.9245213],[17.3172174,49.9245399],[17.3169999,49.9245721],[17.3166266,49.9246206],[17.3165013,49.9246234],[17.3160724,49.9245894],[17.3158493,49.9245535],[17.315639,49.9245237],[17.3154361,49.9244948],[17.3151412,49.9244345],[17.3150002,49.9244211],[17.3149599,49.9243965],[17.3149912,49.9244562],[17.3150215,49.9245137],[17.3150862,49.9246368]]]}},{"type":"Feature","properties":{"SKNAZEV":"oblast a osa","OBTYPNAZEV":"AKC","DRUH_O_AKC":"AOV","ID_LOKAL":103,"OZNACENI_P":"AOV103","UO":1,"VYKON":28,"UROVEN":"URP","ID_NDOK":null,"NAZEV_NDOK":null,"NAZEV":"Jestřebí","ZM_CISLO_P":2,"EUP_KOD_P":22907,"ZAPIS":"ZMZA","JE_AKTUALNI":false,"STAV_VYBERU":"zrusena"},"geometry":{"type":"Polygon","coordinates":[[[16.8356634,49.8294876],[16.8356154,49.8294841],[16.8359118,49.8291698],[16.8360884,49.8291373],[16.8368161,49.8290368],[16.8375529,49.8289148],[16.8383799,49.8288705],[16.8399937,49.8289658],[16.8411652,49.8289853],[16.8413254,49.8289602],[16.8433717,49.8288646],[16.8433975,49.8288338],[16.8448464,49.8284646],[16.8472901,49.8269086],[16.8477644,49.8267853],[16.8482402,49.8280595],[16.8482162,49.8281131],[16.8479293,49.8286332],[16.8485573,49.828986],[16.8500151,49.8294367],[16.8507991,49.8293176],[16.8510758,49.8292746],[16.8518026,49.8294899],[16.8521387,49.8298106],[16.8532434,49.8299412],[16.8534521,49.8300387],[16.8540595,49.8302447],[16.8542466,49.8301149],[16.8551742,49.8286307],[16.8578733,49.8286595],[16.8596821,49.8286269],[16.8599963,49.8302849],[16.858055,49.8309085],[16.8576369,49.8308346],[16.8611669,49.8340514],[16.8620063,49.8340423],[16.8620455,49.8340931],[16.8636218,49.834755],[16.8643566,49.8348669],[16.8652707,49.8351096],[16.8663119,49.8359782],[16.8677606,49.8356994],[16.8703899,49.8359246],[16.8704822,49.8358817],[16.8706396,49.8359163],[16.8718466,49.8363979],[16.8728743,49.8383207],[16.8767062,49.8376752],[16.8776295,49.838532],[16.8800105,49.8394813],[16.8802599,49.8395193],[16.8811601,49.8401379],[16.8812713,49.8402031],[16.8819829,49.8409132],[16.8826544,49.8413112],[16.8826916,49.8414542],[16.8838274,49.8438336],[16.8835968,49.8446381],[16.8843214,49.8453866],[16.8843239,49.8453877],[16.8843805,49.8454152],[16.884411,49.8454316],[16.8844378,49.8454476],[16.8844601,49.8454627],[16.8844738,49.8454738],[16.8844892,49.845489],[16.8845012,49.8455041],[16.884511,49.845519],[16.8845211,49.8455386],[16.8845506,49.8456071],[16.8845556,49.8456264],[16.8845561,49.8456454],[16.8845536,49.8456642],[16.8845343,49.8457436],[16.8845098,49.8458273],[16.8845014,49.8458457],[16.8844737,49.8458961],[16.8844509,49.8459562],[16.8844385,49.8459792],[16.8844064,49.8460292],[16.884396,49.8460475],[16.8843884,49.8460659],[16.8843769,49.8461079],[16.8843669,49.8461309],[16.8843347,49.846181],[16.88431,49.846222],[16.8842971,49.8462401],[16.8842771,49.8462624],[16.8842527,49.8462846],[16.8842353,49.8462976],[16.8841896,49.8463277],[16.884149,49.8463582],[16.8841272,49.846371],[16.8841189,49.8463748],[16.8843617,49.8467978],[16.884085,49.8469342],[16.8834882,49.84725],[16.8832572,49.8473318],[16.8823515,49.847562],[16.8817035,49.8477401],[16.8806917,49.8480033],[16.8800783,49.8481536],[16.8796596,49.8479776],[16.878958,49.8472633],[16.8777751,49.8465521],[16.8761217,49.8458847],[16.874263,49.8455985],[16.8727387,49.8445698],[16.8706818,49.8450971],[16.8690899,49.8459735],[16.8661339,49.8466246],[16.8648228,49.8468358],[16.8637058,49.8472043],[16.8635728,49.8471767],[16.862001,49.8471931],[16.8612404,49.8471352],[16.8607471,49.846973],[16.8604424,49.8465776],[16.8611559,49.8463218],[16.861595,49.8460778],[16.8618239,49.8458887],[16.8622926,49.8452206],[16.8627684,49.8446716],[16.8626296,49.8445204],[16.8628955,49.8442077],[16.8628837,49.8435357],[16.8630398,49.8427542],[16.8626554,49.8414211],[16.8627398,49.8408251],[16.8617959,49.8401898],[16.8615128,49.839945],[16.8611883,49.8395805],[16.8611605,49.8395448],[16.8593495,49.8384186],[16.8580528,49.8385002],[16.8577817,49.8385608],[16.8566346,49.8384287],[16.8553732,49.8384267],[16.8546298,49.8380209],[16.8543143,49.8379004],[16.853923,49.8376229],[16.8536178,49.837547],[16.8531695,49.8373335],[16.8529864,49.8372242],[16.8504194,49.8365444],[16.8497393,49.8365686],[16.8493947,49.836587],[16.8481723,49.8367218],[16.8480989,49.8366987],[16.8452559,49.8366962],[16.8443522,49.8353001],[16.8440312,49.8350405],[16.8439416,49.8349204],[16.8438826,49.8348459],[16.8436766,49.8346914],[16.8429252,49.8342373],[16.8421111,49.8337632],[16.841916,49.8336101],[16.8418123,49.8334635],[16.8405882,49.8325421],[16.8387315,49.8313128],[16.8376605,49.8305067],[16.8372543,49.8303344],[16.8366791,49.8299738],[16.8366065,49.8299634],[16.8356634,49.8294876]]]}},{"type":"Feature","properties":{"SKNAZEV":"oblast a osa","OBTYPNAZEV":"AKC","DRUH_O_AKC":"AOV","ID_LOKAL":104,"OZNACENI_P":"AOV104","UO":1,"VYKON":46,"UROVEN":"URP","ID_NDOK":null,"NAZEV_NDOK":null,"NAZEV":"Černý háj","ZM_CISLO_P":2,"EUP_KOD_P":22907,"ZAPIS":"ZMZA","JE_AKTUALNI":false,"STAV_VYBERU":"zrusena"},"geometry":{"type":"Polygon","coordinates":[[[15.570465,50.557526],[15.5711556,50.5568318],[15.5714856,50.5564596],[15.5717057,50.5559587],[15.5717511,50.5547596],[15.5718352,50.5545631],[15.5718655,50.5538907],[15.5721312,50.5532936],[15.5715722,50.5525845],[15.5714947,50.5523143],[15.5719491,50.5510255],[15.571996,50.5509358],[15.5719933,50.5508669],[15.5719318,50.5508069],[15.5717968,50.5507371],[15.5710809,50.5505496],[15.5709749,50.5504759],[15.5708863,50.5503627],[15.5705164,50.5504499],[15.5703729,50.5499373],[15.5708904,50.5497227],[15.5712656,50.5495573],[15.5713098,50.5495299],[15.5718609,50.5494334],[15.5728384,50.5497332],[15.5769552,50.5495753],[15.5770434,50.5495588],[15.577618,50.5491556],[15.5787993,50.5489726],[15.5788633,50.5489785],[15.5804473,50.5485693],[15.5805415,50.5485572],[15.5818645,50.5484165],[15.5819188,50.548429],[15.5835243,50.5482137],[15.5852276,50.548287],[15.5883426,50.5473688],[15.5891356,50.5473848],[15.5894475,50.5475791],[15.5918168,50.5469805],[15.5921621,50.546757],[15.5949796,50.546723],[15.5998088,50.5443726],[15.5998236,50.5428645],[15.6004924,50.5417262],[15.600696,50.54159],[15.6011542,50.5418547],[15.6016463,50.5417239],[15.6025854,50.5421279],[15.6023292,50.5411954],[15.6022619,50.5403367],[15.6024841,50.5402429],[15.6027477,50.5397691],[15.6027455,50.5393619],[15.6035944,50.5394895],[15.6045049,50.5394765],[15.6053682,50.5395086],[15.6075161,50.5401642],[15.6079599,50.5401476],[15.6087266,50.5401649],[15.6096485,50.540218],[15.6117498,50.5403713],[15.6123371,50.540108],[15.6130375,50.540172],[15.6141803,50.5397731],[15.614495,50.5398178],[15.6147161,50.5399041],[15.6149197,50.5399199],[15.6151673,50.5399693],[15.6160461,50.5401348],[15.6162369,50.5401774],[15.6163587,50.5402109],[15.6169345,50.5401981],[15.6171862,50.540218],[15.6176734,50.5402352],[15.618199,50.5403332],[15.6185275,50.5403684],[15.6188998,50.5404084],[15.6192575,50.5404779],[15.6194386,50.5404757],[15.6197013,50.5405947],[15.619878,50.5405938],[15.6200796,50.5405682],[15.6201657,50.5405661],[15.6202431,50.5405715],[15.6203417,50.5405566],[15.6206282,50.5406059],[15.6207562,50.5405514],[15.6210522,50.5405723],[15.6211467,50.5405298],[15.6213748,50.5405242],[15.6215159,50.540549],[15.6217105,50.540595],[15.6218717,50.5405414],[15.6219502,50.5405572],[15.6220649,50.5405076],[15.6221523,50.5405469],[15.6224071,50.540546],[15.6224652,50.5405008],[15.6225557,50.5404612],[15.6230466,50.5404504],[15.6233376,50.5403928],[15.6234529,50.5403217],[15.6235373,50.5402979],[15.6236499,50.5403033],[15.6238326,50.5402266],[15.6240321,50.5401673],[15.6242599,50.540107],[15.6248697,50.5406033],[15.6247776,50.5406961],[15.6248856,50.5407452],[15.6251506,50.5407562],[15.6254047,50.5407938],[15.625591,50.5408082],[15.6258963,50.540812],[15.6266606,50.5408913],[15.6270289,50.5409188],[15.6270311,50.5409662],[15.6272882,50.5415703],[15.6263195,50.5421701],[15.6284636,50.5432821],[15.6292496,50.5443658],[15.6291741,50.5443925],[15.6286393,50.5444881],[15.6273599,50.5451808],[15.6248392,50.5465213],[15.6265009,50.5466252],[15.6260112,50.5481808],[15.6260266,50.5482095],[15.6257992,50.5482851],[15.6233361,50.5494302],[15.6231136,50.5497543],[15.6199873,50.5505173],[15.6204781,50.5511283],[15.6192135,50.5521629],[15.6185455,50.5532812],[15.6182163,50.5539268],[15.6187737,50.5544585],[15.6182955,50.5550753],[15.6185702,50.5558659],[15.6185898,50.5560778],[15.6184747,50.5561424],[15.6186522,50.5563802],[15.61867,50.55651],[15.6184165,50.5572868],[15.6182059,50.5575647],[15.6175459,50.5587998],[15.6174912,50.5588888],[15.616977,50.5590091],[15.6151354,50.5599363],[15.614246,50.5602465],[15.6138789,50.5606713],[15.6124533,50.5613179],[15.6112648,50.5615381],[15.6096411,50.5628708],[15.6089227,50.5634471],[15.6077798,50.5639641],[15.6063028,50.5639336],[15.6041525,50.5639154],[15.6009872,50.5631803],[15.6024506,50.5626267],[15.6039687,50.562044],[15.6050044,50.561382],[15.6063643,50.5602044],[15.6068058,50.5573622],[15.6064363,50.5569324],[15.6059488,50.5563274],[15.6055876,50.5557528],[15.6047731,50.5548683],[15.6067449,50.5538153],[15.6075332,50.5531691],[15.607531,50.5527098],[15.6076099,50.5524747],[15.6074214,50.5515658],[15.6073831,50.5515626],[15.607569,50.5508426],[15.6067866,50.5509476],[15.6064674,50.5502856],[15.6066459,50.549618],[15.6067528,50.5493885],[15.6073636,50.5480405],[15.6075469,50.5476592],[15.6074741,50.5456803],[15.6075688,50.5454315],[15.6061367,50.5447561],[15.6045764,50.5441444],[15.6036464,50.544316],[15.6031026,50.5442054],[15.6026258,50.5446788],[15.6024505,50.5447972],[15.6014344,50.545668],[15.6011282,50.546146],[15.60068,50.5466166],[15.6006749,50.5470222],[15.6011797,50.5477024],[15.6015254,50.5482018],[15.6030924,50.5488293],[15.6037415,50.5488018],[15.6043605,50.5488076],[15.604161,50.5497221],[15.6040532,50.5502984],[15.604004,50.5506875],[15.6038457,50.5510963],[15.6026851,50.5521559],[15.6023037,50.5521514],[15.6019062,50.5521305],[15.6010359,50.552233],[15.6001386,50.552391],[15.5992053,50.5524778],[15.5954784,50.5539987],[15.5949427,50.5540892],[15.5939423,50.5542846],[15.5930372,50.5544755],[15.5919842,50.5545525],[15.5910901,50.554573],[15.5909095,50.55387],[15.5897979,50.5531255],[15.5883553,50.5531853],[15.5836659,50.5538947],[15.5803185,50.5550078],[15.5803159,50.5551031],[15.5792039,50.5555012],[15.5778792,50.5560786],[15.5769628,50.5564585],[15.5766475,50.556592],[15.576084,50.5568162],[15.57585,50.5568548],[15.5745468,50.5579928],[15.5745202,50.5580502],[15.5745836,50.5581957],[15.5738018,50.5591141],[15.573282,50.5596076],[15.5726495,50.5600211],[15.5726832,50.5601783],[15.5713181,50.5607133],[15.5696515,50.5611033],[15.5691162,50.5615509],[15.5674444,50.561799],[15.5673953,50.5618082],[15.5665331,50.561727],[15.5666969,50.5607533],[15.566689,50.5606845],[15.5665061,50.5605625],[15.5665314,50.5604321],[15.5670935,50.5601747],[15.5669864,50.5600503],[15.5669416,50.5598373],[15.5669893,50.5598103],[15.5675742,50.5596839],[15.5682524,50.5594099],[15.5687187,50.5590526],[15.5697685,50.55863],[15.5697238,50.5581517],[15.570465,50.557526]]]}},{"type":"Feature","properties":{"SKNAZEV":"oblast a osa","OBTYPNAZEV":"AKC","DRUH_O_AKC":"AOV","ID_LOKAL":105,"OZNACENI_P":"AOV105","UO":1,"VYKON":28,"UROVEN":"URP","ID_NDOK":null,"NAZEV_NDOK":null,"NAZEV":"Borovnice","ZM_CISLO_P":2,"EUP_KOD_P":22907,"ZAPIS":"ZMZA","JE_AKTUALNI":false,"STAV_VYBERU":"zrusena"},"geometry":{"type":"Polygon","coordinates":[[[15.5984653,50.518791],[15.6012146,50.5187494],[15.6020328,50.518195],[15.6035328,50.5178351],[15.6052391,50.5176838],[15.6078888,50.5174112],[15.6088095,50.5172898],[15.6098538,50.5171398],[15.6111088,50.5170905],[15.6114367,50.5171174],[15.6133113,50.5164305],[15.6153629,50.5157821],[15.6165603,50.5147669],[15.6179627,50.5143491],[15.6189351,50.5143617],[15.6199532,50.5143663],[15.6209606,50.5143594],[15.6212449,50.5143705],[15.6218544,50.5142664],[15.622182,50.5142986],[15.6231914,50.5140512],[15.6234207,50.5140955],[15.6236569,50.5142277],[15.6240514,50.5143471],[15.6240862,50.5143761],[15.624302,50.5145742],[15.6252116,50.5148219],[15.6253231,50.5147718],[15.625564,50.5146917],[15.6263273,50.5147692],[15.627073,50.5149795],[15.628539,50.5148872],[15.629514,50.5154699],[15.6299958,50.514631],[15.6309993,50.5141587],[15.631993,50.5136648],[15.6321133,50.5136636],[15.6332059,50.5134921],[15.6335103,50.5134657],[15.6337152,50.5134127],[15.6342675,50.513399],[15.6354288,50.513381],[15.6352695,50.5135943],[15.6350302,50.5139868],[15.6348374,50.5142432],[15.6346039,50.514445],[15.6344027,50.5146798],[15.6342628,50.5149295],[15.6341173,50.5152813],[15.6341718,50.5154935],[15.6341967,50.5159084],[15.634467,50.5165488],[15.6345435,50.5172354],[15.6345507,50.5174338],[15.6354679,50.5185952],[15.6353908,50.5187111],[15.6353715,50.5189979],[15.6352827,50.5193646],[15.6349636,50.5204971],[15.6354596,50.5209843],[15.6352378,50.5211119],[15.6356689,50.5214633],[15.6357191,50.5214673],[15.6355105,50.5219583],[15.638415,50.525107],[15.6395241,50.5256658],[15.6410924,50.5267819],[15.6421218,50.5274233],[15.6424095,50.5281754],[15.6429576,50.5284766],[15.643354,50.5291801],[15.6433692,50.5291992],[15.6438313,50.5292998],[15.6441501,50.5302925],[15.6450877,50.5316213],[15.6456693,50.5323126],[15.6456973,50.5323447],[15.6454607,50.532876],[15.6459019,50.532843],[15.6457948,50.533365],[15.6458026,50.5335327],[15.6446244,50.5335944],[15.6445601,50.5334976],[15.6418941,50.5333148],[15.6418412,50.5333237],[15.6416494,50.5332163],[15.6383145,50.5336781],[15.6370329,50.5332231],[15.6365432,50.5330611],[15.636484,50.5330415],[15.6349966,50.5321737],[15.6338564,50.5317439],[15.6331811,50.531465],[15.632061,50.5314638],[15.6304098,50.5310922],[15.6282929,50.5304565],[15.628092,50.5295175],[15.628276,50.5281684],[15.6282371,50.5281541],[15.6278674,50.5271755],[15.6276458,50.5251327],[15.6272799,50.5250715],[15.6271954,50.5241223],[15.6266765,50.5236112],[15.6266107,50.5232882],[15.6275022,50.5227307],[15.62768,50.5219384],[15.6273323,50.522058],[15.6270553,50.521847],[15.6270589,50.5218337],[15.6270637,50.5216106],[15.6270444,50.5215032],[15.6270346,50.5214718],[15.626964,50.521402],[15.6269137,50.5213798],[15.6268463,50.5213639],[15.62675,50.521357],[15.6266018,50.5213812],[15.6265427,50.5213949],[15.6263892,50.5214298],[15.6262993,50.5214407],[15.6261632,50.5214472],[15.6259542,50.5214749],[15.6258625,50.521506],[15.625654,50.5216097],[15.6255434,50.5216477],[15.6254139,50.5216965],[15.6253388,50.5217295],[15.6252651,50.5217418],[15.6250764,50.5217713],[15.6250235,50.5217895],[15.6248883,50.5218447],[15.6248371,50.5218558],[15.6248408,50.5219564],[15.6241542,50.5223014],[15.6235798,50.52222],[15.6223251,50.522097],[15.6158193,50.520505],[15.6133003,50.5217948],[15.612786,50.5218252],[15.6114252,50.5221061],[15.6087328,50.5223411],[15.6087706,50.5215928],[15.6078397,50.5214316],[15.6072562,50.5213384],[15.6067261,50.5212577],[15.6062845,50.5212056],[15.6059324,50.5211721],[15.603976,50.5240431],[15.6038861,50.5239864],[15.6037528,50.5239575],[15.6036591,50.5239521],[15.6035663,50.5239278],[15.6034433,50.5238699],[15.6033422,50.5238876],[15.60345,50.5241525],[15.6004496,50.5236877],[15.6006596,50.5234957],[15.6007386,50.5232798],[15.599024,50.5202716],[15.5989537,50.52013],[15.5989504,50.5201042],[15.5989125,50.5198109],[15.5984653,50.518791]]]}},{"type":"Feature","properties":{"SKNAZEV":"oblast a osa","OBTYPNAZEV":"AKC","DRUH_O_AKC":"AOV","ID_LOKAL":106,"OZNACENI_P":"AOV106","UO":1,"VYKON":81,"UROVEN":"URP","ID_NDOK":null,"NAZEV_NDOK":null,"NAZEV":"Dešov","ZM_CISLO_P":2,"EUP_KOD_P":22907,"ZAPIS":"ZMZA","JE_AKTUALNI":true,"STAV_VYBERU":"ponechana"},"geometry":{"type":"Polygon","coordinates":[[[15.7077846,48.9905781],[15.7120395,48.9892628],[15.712873,48.9884682],[15.7129746,48.9885373],[15.7135575,48.9885547],[15.7135427,48.988406],[15.713587,48.9882099],[15.7137053,48.9879545],[15.7138936,48.9876961],[15.7138649,48.9876149],[15.713194,48.9872443],[15.713104,48.987194],[15.7132866,48.9871035],[15.7133806,48.9870672],[15.7140026,48.9852621],[15.7139678,48.9851466],[15.7137408,48.9836292],[15.7136849,48.9835546],[15.7130372,48.982611],[15.7131864,48.9823448],[15.7130437,48.9820871],[15.7129708,48.9816388],[15.7129488,48.9812941],[15.7132243,48.9807337],[15.7128899,48.9807387],[15.7128114,48.9806662],[15.7123131,48.9806562],[15.7120688,48.9806238],[15.7118687,48.9805592],[15.7115677,48.9803532],[15.7110267,48.9800972],[15.7098941,48.9795008],[15.7086669,48.9789063],[15.7078551,48.9788765],[15.7065873,48.9787422],[15.7069067,48.9782301],[15.7075619,48.977893],[15.7116061,48.9766274],[15.7116683,48.9765813],[15.7128915,48.9764887],[15.7135146,48.9764318],[15.7140844,48.9763398],[15.7147229,48.9769103],[15.7166378,48.9767223],[15.7171853,48.9766169],[15.7184971,48.9768103],[15.7190054,48.9768083],[15.720671,48.9771221],[15.7209653,48.9771754],[15.7232519,48.9769256],[15.7251498,48.9768264],[15.7252231,48.9767923],[15.727206,48.9766051],[15.730115,48.9776956],[15.7316686,48.9786598],[15.7346923,48.9792716],[15.7379658,48.980683],[15.7377534,48.9827766],[15.737516,48.9835783],[15.7370256,48.9841356],[15.7367168,48.9849442],[15.7366936,48.9852586],[15.7361411,48.9853725],[15.7358074,48.9884987],[15.7360806,48.9909157],[15.7362413,48.9913946],[15.7355323,48.9948957],[15.7375241,48.9945288],[15.7391086,48.9973919],[15.7396075,48.9973607],[15.7397951,48.9973903],[15.7404623,48.9981247],[15.7407104,48.9980394],[15.7433774,48.9997651],[15.744206,48.9997232],[15.7490076,49.001779],[15.749454,49.0020094],[15.7503487,49.0022981],[15.7505165,49.0023616],[15.7521394,49.003145],[15.7528658,49.0028481],[15.7543316,49.0036091],[15.7513212,49.0051152],[15.7512491,49.0054322],[15.7474852,49.0062873],[15.7461212,49.0064705],[15.7436019,49.0069781],[15.7429207,49.0070959],[15.7419763,49.0073584],[15.7401967,49.0082663],[15.7397993,49.0081254],[15.7394129,49.0079885],[15.7390368,49.0078772],[15.7388534,49.0077251],[15.7369571,49.0047139],[15.7365389,49.0039928],[15.7371444,49.0036997],[15.7373443,49.0036302],[15.7385138,49.003282],[15.7367054,49.0006636],[15.7345284,49.0011384],[15.7335667,49.0012973],[15.7325846,49.0007293],[15.730236,49.0008059],[15.7242633,49.0012176],[15.7245777,49.0014946],[15.7222959,49.0033628],[15.7210772,49.0054646],[15.7202656,49.0064903],[15.7196288,49.0078049],[15.7199152,49.0097578],[15.7200678,49.0097667],[15.7214872,49.0117546],[15.7209026,49.0118614],[15.7204733,49.0120387],[15.7202099,49.0152145],[15.7201621,49.0153082],[15.7174532,49.0165582],[15.7170124,49.0168615],[15.7171258,49.016997],[15.714549,49.0175263],[15.7130185,49.0170764],[15.7127428,49.0171624],[15.7116392,49.0165399],[15.7108812,49.0160766],[15.709399,49.0151841],[15.7078024,49.015287],[15.7073983,49.0153689],[15.7069223,49.0155394],[15.7068775,49.0155824],[15.7066949,49.0156626],[15.706193,49.0159007],[15.7055989,49.0160617],[15.7049213,49.0162502],[15.7046456,49.0162238],[15.7028844,49.0168695],[15.7024234,49.0170015],[15.7022842,49.0170349],[15.7021704,49.0170588],[15.701401,49.0171015],[15.7011948,49.0171651],[15.7011106,49.0171805],[15.7009224,49.0172399],[15.7004216,49.0173778],[15.7001774,49.0174342],[15.7020456,49.0186138],[15.7028933,49.0193952],[15.7024194,49.0194569],[15.702413,49.0194666],[15.7023774,49.0195594],[15.7023656,49.0196722],[15.7023735,49.0197759],[15.7024007,49.0198726],[15.7024906,49.0200582],[15.7025151,49.0200832],[15.7025667,49.0201063],[15.7026756,49.0201134],[15.7027623,49.0201075],[15.7028771,49.0201014],[15.7030971,49.020104],[15.7034979,49.020078],[15.7036874,49.0200691],[15.7040561,49.0200741],[15.7043225,49.0200598],[15.7046371,49.0200748],[15.7047024,49.0200649],[15.7047702,49.0200629],[15.705023,49.0200813],[15.7052372,49.0200881],[15.7054335,49.0200634],[15.7057068,49.020038],[15.7056956,49.0204706],[15.7056948,49.0205026],[15.7060036,49.0203856],[15.7033759,49.0225628],[15.700736,49.0228357],[15.7006994,49.0229457],[15.7008141,49.0230832],[15.7010768,49.0236418],[15.7012925,49.0238389],[15.7011069,49.0241263],[15.7003577,49.0245365],[15.7002985,49.024569],[15.6990041,49.0239888],[15.6983875,49.0237235],[15.6978357,49.0234847],[15.6971775,49.0231994],[15.6968282,49.0230445],[15.6972052,49.0209292],[15.696955,49.019314],[15.6965397,49.0190289],[15.6964475,49.0180413],[15.6966139,49.0157903],[15.696142,49.015105],[15.6955172,49.0138068],[15.6950776,49.0134511],[15.6947521,49.0131928],[15.6981827,49.0127943],[15.6988332,49.0128147],[15.6997008,49.0130909],[15.7030086,49.0090119],[15.7025245,49.007257],[15.7024965,49.0072017],[15.7024993,49.0070088],[15.7017398,49.0061203],[15.7036626,49.0055136],[15.7044121,49.004342],[15.7050372,49.0041457],[15.7111599,49.0037923],[15.7113625,49.0037607],[15.7141864,49.0002759],[15.7145183,49.0005482],[15.7148621,49.0009598],[15.7141858,48.9964626],[15.7137452,48.9958111],[15.7135142,48.995499],[15.7133661,48.9954298],[15.7133455,48.9945485],[15.7127761,48.9941671],[15.7124939,48.9939781],[15.7116139,48.9933826],[15.7111404,48.9930331],[15.7106376,48.9926236],[15.7103127,48.992359],[15.7097635,48.9919116],[15.7091651,48.9914151],[15.708872,48.9911767],[15.7085533,48.9909475],[15.7077846,48.9905781]]]}},{"type":"Feature","properties":{"SKNAZEV":"oblast a osa","OBTYPNAZEV":"AKC","DRUH_O_AKC":"AOV","ID_LOKAL":59,"OZNACENI_P":"AOV59","UO":1,"VYKON":32,"UROVEN":"URP","ID_NDOK":null,"NAZEV_NDOK":null,"NAZEV":"Liščí vrch","ZM_CISLO_P":2,"EUP_KOD_P":22907,"ZAPIS":"ZMZA","JE_AKTUALNI":true,"STAV_VYBERU":"ponechana"},"geometry":{"type":"Polygon","coordinates":[[[17.5742833,49.9522538],[17.5743809,49.9521297],[17.574568,49.9518905],[17.5746516,49.9517778],[17.5749028,49.9514268],[17.5750503,49.9512045],[17.5751631,49.9510271],[17.5751986,49.9509673],[17.5752381,49.9508958],[17.5752626,49.9508437],[17.5752909,49.9507746],[17.575356,49.9505862],[17.5753744,49.950541],[17.5754088,49.9504689],[17.5754922,49.9503214],[17.5755414,49.9502359],[17.5755912,49.9501312],[17.5756128,49.9500779],[17.5756417,49.9499852],[17.5756547,49.949929],[17.5756624,49.9498751],[17.5756648,49.9498276],[17.5756623,49.9497754],[17.5756562,49.9497204],[17.5756406,49.9496518],[17.5756192,49.9495892],[17.5755956,49.9495241],[17.5755781,49.9494791],[17.5755491,49.9494172],[17.5755249,49.9493705],[17.5754972,49.9493266],[17.5754625,49.9492826],[17.5754244,49.949241],[17.5753847,49.9492036],[17.5753406,49.9491662],[17.5752516,49.9491028],[17.5753362,49.9490283],[17.5753959,49.9489762],[17.5761163,49.9484882],[17.5762058,49.9484387],[17.5765008,49.9482347],[17.5768819,49.9479873],[17.5772885,49.9477175],[17.5775863,49.9475065],[17.5778831,49.9473115],[17.5779892,49.9473663],[17.578126,49.9475064],[17.5782478,49.947623],[17.5783594,49.9477158],[17.5784824,49.9477966],[17.578871,49.9480216],[17.5789412,49.948066],[17.5790744,49.9482038],[17.5792451,49.9483284],[17.5793328,49.9484097],[17.5794777,49.9485724],[17.5795934,49.9487093],[17.57969,49.9488553],[17.5797745,49.9489612],[17.5798616,49.9490348],[17.5799574,49.9490772],[17.5800714,49.949105],[17.5802155,49.9491413],[17.5803393,49.9491516],[17.5804976,49.9491326],[17.5806129,49.949123],[17.5807455,49.949124],[17.5809645,49.9491398],[17.5812181,49.9491591],[17.5813356,49.9491763],[17.581428,49.9491946],[17.5815048,49.949206],[17.5816032,49.9492039],[17.5816782,49.949204],[17.5817645,49.9492063],[17.5817899,49.9492044],[17.5822495,49.9489478],[17.5825395,49.9487333],[17.5827759,49.9485799],[17.5828618,49.9485243],[17.5831365,49.9480512],[17.5833436,49.9477257],[17.5836519,49.9473542],[17.5838828,49.9471368],[17.5840132,49.9470563],[17.5840704,49.947021],[17.5842896,49.946897],[17.5843152,49.9468825],[17.5843706,49.9469027],[17.5843887,49.9469185],[17.5844466,49.9468971],[17.5846667,49.9470743],[17.584766,49.9470196],[17.5853312,49.9467415],[17.5862101,49.9462203],[17.5862583,49.946152],[17.5861991,49.9460361],[17.5860635,49.9457707],[17.5861833,49.9456973],[17.5861954,49.9456602],[17.5862314,49.9455493],[17.5863344,49.9454545],[17.5863054,49.9451374],[17.5862397,49.9449494],[17.5861055,49.9445647],[17.5861137,49.9445551],[17.5859573,49.9439956],[17.585925,49.9438727],[17.5898192,49.9437123],[17.5933967,49.9445128],[17.5952392,49.9452806],[17.5965118,49.9470756],[17.5969381,49.9476626],[17.5975154,49.9484575],[17.5975294,49.9484767],[17.5977791,49.9488465],[17.5977967,49.9488726],[17.5978083,49.9488748],[17.597811,49.9488805],[17.5978054,49.9488855],[17.5978779,49.9489927],[17.5979625,49.9491179],[17.5980006,49.9491746],[17.5980918,49.9492978],[17.5986008,49.9499851],[17.5991562,49.9507352],[17.5996129,49.9514471],[17.5997714,49.9516942],[17.5998828,49.9524757],[17.5999008,49.9526381],[17.5999043,49.9526694],[17.599971,49.9533965],[17.6001131,49.9547925],[17.6003076,49.9562971],[17.5993507,49.9565952],[17.5996386,49.9569071],[17.5978041,49.9577596],[17.5977395,49.9577868],[17.5972355,49.9580032],[17.597169,49.9580236],[17.596761,49.9582248],[17.5967184,49.9582352],[17.5960884,49.9584163],[17.5960416,49.9584134],[17.5950195,49.9591998],[17.5948516,49.959229],[17.5941114,49.9599101],[17.5939755,49.9600963],[17.5936917,49.9601645],[17.593517,49.9600871],[17.5934392,49.9601069],[17.5927383,49.9597141],[17.5926259,49.9597174],[17.5910999,49.9598387],[17.5902793,49.9598421],[17.5902715,49.9598589],[17.5902378,49.959917],[17.5901721,49.9599894],[17.5899929,49.9601287],[17.5898429,49.9602182],[17.5897436,49.9602633],[17.589593,49.9603152],[17.589525,49.960337],[17.5892997,49.9604212],[17.5891915,49.9604468],[17.5889356,49.9604838],[17.5887896,49.9604875],[17.5886118,49.9605002],[17.5886132,49.9605036],[17.587751,49.9607708],[17.5877457,49.9607889],[17.5873407,49.9609215],[17.5865749,49.9615305],[17.5855088,49.9623066],[17.5855298,49.9623611],[17.5854068,49.9623896],[17.5846808,49.9651032],[17.58318,49.9659012],[17.582248,49.9670254],[17.5803899,49.965424],[17.5779197,49.9642857],[17.57669,49.9639102],[17.5745142,49.9635067],[17.5744924,49.9635716],[17.5744291,49.9631883],[17.5742226,49.9628935],[17.5739746,49.9625396],[17.5735209,49.9619079],[17.5732131,49.9615306],[17.5732031,49.9615303],[17.5721761,49.9601604],[17.5722115,49.9600881],[17.5730078,49.9598267],[17.5731241,49.9597741],[17.5732668,49.9596586],[17.573337,49.9595158],[17.5735639,49.9594145],[17.5734956,49.9592743],[17.5734819,49.9592462],[17.5734013,49.9591159],[17.5732851,49.958995],[17.5729618,49.9585991],[17.5728428,49.9585138],[17.572716,49.9583776],[17.5726716,49.9579959],[17.5727946,49.9573747],[17.572912,49.9570925],[17.5715489,49.9562801],[17.5708727,49.9557797],[17.5710017,49.9557049],[17.5710966,49.9556399],[17.5711735,49.9555724],[17.5712368,49.955504],[17.5712753,49.95545],[17.5713145,49.9553799],[17.5713344,49.9553281],[17.5713597,49.9552283],[17.5713797,49.9551496],[17.5714016,49.9550899],[17.5714251,49.9550526],[17.5714779,49.9549933],[17.5716631,49.9548157],[17.5718249,49.9546772],[17.5718884,49.9546266],[17.5719992,49.9545472],[17.5720603,49.9545177],[17.5721351,49.9544888],[17.5723021,49.9544335],[17.5724293,49.9543867],[17.5725161,49.9543504],[17.5725715,49.9543189],[17.5726153,49.9542863],[17.5726625,49.9542381],[17.5727177,49.9541632],[17.5728636,49.9539323],[17.5729779,49.9537478],[17.5730437,49.9536604],[17.5731586,49.9535247],[17.5732616,49.9534127],[17.5734513,49.9531999],[17.5735581,49.9530714],[17.573814,49.9527866],[17.573927,49.9526714],[17.5740501,49.9525313],[17.5741899,49.9523673],[17.5742833,49.9522538]]]}},{"type":"Feature","properties":{"SKNAZEV":"oblast a osa","OBTYPNAZEV":"AKC","DRUH_O_AKC":"AOV","ID_LOKAL":109,"OZNACENI_P":"AOV109","UO":1,"VYKON":39,"UROVEN":"URP","ID_NDOK":null,"NAZEV_NDOK":null,"NAZEV":"Lukoveček","ZM_CISLO_P":2,"EUP_KOD_P":22907,"ZAPIS":"ZMZA","JE_AKTUALNI":false,"STAV_VYBERU":"zrusena"},"geometry":{"type":"Polygon","coordinates":[[[17.6460034,49.3066303],[17.6468584,49.3078793],[17.6469859,49.3080422],[17.6460843,49.3085483],[17.6460785,49.3085517],[17.6460344,49.3085793],[17.6460304,49.3085835],[17.6459942,49.3086218],[17.6459764,49.3086406],[17.6459608,49.3086609],[17.6459301,49.3087011],[17.6458993,49.3087413],[17.6458687,49.3087814],[17.6458617,49.3087905],[17.6458341,49.3088202],[17.6458123,49.3088437],[17.6457984,49.3088586],[17.6457628,49.308897],[17.6457502,49.3089104],[17.645729,49.3089361],[17.6456963,49.3089756],[17.6456637,49.3090152],[17.6456572,49.309023],[17.6456387,49.3090569],[17.6456156,49.3090992],[17.6456014,49.3091255],[17.6456007,49.3091424],[17.6456003,49.309152],[17.645599,49.3091598],[17.6445419,49.3095131],[17.6438678,49.3092906],[17.6402829,49.3086826],[17.6399214,49.3086051],[17.6398802,49.3085697],[17.6398331,49.3084444],[17.6397095,49.308143],[17.6396037,49.3079884],[17.6389274,49.3078456],[17.6386535,49.3077926],[17.6384768,49.3077195],[17.6359687,49.3081585],[17.6359086,49.3081795],[17.6339467,49.3085787],[17.6334408,49.3087398],[17.6332665,49.3087213],[17.629547,49.3101333],[17.6262613,49.3094192],[17.6259865,49.3091024],[17.625885,49.3090141],[17.6257634,49.3089953],[17.6255451,49.3089904],[17.6228233,49.310024],[17.622773,49.3100432],[17.6226908,49.3100543],[17.6224537,49.3101472],[17.6223976,49.310191],[17.6213964,49.3106974],[17.6211753,49.3107649],[17.6209424,49.3107853],[17.6207409,49.3107711],[17.6206215,49.3107562],[17.6203235,49.3107189],[17.6188067,49.3105293],[17.6185365,49.3103812],[17.6174414,49.3089606],[17.6186729,49.308493],[17.619562,49.3081556],[17.6206058,49.3077591],[17.6206722,49.307746],[17.620682,49.3076526],[17.6237606,49.3063875],[17.626276,49.305159],[17.6261138,49.3048772],[17.6278696,49.3020109],[17.6277356,49.3017522],[17.6275732,49.3015009],[17.6275174,49.3014379],[17.6274058,49.3013124],[17.6273505,49.3009299],[17.6272779,49.2999897],[17.626567,49.2993527],[17.6265128,49.2992565],[17.6263967,49.2991843],[17.6261297,49.2990136],[17.6259887,49.2989056],[17.6257959,49.2985489],[17.6257458,49.2983081],[17.6252774,49.2969903],[17.6252472,49.2969449],[17.6248601,49.296319],[17.6251322,49.2962119],[17.625041,49.2960986],[17.6250021,49.2960737],[17.6249574,49.2960301],[17.6249255,49.2959897],[17.6247523,49.2958484],[17.6247117,49.2958113],[17.624564,49.295655],[17.6244668,49.2955335],[17.6241044,49.2950407],[17.624088,49.2950435],[17.6239119,49.2947569],[17.623785,49.2945003],[17.6233589,49.2937511],[17.6231002,49.2933034],[17.6231197,49.2932978],[17.6228072,49.2924921],[17.6224787,49.2919071],[17.6222197,49.2915162],[17.6216326,49.2906356],[17.6213638,49.2903844],[17.6212968,49.2903126],[17.6212481,49.2901376],[17.6212727,49.2897276],[17.6210676,49.2894471],[17.6208751,49.2893065],[17.6206464,49.2891647],[17.6204875,49.2890371],[17.6204086,49.2889491],[17.6205079,49.2876887],[17.6207272,49.2877412],[17.622892,49.2876182],[17.6247699,49.2877473],[17.624998,49.2877833],[17.6273921,49.2885903],[17.630151,49.2868315],[17.635229,49.2861981],[17.6353322,49.2862346],[17.635444,49.2863378],[17.6357025,49.2863482],[17.6364978,49.2879151],[17.6368639,49.2883149],[17.6373677,49.2887374],[17.6390304,49.2915606],[17.6391901,49.2920427],[17.6405073,49.2939923],[17.6412856,49.2954889],[17.6424725,49.296926],[17.6427714,49.2971442],[17.6429774,49.2973275],[17.6443205,49.2975628],[17.6460397,49.2981474],[17.6459976,49.2979847],[17.646321,49.2980339],[17.6474429,49.2983329],[17.6495349,49.2982158],[17.6495976,49.2981982],[17.6499627,49.2987334],[17.6499998,49.298785],[17.6543809,49.2986829],[17.6545742,49.2989009],[17.6571935,49.2985782],[17.6573611,49.2986745],[17.6575247,49.2987685],[17.657939,49.2988078],[17.6583,49.2988423],[17.6585315,49.2988852],[17.6587279,49.2990216],[17.6588807,49.2990579],[17.6589564,49.2991142],[17.6590284,49.2991429],[17.6591119,49.2992355],[17.6592713,49.2993658],[17.6597131,49.2998352],[17.6596328,49.2999895],[17.6582628,49.3013005],[17.6582269,49.3016183],[17.6582428,49.3016478],[17.6574361,49.3023663],[17.6526993,49.3027998],[17.6497238,49.3034068],[17.6499434,49.3035307],[17.6497117,49.3037147],[17.6484321,49.3043266],[17.6483551,49.3043176],[17.6477299,49.3048218],[17.6471672,49.3053029],[17.6462987,49.3059655],[17.6463003,49.3059802],[17.6463011,49.3059861],[17.6463151,49.3060241],[17.6463247,49.3060502],[17.6463297,49.3060681],[17.646342,49.3061124],[17.6463544,49.3061567],[17.6463668,49.306201],[17.6463792,49.3062453],[17.6463819,49.3062551],[17.6463853,49.30629],[17.6463876,49.3063135],[17.6463788,49.3063342],[17.6463604,49.3063776],[17.646352,49.3063974],[17.6463439,49.3064164],[17.6463413,49.3064209],[17.6463268,49.306446],[17.6463043,49.3064566],[17.6462859,49.3064653],[17.6462577,49.3064785],[17.6462507,49.3064845],[17.6462089,49.3065203],[17.646178,49.3065467],[17.6461625,49.3065527],[17.6461486,49.306558],[17.646098,49.3065679],[17.6460837,49.3065707],[17.6460311,49.3065782],[17.6460181,49.30658],[17.6459997,49.3065876],[17.6460016,49.3066098],[17.6460027,49.3066225],[17.6460034,49.3066303]]]}},{"type":"Feature","properties":{"SKNAZEV":"oblast a osa","OBTYPNAZEV":"AKC","DRUH_O_AKC":"AOS","ID_LOKAL":8,"OZNACENI_P":"AOS8","UO":1,"VYKON":51,"UROVEN":"URP","ID_NDOK":null,"NAZEV_NDOK":null,"NAZEV":"Prusy","ZM_CISLO_P":2,"EUP_KOD_P":22907,"ZAPIS":"ZMZA"},"geometry":{"type":"Polygon","coordinates":[[[17.5145385,49.4192437],[17.5145833,49.4203976],[17.5145884,49.4205334],[17.5149215,49.4206154],[17.5154135,49.4203473],[17.5158816,49.4202549],[17.5165467,49.4202255],[17.5165404,49.4201761],[17.5163505,49.4200247],[17.5163664,49.4199386],[17.5175375,49.4205113],[17.5175398,49.4205135],[17.5175432,49.4205168],[17.518324,49.422394],[17.518325,49.4224058],[17.5183256,49.4224125],[17.5180346,49.4231621],[17.5178573,49.42321],[17.5170966,49.4227368],[17.5168332,49.4224561],[17.5168099,49.4223942],[17.5167404,49.4222674],[17.5167287,49.4222438],[17.5167088,49.4222041],[17.5166349,49.4221076],[17.5165946,49.422067],[17.5165377,49.4220096],[17.5163639,49.4219145],[17.5163175,49.4219069],[17.5162785,49.4218653],[17.5162115,49.4218794],[17.5161584,49.4218819],[17.5156333,49.4219156],[17.5156143,49.4219316],[17.5155623,49.4219659],[17.5155211,49.421993],[17.5154601,49.4220261],[17.515407,49.4220548],[17.5153563,49.4220852],[17.5153372,49.422115],[17.5153238,49.4221575],[17.5153227,49.4221883],[17.5153219,49.4222168],[17.515321,49.4222434],[17.5153233,49.4222617],[17.5153291,49.4223065],[17.5153349,49.4223513],[17.5153355,49.4223561],[17.5153389,49.4223962],[17.5153428,49.4224411],[17.5153449,49.4224647],[17.5153427,49.422486],[17.5153382,49.4225309],[17.5153337,49.4225758],[17.5153297,49.4226142],[17.5153268,49.4226203],[17.5153071,49.4226635],[17.5152873,49.4227066],[17.5152771,49.4227288],[17.515264,49.4227488],[17.5152369,49.4227901],[17.5152098,49.4228315],[17.5152068,49.422836],[17.5151774,49.4228711],[17.5151443,49.4229106],[17.5151266,49.4229316],[17.5151135,49.4229509],[17.5150855,49.4229919],[17.5150574,49.423033],[17.5150539,49.4230382],[17.5150335,49.4230752],[17.5150102,49.4231175],[17.514987,49.4231598],[17.5149735,49.4231846],[17.5149661,49.4232027],[17.5149485,49.4232461],[17.5149309,49.4232897],[17.5149294,49.4232935],[17.5149106,49.4233327],[17.51489,49.4233755],[17.5148694,49.4234185],[17.5148488,49.4234614],[17.5148282,49.4235044],[17.5148195,49.4235227],[17.5148133,49.4235482],[17.5148027,49.4235926],[17.514792,49.423637],[17.5147856,49.4236635],[17.5147825,49.4236815],[17.5147752,49.4237263],[17.5147678,49.423771],[17.514763,49.4237997],[17.5147643,49.4238157],[17.5147678,49.4238607],[17.5147692,49.4238801],[17.5147667,49.4239056],[17.5147623,49.4239505],[17.514762,49.4239546],[17.5147585,49.4239954],[17.5147545,49.4240403],[17.513897,49.4237401],[17.5132259,49.4229407],[17.5127353,49.4225442],[17.5126054,49.4224195],[17.5125429,49.4220481],[17.5126173,49.4212798],[17.5131706,49.4204851],[17.5135067,49.4193068],[17.5135966,49.4185485],[17.5136289,49.4184685],[17.5136595,49.4184921],[17.5140019,49.4184711],[17.5142412,49.4169529],[17.5144605,49.4164178],[17.5144567,49.4164199],[17.5145038,49.4163034],[17.5145153,49.4162748],[17.5145736,49.4161307],[17.5145747,49.4161284],[17.514576,49.4161255],[17.5146616,49.4159442],[17.5146916,49.4159001],[17.5147605,49.4157511],[17.5147649,49.4157207],[17.5149975,49.4151376],[17.515067,49.4149112],[17.5151721,49.4146515],[17.5151673,49.4146291],[17.5151437,49.4145115],[17.5150399,49.4144796],[17.514981,49.4141868],[17.5142783,49.4139555],[17.5143428,49.4138491],[17.5144063,49.4137003],[17.5144677,49.4134787],[17.5145054,49.4132117],[17.5145383,49.4130401],[17.5145615,49.4129514],[17.5145861,49.4128571],[17.5146536,49.4127325],[17.5147264,49.4125177],[17.5154553,49.4119684],[17.5154548,49.4119644],[17.5154499,49.4118933],[17.5154636,49.4118553],[17.5155238,49.4117607],[17.5156303,49.4116456],[17.5157643,49.411459],[17.5158004,49.4113675],[17.5158164,49.4112655],[17.5158165,49.4112647],[17.515831,49.4112244],[17.5158722,49.4111042],[17.5159087,49.4110274],[17.5160676,49.4108265],[17.5161816,49.4106424],[17.5162261,49.4105705],[17.516306,49.4104812],[17.5163711,49.4104438],[17.5164262,49.4104255],[17.5164476,49.4104069],[17.516458,49.4103786],[17.5166812,49.4104405],[17.5166234,49.4106253],[17.5166116,49.410663],[17.5165416,49.4108869],[17.5164753,49.4110985],[17.516445,49.4111955],[17.5163987,49.4113432],[17.5165368,49.4113625],[17.5166744,49.4113817],[17.5169466,49.4119201],[17.516837,49.412325],[17.5167922,49.4124782],[17.5167902,49.4125106],[17.5165991,49.4132316],[17.5165746,49.4133241],[17.5164884,49.413287],[17.5164832,49.4132855],[17.5162284,49.4132144],[17.5162177,49.4132115],[17.5162008,49.413238],[17.5162448,49.4132963],[17.5164664,49.4135895],[17.5165763,49.4137366],[17.5166719,49.4138646],[17.5166717,49.4138637],[17.5166725,49.4138641],[17.5166722,49.413865],[17.5166855,49.4139441],[17.5167368,49.4142505],[17.516785,49.414538],[17.5167864,49.4145468],[17.5167797,49.4145472],[17.5167796,49.4145477],[17.5167787,49.4145697],[17.5166861,49.4145745],[17.5167021,49.4146105],[17.5166837,49.4146774],[17.5166792,49.4147917],[17.516715,49.4149011],[17.5167182,49.4150536],[17.5167136,49.4151395],[17.5167154,49.415224],[17.5167133,49.4153644],[17.5167123,49.4154991],[17.5166954,49.4155849],[17.5165764,49.4158817],[17.5165663,49.4159868],[17.516551,49.4160705],[17.516487,49.4162617],[17.5164573,49.4163185],[17.5189686,49.4163221],[17.5194085,49.4175039],[17.5189159,49.4175379],[17.5201605,49.419307],[17.5212967,49.4203487],[17.5212859,49.4201649],[17.5212817,49.4200931],[17.5213031,49.4197315],[17.5212822,49.4193703],[17.521305,49.4189515],[17.5213395,49.4189502],[17.521621,49.4189627],[17.5216497,49.418964],[17.5213997,49.4187222],[17.5213907,49.4186633],[17.5213576,49.4184615],[17.5216029,49.4173525],[17.5212401,49.4173776],[17.521122,49.4173857],[17.5211223,49.4173746],[17.5211128,49.417261],[17.5210495,49.4170028],[17.521039,49.4169029],[17.5210233,49.4168468],[17.5209218,49.4166963],[17.5208742,49.4166057],[17.5208338,49.4165442],[17.5207643,49.4164332],[17.5207156,49.4163347],[17.5206672,49.4162133],[17.5206455,49.4161538],[17.5206462,49.4160949],[17.5206714,49.4160472],[17.5206687,49.4160408],[17.520648,49.4159896],[17.5207962,49.4160315],[17.5208616,49.41605],[17.520977,49.4160827],[17.5215253,49.4162381],[17.5218079,49.4163182],[17.5218119,49.4163208],[17.5219565,49.4163602],[17.5220169,49.4163744],[17.5221985,49.416417],[17.5227195,49.4165394],[17.5227901,49.4165566],[17.5232168,49.4166603],[17.5232181,49.4167636],[17.5232266,49.4174511],[17.5232317,49.4178537],[17.5232358,49.4181758],[17.5232464,49.418997],[17.5232577,49.4191623],[17.5232855,49.4195664],[17.5232853,49.4195677],[17.5232827,49.4196268],[17.5232822,49.4196371],[17.5232813,49.4196569],[17.5232484,49.4196559],[17.5232625,49.4198752],[17.5232685,49.4199683],[17.5232594,49.4200182],[17.5232761,49.420062],[17.5233178,49.4200637],[17.5233111,49.4201245],[17.5233035,49.4202183],[17.5232983,49.4202901],[17.5232942,49.4203964],[17.523291,49.4204491],[17.5232893,49.4204787],[17.5232834,49.420578],[17.5232834,49.4205789],[17.5232856,49.4207312],[17.5232899,49.4207943],[17.523288,49.420804],[17.5232795,49.4208487],[17.5232778,49.4208577],[17.5232758,49.4208935],[17.5232735,49.4209384],[17.5232721,49.4209632],[17.5232706,49.4209834],[17.5232679,49.4210221],[17.5232674,49.4210283],[17.5232627,49.4211182],[17.5232614,49.4211632],[17.5232611,49.4211717],[17.5233561,49.421152],[17.5233907,49.4212585],[17.5234187,49.4213224],[17.5234145,49.4213359],[17.523412,49.4213437],[17.5234104,49.4213806],[17.5234094,49.4214062],[17.523406,49.4214254],[17.5233982,49.4214701],[17.5233928,49.4215012],[17.5233933,49.4215149],[17.523395,49.4215599],[17.5233966,49.4216048],[17.5237519,49.4220029],[17.5237572,49.4220131],[17.5237743,49.4220559],[17.5237917,49.422099],[17.5237871,49.4221205],[17.523778,49.4221919],[17.5237499,49.4222601],[17.5237349,49.4222967],[17.5237297,49.4223274],[17.5229107,49.4234055],[17.5231848,49.4238657],[17.5233047,49.4240827],[17.5222755,49.4243593],[17.5220645,49.424394],[17.5219559,49.4244165],[17.5217769,49.4244712],[17.5217225,49.4244766],[17.5216621,49.4243728],[17.5215822,49.4242353],[17.521518,49.424125],[17.5214748,49.4241373],[17.5213623,49.4241745],[17.5211147,49.4242381],[17.5209355,49.424287],[17.5207858,49.4243437],[17.5206443,49.4243791],[17.5205517,49.4244111],[17.5205097,49.4244255],[17.5204877,49.4244297],[17.520382,49.4242202],[17.5203456,49.4242314],[17.5202784,49.4242408],[17.520211,49.4242502],[17.5202046,49.4242511],[17.5201429,49.4242572],[17.5200748,49.4242638],[17.5200067,49.4242705],[17.5199652,49.4242746],[17.5199387,49.4242779],[17.5198711,49.4242865],[17.5198034,49.424295],[17.5197713,49.4242991],[17.5197352,49.4243011],[17.5196664,49.424305],[17.5195979,49.424309],[17.5195292,49.4243129],[17.5194714,49.4243161],[17.5194604,49.4243159],[17.5193915,49.4243146],[17.5193228,49.4243132],[17.5192539,49.4243118],[17.519185,49.4243105],[17.5191369,49.4243096],[17.5191163,49.4243075],[17.519048,49.424301],[17.51902,49.4242983],[17.5189811,49.4242909],[17.5189149,49.4242783],[17.5188488,49.4242658],[17.5187825,49.4242531],[17.5187433,49.4242457],[17.518717,49.4242395],[17.5186522,49.424224],[17.5185876,49.4242086],[17.5185776,49.4242062],[17.5185273,49.4241869],[17.5184678,49.4241641],[17.518431,49.42415],[17.5190954,49.423972],[17.5188058,49.4222759],[17.5187162,49.420903],[17.5187341,49.4204404],[17.5187634,49.4196847],[17.5187638,49.4196757],[17.5187674,49.4195801],[17.5187259,49.4195718],[17.5185568,49.4194972],[17.5184746,49.419483],[17.5183631,49.4194644],[17.5178832,49.4193285],[17.5177366,49.41928],[17.5176111,49.4192213],[17.517563,49.4192009],[17.5174099,49.4191658],[17.5172816,49.4191372],[17.5171135,49.4190862],[17.5159606,49.4183514],[17.515936,49.4183373],[17.5159136,49.4183068],[17.5158771,49.4182563],[17.5157724,49.418205],[17.5157087,49.4181778],[17.5156469,49.4181655],[17.5155327,49.4181598],[17.5154447,49.4181641],[17.5153759,49.4181675],[17.5153638,49.4181681],[17.5153084,49.4181763],[17.5152859,49.4181796],[17.515243,49.41819],[17.5151892,49.418203],[17.5151807,49.4182081],[17.5151438,49.4182298],[17.5151271,49.4182362],[17.5150678,49.418259],[17.5150085,49.4182819],[17.5150072,49.4182824],[17.5149677,49.4182984],[17.5149564,49.41831],[17.5149503,49.4183163],[17.5149426,49.4183338],[17.5149258,49.4183496],[17.5148961,49.4183776],[17.5148862,49.4183863],[17.514866,49.4184042],[17.5148364,49.4184164],[17.5148258,49.4184208],[17.514969,49.418439],[17.5148755,49.4184576],[17.5148306,49.4184753],[17.5147682,49.4185364],[17.5146285,49.4186677],[17.5144756,49.4188214],[17.5143888,49.4189322],[17.5142884,49.4191261],[17.5142342,49.4192623],[17.5143951,49.4192525],[17.5145385,49.4192437]]]}},{"type":"Feature","properties":{"SKNAZEV":"oblast a osa","OBTYPNAZEV":"AKC","DRUH_O_AKC":"AOS","ID_LOKAL":2,"OZNACENI_P":"AOS2","UO":1,"VYKON":70,"UROVEN":"URP","ID_NDOK":null,"NAZEV_NDOK":null,"NAZEV":"Bezuchov","ZM_CISLO_P":2,"EUP_KOD_P":22907,"ZAPIS":"ZMZA"},"geometry":{"type":"Polygon","coordinates":[[[17.6164451,49.460958],[17.6165191,49.4610383],[17.6165869,49.4611485],[17.6165957,49.4611629],[17.6166086,49.461184],[17.616609,49.4611848],[17.6166096,49.4611857],[17.6166104,49.4611871],[17.616612,49.4611896],[17.6166128,49.4611911],[17.6166134,49.461192],[17.616614,49.4611929],[17.616616,49.4611963],[17.6166165,49.4611972],[17.6166172,49.4611983],[17.6166175,49.4611989],[17.616618,49.4611996],[17.6166188,49.461201],[17.6166206,49.4612039],[17.6166379,49.4612329],[17.6166581,49.4612662],[17.6167169,49.4613514],[17.6167199,49.4613557],[17.6167209,49.4613574],[17.6167465,49.4613945],[17.6167678,49.4614254],[17.6167902,49.4614577],[17.6168047,49.4614854],[17.6168227,49.4615201],[17.6168426,49.4615582],[17.6168633,49.4615933],[17.6168887,49.4616667],[17.6169068,49.4617615],[17.6169218,49.4618214],[17.6169268,49.4619102],[17.6169306,49.4620014],[17.6169187,49.4620547],[17.6168941,49.4621072],[17.6168566,49.4621587],[17.6168106,49.462194],[17.616606,49.4622953],[17.6164987,49.4623356],[17.6163329,49.4623888],[17.6160794,49.462503],[17.6158657,49.4627082],[17.6158095,49.4627689],[17.6157062,49.462804],[17.6155886,49.462851],[17.6155464,49.4628941],[17.6153487,49.4629147],[17.6153554,49.4629478],[17.6152346,49.4629932],[17.6144572,49.4629112],[17.6127634,49.4627323],[17.6127107,49.4626789],[17.6126277,49.4624068],[17.6119851,49.4623079],[17.6117191,49.4622671],[17.6112714,49.4606807],[17.611635,49.4606298],[17.6116265,49.4606024],[17.6110582,49.4606063],[17.6106159,49.460644],[17.6104548,49.4606736],[17.6103897,49.460657],[17.6094405,49.4597553],[17.6093725,49.4597682],[17.6093152,49.4597609],[17.6090828,49.4598646],[17.6089076,49.4599427],[17.6082855,49.4601224],[17.6073198,49.4605545],[17.6072631,49.4605471],[17.6071715,49.4605882],[17.6071596,49.4606262],[17.6055582,49.4613439],[17.6055003,49.4613368],[17.6053678,49.4612909],[17.6010836,49.460485],[17.6009013,49.4604561],[17.6008904,49.460468],[17.6004223,49.46035],[17.6002245,49.460307],[17.5993602,49.4602031],[17.5992169,49.4601727],[17.5990671,49.4601245],[17.5980346,49.4596916],[17.5976094,49.4595084],[17.5972316,49.4592828],[17.597266,49.4592679],[17.597228,49.4591241],[17.5972214,49.4591016],[17.5971943,49.4590161],[17.5971848,49.4589867],[17.5970044,49.4584194],[17.5970024,49.4584128],[17.5969988,49.4584038],[17.5981775,49.4578578],[17.5984348,49.4573119],[17.598845,49.4573115],[17.5997347,49.4572912],[17.5997837,49.4572902],[17.6011166,49.4572601],[17.6012378,49.4572575],[17.603568,49.4572073],[17.6037805,49.4571992],[17.6065744,49.4571349],[17.6069165,49.4570728],[17.607385,49.4569134],[17.607925,49.4566],[17.6080881,49.4560293],[17.608072,49.4552047],[17.6080549,49.4551117],[17.6081551,49.4550913],[17.6084635,49.4536537],[17.6085557,49.4536544],[17.6085913,49.4536549],[17.6086124,49.4536431],[17.6086917,49.45363],[17.6087248,49.4536318],[17.6087714,49.4536214],[17.6089043,49.4536137],[17.6089316,49.4536116],[17.608964,49.4536238],[17.6090178,49.4536106],[17.6090676,49.4536072],[17.6091716,49.4535777],[17.6092302,49.4535599],[17.6092977,49.4535475],[17.6094074,49.453544],[17.6095077,49.4535489],[17.609655,49.45356],[17.6097575,49.4535531],[17.610093,49.453525],[17.6102279,49.4535162],[17.6104118,49.4535183],[17.6105902,49.4535152],[17.6107024,49.4535216],[17.6108745,49.453554],[17.6109816,49.4535797],[17.6111047,49.4536339],[17.6111689,49.4536745],[17.6112655,49.453775],[17.6113581,49.4539008],[17.6114908,49.454109],[17.6115138,49.454152],[17.6115641,49.4542078],[17.6116268,49.4543088],[17.6116424,49.4543339],[17.6115692,49.4543503],[17.6127094,49.455413],[17.612542,49.455477],[17.6142457,49.4563834],[17.6142965,49.4563999],[17.6143747,49.456476],[17.6145609,49.4565695],[17.6150242,49.4570067],[17.614915,49.4570151],[17.6140939,49.4573881],[17.6144337,49.4577672],[17.615298,49.4573749],[17.6153681,49.457331],[17.6162193,49.4581074],[17.6162837,49.4581216],[17.6152026,49.4583617],[17.6151941,49.4583676],[17.6152062,49.4583771],[17.615218,49.4583778],[17.6152244,49.4583777],[17.6152271,49.4583777],[17.6152429,49.4583897],[17.6152527,49.4584163],[17.6152572,49.4584286],[17.6152495,49.4584365],[17.6152306,49.4584559],[17.6152233,49.4584634],[17.6152149,49.458499],[17.6152097,49.4585207],[17.6152001,49.4585429],[17.6151852,49.4585775],[17.615186,49.4585864],[17.6151893,49.458621],[17.6151951,49.4586305],[17.6152077,49.4586511],[17.6152351,49.4586653],[17.6152376,49.4586667],[17.615293,49.4586897],[17.6153145,49.4586987],[17.6153421,49.4587205],[17.615366,49.4587393],[17.615386,49.4587552],[17.6154297,49.45879],[17.6154346,49.4587938],[17.6154868,49.4588147],[17.61553,49.458832],[17.6155393,49.4588423],[17.6155641,49.458869],[17.6155813,49.4588769],[17.6156377,49.4589027],[17.615674,49.4589194],[17.6156953,49.4589273],[17.6157553,49.4589495],[17.6158154,49.4589717],[17.6158723,49.4589928],[17.615875,49.4589941],[17.615931,49.4590204],[17.6159466,49.4590278],[17.6159825,49.4590502],[17.6160324,49.4590812],[17.6160824,49.4591122],[17.6161322,49.4591432],[17.6161807,49.4591734],[17.6161817,49.4591745],[17.6162187,49.4592124],[17.6162449,49.4592392],[17.6162563,49.45925],[17.6162951,49.4592872],[17.6163264,49.4593171],[17.6163318,49.4593252],[17.6163583,49.4593666],[17.6163673,49.4593809],[17.61638,49.4594092],[17.6163993,49.4594523],[17.6164186,49.4594955],[17.6164191,49.4594967],[17.6164397,49.4595283],[17.6164407,49.4595376],[17.6164453,49.4595825],[17.6164499,49.4596273],[17.6164504,49.4596323],[17.6164654,49.4596711],[17.6164739,49.459693],[17.6164922,49.4597119],[17.6165003,49.4597201],[17.6165394,49.4597443],[17.6165419,49.4597457],[17.6165868,49.4597771],[17.6165989,49.4597854],[17.6166146,49.4597964],[17.6166182,49.4598107],[17.6166192,49.4598145],[17.6166245,49.4598353],[17.6166566,49.4598468],[17.6166575,49.4598472],[17.6166677,49.4598509],[17.6166891,49.4598768],[17.6166906,49.4598839],[17.6166965,49.4599109],[17.6166993,49.4599285],[17.6167021,49.4599456],[17.6167135,49.4599724],[17.6167317,49.4600158],[17.6167499,49.4600591],[17.6167503,49.4600597],[17.6167717,49.4601017],[17.6167935,49.4601443],[17.6168056,49.4601678],[17.6168139,49.4601873],[17.6168323,49.4602306],[17.616847,49.4602654],[17.6168509,49.4602739],[17.6168706,49.460317],[17.6168902,49.46036],[17.6169099,49.4604031],[17.6169296,49.4604462],[17.6169411,49.4604714],[17.6169517,49.4604887],[17.616977,49.4605306],[17.6170024,49.4605723],[17.6170278,49.4606142],[17.6170313,49.4606197],[17.6170585,49.4606544],[17.6170704,49.4606692],[17.6170886,49.4606948],[17.6171176,49.4607356],[17.6171241,49.4607448],[17.6164451,49.460958]]]}},{"type":"Feature","properties":{"SKNAZEV":"oblast a osa","OBTYPNAZEV":"AKC","DRUH_O_AKC":"AOS","ID_LOKAL":13,"OZNACENI_P":"AOS13","UO":1,"VYKON":110,"UROVEN":"URP","ID_NDOK":null,"NAZEV_NDOK":null,"NAZEV":"Hradčany","ZM_CISLO_P":2,"EUP_KOD_P":22907,"ZAPIS":"ZMZA"},"geometry":{"type":"Polygon","coordinates":[[[14.7499644,50.6165591],[14.7502711,50.6185689],[14.7502833,50.6186021],[14.7505428,50.6199645],[14.7505532,50.6199637],[14.7505584,50.6199942],[14.7506426,50.6203881],[14.749544,50.6204721],[14.7489249,50.6205194],[14.7473393,50.6206406],[14.7471006,50.6206588],[14.7464226,50.6207107],[14.746455,50.6208946],[14.7464657,50.6209443],[14.7464674,50.6209523],[14.7398276,50.6214613],[14.7398256,50.6214533],[14.7397681,50.6212201],[14.7341405,50.6216511],[14.7336597,50.6218912],[14.7305812,50.6221276],[14.7303394,50.622147],[14.7303033,50.6219453],[14.7199762,50.622734],[14.7155437,50.6221559],[14.7154822,50.621831],[14.7152677,50.6218461],[14.7151715,50.6213084],[14.7153812,50.621294],[14.715342,50.6210708],[14.7154301,50.6209954],[14.7150103,50.618796],[14.7164112,50.6186894],[14.7168207,50.6186576],[14.7171177,50.618635],[14.7174986,50.6186046],[14.71855,50.6185226],[14.7189669,50.618491],[14.7200353,50.6184087],[14.7200803,50.6185243],[14.7247491,50.618164],[14.727343,50.6179656],[14.7288144,50.6178561],[14.729033,50.6178716],[14.7359114,50.6174127],[14.7499644,50.6165591]]]}},{"type":"Feature","properties":{"SKNAZEV":"oblast a osa","OBTYPNAZEV":"AKC","DRUH_O_AKC":"AOS","ID_LOKAL":14,"OZNACENI_P":"AOS14","UO":1,"VYKON":95,"UROVEN":"URP","ID_NDOK":null,"NAZEV_NDOK":null,"NAZEV":"Selská vrcha","ZM_CISLO_P":2,"EUP_KOD_P":22907,"ZAPIS":"ZMZA"},"geometry":{"type":"Polygon","coordinates":[[[14.7977613,50.5803375],[14.7960819,50.5805584],[14.794887,50.5807138],[14.793206,50.5809493],[14.7910568,50.5812439],[14.7908096,50.581248],[14.7903827,50.5811937],[14.7892648,50.5769012],[14.7904757,50.576881],[14.790642,50.5768782],[14.7915584,50.5766903],[14.7921441,50.5758682],[14.7929142,50.5758348],[14.7945407,50.5760403],[14.7945776,50.5760449],[14.7947044,50.576008],[14.7944637,50.5756728],[14.7941402,50.5751651],[14.7946061,50.5749796],[14.7964172,50.5740795],[14.7977087,50.5734576],[14.7988033,50.5728943],[14.8014573,50.5717587],[14.8020004,50.5715103],[14.8027682,50.5712317],[14.8035932,50.5710321],[14.8064101,50.5743376],[14.8067852,50.5746272],[14.8079072,50.5760721],[14.8084827,50.5767742],[14.8091956,50.5773218],[14.8092828,50.5773282],[14.809311,50.5773303],[14.8093641,50.5773342],[14.8089914,50.5785251],[14.8086007,50.5793417],[14.7987956,50.5812568],[14.7984763,50.580923],[14.7982325,50.58065],[14.7979336,50.5803138],[14.7977613,50.5803375]]]}},{"type":"Feature","properties":{"SKNAZEV":"oblast a osa","OBTYPNAZEV":"AKC","DRUH_O_AKC":"AOS","ID_LOKAL":12,"OZNACENI_P":"AOS12","UO":1,"VYKON":186,"UROVEN":"URP","ID_NDOK":null,"NAZEV_NDOK":null,"NAZEV":"Dolní Nivy","ZM_CISLO_P":2,"EUP_KOD_P":22907,"ZAPIS":"ZMZA"},"geometry":{"type":"Polygon","coordinates":[[[12.6202649,50.2182297],[12.6168233,50.2193566],[12.6165645,50.2193816],[12.6163606,50.2193805],[12.6161162,50.2193444],[12.6158366,50.2192463],[12.6157998,50.2192596],[12.6157501,50.2191991],[12.6151257,50.2189204],[12.6149443,50.2189527],[12.6142539,50.2190302],[12.6125304,50.219241],[12.6123052,50.2193017],[12.6120244,50.2194372],[12.6116665,50.2196657],[12.6115823,50.2197412],[12.6116733,50.2198533],[12.6117439,50.2199699],[12.6118015,50.220035],[12.6118643,50.2200877],[12.6121086,50.2202777],[12.6122119,50.2203629],[12.6122697,50.2204433],[12.6123533,50.2205825],[12.6123569,50.2206551],[12.6163152,50.2197013],[12.6170287,50.2201228],[12.6176816,50.2205081],[12.6188527,50.2212285],[12.6199706,50.2218681],[12.6202122,50.2219934],[12.6204077,50.2220778],[12.6204615,50.2221219],[12.6204766,50.2221608],[12.6203748,50.2223657],[12.6202314,50.222812],[12.6187912,50.2226731],[12.618364,50.2226318],[12.6163306,50.2224357],[12.6159596,50.2224],[12.6154276,50.2223487],[12.612796,50.2220946],[12.6110872,50.2219297],[12.6104707,50.2212121],[12.6093459,50.2210673],[12.6093173,50.2211596],[12.6092405,50.2212365],[12.6085503,50.221634],[12.608251,50.2217695],[12.6078286,50.2219296],[12.6075157,50.2220772],[12.6073911,50.2219826],[12.6064706,50.2214309],[12.6061711,50.2212738],[12.6060692,50.2212155],[12.6055817,50.2209844],[12.6054642,50.2209041],[12.6051836,50.221698],[12.6050627,50.2221752],[12.6049348,50.2227639],[12.6048857,50.2233132],[12.6048553,50.2235175],[12.6048564,50.2237014],[12.6048701,50.2238354],[12.6049549,50.2241912],[12.6049716,50.2242508],[12.6049885,50.2244566],[12.6048687,50.2246992],[12.604722,50.2249016],[12.6044491,50.2251623],[12.6042058,50.2253274],[12.6039126,50.2255009],[12.6035164,50.225655],[12.6035267,50.2257581],[12.6029368,50.2264014],[12.6037723,50.226781],[12.6057972,50.2269037],[12.6062607,50.2267171],[12.6065706,50.2264963],[12.6068457,50.2263206],[12.6073413,50.2263243],[12.6080965,50.2264405],[12.6091324,50.2267327],[12.6089594,50.2271014],[12.6087276,50.2275099],[12.608571,50.227848],[12.608102,50.2287679],[12.6080607,50.2288535],[12.6080227,50.2289396],[12.6079881,50.2290267],[12.6079573,50.2291141],[12.6079302,50.229202],[12.6079067,50.2292904],[12.6078869,50.2293793],[12.6078712,50.2294683],[12.6078586,50.2295577],[12.6078503,50.2296472],[12.6078456,50.2297369],[12.6078449,50.2298264],[12.6078475,50.2299162],[12.6078538,50.2300057],[12.607864,50.2300954],[12.6078781,50.2301844],[12.60798,50.2307575],[12.6082325,50.231123],[12.608557,50.2316884],[12.6086081,50.231774],[12.6086629,50.2318586],[12.6087211,50.2319421],[12.608783,50.2320246],[12.6088321,50.2320855],[12.6089174,50.2321864],[12.6089895,50.2322655],[12.6090654,50.2323432],[12.6091428,50.232418],[12.6092265,50.2324944],[12.6093119,50.2325678],[12.6094005,50.2326396],[12.6094916,50.2327099],[12.6095862,50.2327788],[12.6096835,50.2328458],[12.6097836,50.2329111],[12.6107587,50.2335291],[12.6108137,50.233566],[12.6108648,50.2336051],[12.6109719,50.2336935],[12.6109897,50.2337081],[12.6110131,50.2337255],[12.6110415,50.2337471],[12.6110965,50.2337849],[12.6112042,50.2338526],[12.6113535,50.2339447],[12.6115134,50.2340436],[12.6115903,50.234091],[12.6128678,50.2345558],[12.6135097,50.2347438],[12.6138943,50.2360646],[12.6142189,50.2371802],[12.6144428,50.2379494],[12.6145062,50.2381671],[12.6148958,50.239505],[12.6148443,50.2397216],[12.6148031,50.2396942],[12.614401,50.23943],[12.6143801,50.2394187],[12.6142055,50.2393107],[12.6139748,50.2391713],[12.6136495,50.2390293],[12.6134064,50.2389235],[12.6133407,50.2389586],[12.6132625,50.2389995],[12.6129371,50.2391655],[12.6127845,50.2392446],[12.6125824,50.2393706],[12.6125272,50.2393373],[12.6124323,50.2392875],[12.6123326,50.2392368],[12.6121664,50.2391805],[12.6116989,50.2389972],[12.6115131,50.2389646],[12.6114731,50.2389597],[12.611341,50.2389616],[12.6110455,50.2390487],[12.6108381,50.2391533],[12.6107913,50.2391696],[12.6106989,50.2392034],[12.6104452,50.2392955],[12.6102027,50.2392217],[12.6100808,50.2392839],[12.6099309,50.2393578],[12.6098219,50.2394142],[12.6096336,50.2395311],[12.6095764,50.2395656],[12.6095433,50.2396841],[12.609767,50.2398532],[12.6100674,50.2399919],[12.6096273,50.2402741],[12.6095144,50.2402995],[12.6093978,50.2403365],[12.6092027,50.2404067],[12.6091822,50.2404181],[12.609179,50.2404069],[12.60917,50.2403835],[12.6091591,50.2403604],[12.6091462,50.2403378],[12.6091315,50.2403156],[12.609115,50.240294],[12.6090966,50.2402729],[12.6090765,50.2402525],[12.6090548,50.2402329],[12.6090314,50.2402139],[12.6088393,50.240067],[12.6087931,50.2400089],[12.6087614,50.2398369],[12.6087561,50.2398134],[12.6087488,50.23979],[12.6087396,50.2397669],[12.6087286,50.2397443],[12.6087157,50.2397219],[12.608701,50.2397001],[12.6086844,50.2396787],[12.6086662,50.2396581],[12.6086463,50.239638],[12.6086247,50.2396186],[12.6086015,50.2396],[12.6085769,50.2395822],[12.6085508,50.2395652],[12.6085233,50.2395493],[12.6084946,50.2395342],[12.6084648,50.2395201],[12.6084338,50.239507],[12.6084017,50.2394951],[12.6083687,50.2394842],[12.6083348,50.2394745],[12.6083002,50.2394659],[12.6082648,50.2394586],[12.608229,50.2394524],[12.6081928,50.2394474],[12.6081561,50.2394438],[12.6081192,50.2394413],[12.6080822,50.2394401],[12.6080449,50.2394401],[12.6076452,50.2394476],[12.6075437,50.2391829],[12.6075778,50.2391431],[12.6076096,50.2391007],[12.6076379,50.2390573],[12.6076627,50.239013],[12.6076838,50.2389679],[12.6077012,50.2389222],[12.6077149,50.238876],[12.6078096,50.2385022],[12.6078177,50.2384652],[12.6078234,50.238428],[12.6078378,50.2383102],[12.6078417,50.2382628],[12.6078416,50.2382152],[12.6078375,50.2381678],[12.6078296,50.2381206],[12.6078179,50.2380737],[12.6078023,50.2380273],[12.6077828,50.2379814],[12.6077597,50.2379363],[12.6077328,50.2378921],[12.6077023,50.2378488],[12.6076684,50.2378067],[12.6076309,50.2377656],[12.6075903,50.237726],[12.6075463,50.2376877],[12.6074992,50.237651],[12.6074493,50.237616],[12.6073965,50.2375827],[12.607341,50.2375512],[12.607283,50.2375217],[12.6072227,50.2374941],[12.6071602,50.2374687],[12.6070957,50.2374454],[12.6070293,50.2374243],[12.6069614,50.2374055],[12.6068919,50.237389],[12.6068211,50.2373749],[12.6067494,50.2373632],[12.6066767,50.237354],[12.6066035,50.2373472],[12.6065297,50.2373429],[12.6064558,50.2373412],[12.6063817,50.2373418],[12.6063079,50.2373451],[12.6063067,50.2373452],[12.6063039,50.2373378],[12.6061619,50.2370906],[12.6060299,50.2370498],[12.6058534,50.2368257],[12.6057162,50.2367858],[12.6057386,50.2366487],[12.6057038,50.2365545],[12.6055669,50.2363608],[12.6054477,50.2363632],[12.6053372,50.2360182],[12.6053173,50.2360161],[12.6053381,50.2359235],[12.6052199,50.2359154],[12.6052199,50.2357364],[12.605316,50.2356486],[12.6052601,50.2355778],[12.6050555,50.235609],[12.604203,50.2355905],[12.6041263,50.2356055],[12.6040749,50.2356156],[12.6036524,50.2356958],[12.6034145,50.2357],[12.6034202,50.235674],[12.6034636,50.235585],[12.6035049,50.2355322],[12.6035578,50.2354864],[12.6036449,50.2354106],[12.6041616,50.2349921],[12.6048516,50.2343793],[12.6050096,50.2342355],[12.6048555,50.234115],[12.6046606,50.2339498],[12.6045219,50.2337947],[12.604412,50.2335937],[12.6043177,50.2333832],[12.6042499,50.2331705],[12.6042427,50.2329589],[12.6043052,50.2321893],[12.6043127,50.2320912],[12.6043865,50.231954],[12.6045533,50.2317331],[12.6046589,50.2316157],[12.60469,50.2315759],[12.6048973,50.2313483],[12.6049857,50.2312554],[12.6051802,50.2309938],[12.6053041,50.2308184],[12.6054329,50.230551],[12.6056195,50.230122],[12.6059177,50.2296415],[12.6059866,50.2295573],[12.6061859,50.2293734],[12.6063014,50.2292739],[12.6040875,50.2282665],[12.6039715,50.2283741],[12.6038784,50.2284476],[12.6038052,50.2285203],[12.6033231,50.228953],[12.6028387,50.2293713],[12.6026159,50.229582],[12.6024258,50.2298021],[12.602216,50.2300544],[12.6020396,50.2302951],[12.601901,50.230494],[12.6016606,50.2309387],[12.6016018,50.2310956],[12.6015857,50.2311331],[12.6015233,50.2313014],[12.6014133,50.2316012],[12.6013723,50.2317363],[12.6012731,50.2320873],[12.601231,50.2323072],[12.6011589,50.2326588],[12.6011323,50.2329913],[12.6011088,50.2333915],[12.6010861,50.2338964],[12.6010424,50.2343081],[12.6010686,50.2347274],[12.6010612,50.2347992],[12.6010215,50.2348703],[12.6009679,50.234919],[12.6009167,50.2349583],[12.6007821,50.2350264],[12.600522,50.2350843],[12.5998439,50.2351459],[12.5997663,50.2351433],[12.5996432,50.2351236],[12.5993833,50.2350519],[12.5990188,50.2349386],[12.5987855,50.2348739],[12.5985807,50.2348331],[12.5980127,50.2347431],[12.5975267,50.2346729],[12.5970978,50.2346153],[12.5968994,50.2345972],[12.5967768,50.2345978],[12.5964437,50.2346291],[12.596318,50.2346534],[12.5962803,50.2346651],[12.5962354,50.2346278],[12.5961427,50.2345666],[12.5956629,50.2342841],[12.5958316,50.2340925],[12.5958741,50.2339638],[12.5959549,50.2333427],[12.5960504,50.2329661],[12.5961098,50.2327767],[12.5961957,50.2324529],[12.5962761,50.2320454],[12.5963157,50.2318294],[12.5963745,50.2316422],[12.596439,50.2311622],[12.5964613,50.2310446],[12.5965027,50.2308362],[12.5965435,50.2306447],[12.5965782,50.2305383],[12.596639,50.2303439],[12.5967075,50.2301334],[12.5968274,50.2297961],[12.5968903,50.2296535],[12.5969472,50.2295493],[12.5970615,50.2294144],[12.5972687,50.2291988],[12.5973276,50.2291315],[12.5975241,50.2289881],[12.5976496,50.2288908],[12.5978102,50.2289375],[12.597922,50.2287518],[12.5980265,50.2286648],[12.5979585,50.228651],[12.5978718,50.2286334],[12.5978324,50.2285445],[12.5977803,50.2284901],[12.5977951,50.2284405],[12.5977543,50.228431],[12.5975772,50.2284707],[12.5975863,50.2283778],[12.5975168,50.2283348],[12.5974574,50.2283378],[12.5974144,50.22834],[12.5974216,50.2282627],[12.5972608,50.228193],[12.5971491,50.2281962],[12.5971678,50.2281817],[12.5971983,50.2281568],[12.5972634,50.228104],[12.5973673,50.2280272],[12.5973932,50.2280074],[12.5974323,50.2279777],[12.5975106,50.2279356],[12.5975515,50.2278988],[12.5975887,50.2278396],[12.5977531,50.227705],[12.5977916,50.2276838],[12.5978208,50.2276688],[12.5978208,50.227639],[12.5978084,50.2276146],[12.5977552,50.2275713],[12.5977376,50.2275312],[12.5977456,50.2274927],[12.5977936,50.2273896],[12.5979027,50.2272812],[12.5979058,50.2272433],[12.5979017,50.2271969],[12.5979608,50.2271395],[12.5980127,50.227104],[12.5980463,50.2270525],[12.598082,50.2270296],[12.5981517,50.2269898],[12.5982051,50.2269585],[12.5983015,50.2269307],[12.598422,50.2268856],[12.5985175,50.2268564],[12.5986312,50.2268397],[12.5987608,50.2267968],[12.5989215,50.2267163],[12.5990197,50.2266787],[12.5990395,50.2266679],[12.5991626,50.2265996],[12.599261,50.2265571],[12.5994253,50.2264843],[12.5996891,50.2263585],[12.5998215,50.2262765],[12.5998843,50.226243],[12.6000586,50.2261293],[12.6001291,50.2260948],[12.6002224,50.2260546],[12.6003468,50.2260024],[12.6004243,50.2259827],[12.6004781,50.225966],[12.6006073,50.2258742],[12.6008012,50.2257704],[12.6009377,50.2257152],[12.6009971,50.2256847],[12.6011024,50.2256322],[12.6011615,50.225602],[12.6012241,50.2255387],[12.6012693,50.2254835],[12.6013339,50.2254346],[12.6013915,50.225403],[12.6014489,50.2253747],[12.6015052,50.2253281],[12.601559,50.225304],[12.6015894,50.2253089],[12.6016138,50.2253134],[12.601524,50.2252459],[12.601459,50.2251808],[12.6014461,50.2251317],[12.6014566,50.2250401],[12.6014887,50.2248837],[12.6015445,50.2247348],[12.6015442,50.2247124],[12.6014846,50.2246713],[12.6016302,50.2245769],[12.6017185,50.2245075],[12.6017907,50.2244274],[12.6021011,50.2240134],[12.602287,50.2237588],[12.6024505,50.2235066],[12.6026543,50.2231381],[12.6027576,50.2229339],[12.6028848,50.2226353],[12.6032967,50.2214167],[12.6033678,50.2211787],[12.603495,50.220866],[12.6035444,50.2207578],[12.6035563,50.2207148],[12.6035615,50.2206449],[12.60355,50.220576],[12.6035134,50.2205083],[12.6035055,50.2204491],[12.603516,50.2204076],[12.6035343,50.2203763],[12.6036596,50.2201307],[12.6038632,50.2196205],[12.6040639,50.2191349],[12.604116,50.2189805],[12.6042373,50.2187315],[12.6045524,50.2181769],[12.6046167,50.2181026],[12.6047871,50.2179272],[12.6050483,50.2176888],[12.6052853,50.2174934],[12.605478,50.2173205],[12.6061881,50.2167011],[12.6062942,50.2166146],[12.6075086,50.2155215],[12.6082004,50.2149254],[12.6083054,50.2148562],[12.6084084,50.2148068],[12.6085212,50.2147832],[12.6086899,50.2147724],[12.6087979,50.2147628],[12.6088823,50.2145967],[12.6091089,50.2142508],[12.6094073,50.2138646],[12.6096189,50.2135954],[12.6097917,50.2135768],[12.6103945,50.213621],[12.6109732,50.2135924],[12.6113176,50.2135598],[12.6125714,50.2134233],[12.6125868,50.2134636],[12.6130159,50.213808],[12.6137346,50.2139481],[12.6146777,50.213606],[12.6148092,50.2135809],[12.6151654,50.2134704],[12.6155666,50.2137984],[12.616359,50.2135843],[12.6170293,50.2136217],[12.6171377,50.2136034],[12.6174242,50.2135184],[12.6176501,50.2134685],[12.6181186,50.2133957],[12.6185331,50.2132788],[12.6187719,50.2132355],[12.6193637,50.2132162],[12.6195999,50.2131034],[12.6197891,50.2130608],[12.6202378,50.2129445],[12.6203574,50.2129208],[12.6204255,50.2137446],[12.6202317,50.2154035],[12.6201021,50.216813],[12.6202574,50.2180481],[12.6202649,50.2182297]],[[12.5970582,50.2340304],[12.5970022,50.2339432],[12.5969157,50.233966],[12.5969717,50.2340533],[12.5970582,50.2340304]]]}},{"type":"Feature","properties":{"SKNAZEV":"oblast a osa","OBTYPNAZEV":"AKC","DRUH_O_AKC":"AOS","ID_LOKAL":10,"OZNACENI_P":"AOS10","UO":1,"VYKON":205,"UROVEN":"URP","ID_NDOK":null,"NAZEV_NDOK":null,"NAZEV":"Milovice","ZM_CISLO_P":2,"EUP_KOD_P":22907,"ZAPIS":"ZMZA"},"geometry":{"type":"Polygon","coordinates":[[[14.9236297,50.2380237],[14.9231538,50.2380673],[14.9216661,50.238169],[14.9154477,50.2386455],[14.9133483,50.2387919],[14.9088941,50.2391129],[14.9086635,50.2392739],[14.9085751,50.2394432],[14.9086409,50.2397368],[14.9052918,50.2399815],[14.904497,50.235548],[14.9043181,50.2345643],[14.9046109,50.2345887],[14.9049135,50.2346],[14.9051828,50.2346001],[14.9054981,50.2345871],[14.9058051,50.2345573],[14.906082,50.2345144],[14.9063492,50.2344589],[14.9074841,50.2341511],[14.9082418,50.2339441],[14.9085018,50.2338728],[14.9087816,50.2338128],[14.90908,50.2337817],[14.9092958,50.2337681],[14.9100666,50.2337196],[14.9106942,50.2336833],[14.9119403,50.2335938],[14.9125632,50.2335517],[14.9132275,50.2335075],[14.9139606,50.233458],[14.9144477,50.2334232],[14.9150968,50.2333751],[14.9156577,50.233333],[14.9161021,50.2332986],[14.9165203,50.2332694],[14.9166025,50.2332896],[14.9166465,50.233311],[14.9167032,50.2333628],[14.9167065,50.2333812],[14.9167948,50.2333685],[14.9168082,50.2333275],[14.916831,50.2332845],[14.9168609,50.2332435],[14.9186807,50.2331433],[14.9189405,50.2331289],[14.9195168,50.2330972],[14.920224,50.2330559],[14.9209008,50.2330185],[14.9209617,50.2330157],[14.9213211,50.2329927],[14.9221742,50.2329359],[14.9237764,50.2328163],[14.9238785,50.232797],[14.9256087,50.232627],[14.925974,50.2325547],[14.9281651,50.2323972],[14.928175,50.2323965],[14.9299282,50.2322618],[14.9319169,50.2321038],[14.9337332,50.2319683],[14.9342035,50.2319349],[14.9348005,50.2318701],[14.9356996,50.231851],[14.9366003,50.2318148],[14.937341,50.2317594],[14.9382077,50.2316949],[14.9392225,50.2316132],[14.9394523,50.2315217],[14.9395118,50.2315072],[14.9396329,50.2315001],[14.9396886,50.2315063],[14.9398466,50.2315643],[14.940481,50.2315121],[14.9411189,50.2314595],[14.9421797,50.2313715],[14.9427177,50.2313322],[14.9428145,50.2313387],[14.9429351,50.2313376],[14.9430217,50.231324],[14.9434531,50.2318038],[14.9444549,50.233022],[14.9444753,50.233015],[14.9445068,50.2330526],[14.944665,50.2332422],[14.9449594,50.2331362],[14.9449898,50.2333029],[14.9450503,50.2336354],[14.9451607,50.2342156],[14.9451729,50.2342795],[14.9452557,50.2347153],[14.9452745,50.2348285],[14.9453857,50.2354987],[14.9454479,50.2358536],[14.9454826,50.2360503],[14.9454872,50.2360773],[14.9455227,50.236279],[14.9455554,50.2364616],[14.9455883,50.236646],[14.9456204,50.2368257],[14.9456557,50.2370233],[14.945674,50.2371259],[14.9446486,50.237372],[14.9439534,50.2381042],[14.9434447,50.2386597],[14.9433581,50.2387519],[14.9429793,50.2391549],[14.9429647,50.2391705],[14.9429313,50.2391757],[14.9429207,50.2391762],[14.9421721,50.2392146],[14.9419236,50.2392273],[14.9411291,50.2392655],[14.9397178,50.2393344],[14.9389488,50.2393804],[14.9382356,50.2394496],[14.937935,50.2394858],[14.9373751,50.2395533],[14.9365507,50.239653],[14.9350218,50.2398357],[14.9349413,50.2398321],[14.9345074,50.2397266],[14.9336748,50.2395241],[14.9332485,50.2396596],[14.9323852,50.2399498],[14.932025,50.24007],[14.9322731,50.2403376],[14.9326108,50.2406913],[14.9328925,50.2410114],[14.9331685,50.2413829],[14.9331107,50.2413867],[14.9324462,50.2414644],[14.9304274,50.2415739],[14.9300451,50.2416316],[14.9299162,50.2414754],[14.9292295,50.2417182],[14.9291194,50.2417756],[14.9289797,50.2419221],[14.9288836,50.2418529],[14.9288252,50.2418108],[14.9287779,50.2417704],[14.9287048,50.2419324],[14.927774,50.2411395],[14.9277511,50.2411199],[14.9276634,50.2409973],[14.9275803,50.2409259],[14.9275623,50.2409106],[14.9273947,50.2407697],[14.9269039,50.2403577],[14.9267636,50.240238],[14.9266259,50.2401219],[14.9265517,50.2400579],[14.9258265,50.2394411],[14.9256504,50.2392875],[14.9254109,50.2390876],[14.9253514,50.2390325],[14.9251275,50.2388417],[14.9248956,50.2386456],[14.9248468,50.2385947],[14.9246032,50.2383909],[14.9242708,50.2381183],[14.9242216,50.238094],[14.9241554,50.2380793],[14.9240888,50.2380773],[14.923741,50.2380155],[14.9236297,50.2380237]]]}},{"type":"Feature","properties":{"SKNAZEV":"oblast a osa","OBTYPNAZEV":"AKC","DRUH_O_AKC":"AOS","ID_LOKAL":9,"OZNACENI_P":"AOS9","UO":1,"VYKON":61,"UROVEN":"URP","ID_NDOK":null,"NAZEV_NDOK":null,"NAZEV":"Zborovice","ZM_CISLO_P":2,"EUP_KOD_P":22907,"ZAPIS":"ZMZA"},"geometry":{"type":"Polygon","coordinates":[[[17.2771189,49.2691473],[17.27714,49.269251],[17.2771662,49.2692954],[17.2772034,49.2693416],[17.2773813,49.2696512],[17.2774795,49.2698242],[17.2776328,49.2701637],[17.2777461,49.2703617],[17.2778105,49.2704653],[17.2779747,49.2707469],[17.2782108,49.2710855],[17.278065,49.2711173],[17.2780992,49.2711951],[17.2780315,49.2713701],[17.2783337,49.272085],[17.2782132,49.2721938],[17.2758514,49.2735443],[17.2743483,49.2728431],[17.2739773,49.2732087],[17.273645,49.2735803],[17.2734873,49.2737363],[17.2733185,49.2739032],[17.2729631,49.2742831],[17.2726029,49.2746515],[17.27249,49.2747881],[17.2724215,49.274862],[17.2727605,49.2766633],[17.2723936,49.2764403],[17.2720239,49.2760535],[17.2719693,49.2759679],[17.2717772,49.2759079],[17.2716187,49.2758137],[17.2715129,49.2757225],[17.271483,49.2756968],[17.2711496,49.2760326],[17.2710128,49.2761063],[17.2708527,49.2760999],[17.2704451,49.2759667],[17.2702522,49.2758695],[17.2702149,49.2757139],[17.2703253,49.2753617],[17.2704853,49.2749501],[17.2705083,49.2748984],[17.2705567,49.2749181],[17.2707738,49.2744178],[17.2709678,49.2739785],[17.2711286,49.2735675],[17.2711977,49.2733303],[17.2712317,49.2732135],[17.2711416,49.2731212],[17.2710596,49.2729981],[17.2707858,49.2731751],[17.2705991,49.2732959],[17.2705,49.2733722],[17.270475,49.2733914],[17.2702238,49.2735887],[17.2701234,49.2736868],[17.26985,49.2740216],[17.2697696,49.2742842],[17.2698195,49.2743045],[17.2697966,49.2743793],[17.2696513,49.2746748],[17.2695722,49.2748373],[17.2695038,49.2750778],[17.2694152,49.2752257],[17.2693031,49.2752714],[17.2691333,49.2752646],[17.2689218,49.2751555],[17.2685676,49.2750086],[17.2683335,49.2748222],[17.2684246,49.2746786],[17.2686708,49.2744435],[17.2689164,49.2742026],[17.2690692,49.2739996],[17.2691347,49.2739127],[17.2693322,49.2735757],[17.2694862,49.2732954],[17.2695295,49.2732164],[17.2696444,49.2730604],[17.2696609,49.2730381],[17.2697252,49.2729507],[17.2698229,49.2728004],[17.2698964,49.272687],[17.2701219,49.2723722],[17.2703687,49.2720149],[17.2703757,49.2720074],[17.2706794,49.271685],[17.2710656,49.2712977],[17.2713336,49.2710206],[17.2713479,49.2710068],[17.2716441,49.2707199],[17.2720075,49.2703864],[17.2723156,49.2700931],[17.272515,49.2698398],[17.2725905,49.2697439],[17.2727316,49.2695825],[17.2729979,49.2694643],[17.2731665,49.2694487],[17.2732514,49.2693568],[17.2738222,49.2691896],[17.2743255,49.2690138],[17.2745915,49.2689023],[17.2749562,49.26874],[17.2751259,49.2686575],[17.2753091,49.2685677],[17.275559,49.2684108],[17.2756115,49.2683765],[17.2764754,49.2685851],[17.2772447,49.268014],[17.2777013,49.267675],[17.2782566,49.2669698],[17.2792441,49.265934],[17.2802838,49.2648782],[17.2803495,49.2648456],[17.2804335,49.2648039],[17.2804691,49.2647862],[17.2805488,49.2648253],[17.2808224,49.2647663],[17.2813836,49.2648866],[17.2816715,49.2648936],[17.2843296,49.2649583],[17.28507,49.2649784],[17.2857194,49.2650006],[17.2864928,49.2650271],[17.2868503,49.2650754],[17.2896,49.2658962],[17.2896625,49.2659675],[17.2896921,49.2660012],[17.2898252,49.266153],[17.2898835,49.2662386],[17.2899139,49.2662831],[17.2897881,49.2664463],[17.2897548,49.2664897],[17.2891505,49.2672737],[17.2891165,49.2673178],[17.2884661,49.2681615],[17.2883917,49.2681608],[17.2878381,49.268874],[17.2851603,49.2689232],[17.2844443,49.2689363],[17.2826673,49.268988],[17.2807794,49.2690429],[17.2803163,49.2690561],[17.2780118,49.2691218],[17.2771189,49.2691473]]]}},{"type":"Feature","properties":{"SKNAZEV":"oblast a osa","OBTYPNAZEV":"AKC","DRUH_O_AKC":"AOS","ID_LOKAL":11,"OZNACENI_P":"AOS11","UO":1,"VYKON":230,"UROVEN":"URP","ID_NDOK":null,"NAZEV_NDOK":null,"NAZEV":"Březová","ZM_CISLO_P":2,"EUP_KOD_P":22907,"ZAPIS":"ZMZA"},"geometry":{"type":"Polygon","coordinates":[[[12.6211211,50.1437112],[12.6221485,50.1439065],[12.6228949,50.1440621],[12.6230123,50.1440865],[12.6236181,50.1442432],[12.6240198,50.1444339],[12.6244747,50.144674],[12.6246437,50.144861],[12.6247304,50.1452158],[12.6246424,50.145579],[12.6242569,50.1459531],[12.6247982,50.1461066],[12.6252556,50.1462316],[12.6255615,50.1463989],[12.6254745,50.146774],[12.6253348,50.1470662],[12.6264624,50.1470527],[12.6280326,50.1470334],[12.6283418,50.1470493],[12.6288829,50.1471428],[12.6295161,50.1472288],[12.6298852,50.1472721],[12.6314706,50.147187],[12.6323733,50.1472123],[12.6334826,50.147244],[12.6339853,50.1473028],[12.6344584,50.1474345],[12.6352667,50.14772],[12.635237,50.1477197],[12.6352113,50.1477341],[12.6352704,50.1477505],[12.6353471,50.1477521],[12.6354412,50.1477931],[12.6359758,50.1480254],[12.6366274,50.1483229],[12.6367862,50.1483465],[12.6370695,50.1485223],[12.6376982,50.1489172],[12.6379529,50.1491293],[12.6377482,50.1492408],[12.6374659,50.1494314],[12.6370581,50.1498647],[12.6368938,50.1501887],[12.6368407,50.15044],[12.63678,50.1509798],[12.636665,50.151342],[12.6366137,50.151593],[12.6365974,50.1516207],[12.6363622,50.1519733],[12.636415,50.1519851],[12.6362282,50.1523353],[12.6360246,50.1527513],[12.6360038,50.1527994],[12.635879,50.1530042],[12.6358011,50.1532678],[12.6357646,50.1536977],[12.6357715,50.1541965],[12.6359414,50.1546573],[12.6362362,50.1550148],[12.636805,50.1555872],[12.6370246,50.1559188],[12.6370176,50.1561974],[12.6370272,50.156302],[12.6368626,50.1567764],[12.6364416,50.1573527],[12.6364047,50.1574013],[12.6361286,50.1572885],[12.6356026,50.1571936],[12.6355867,50.1572323],[12.6354648,50.1572117],[12.6354813,50.157172],[12.6349532,50.1570825],[12.6338447,50.1571168],[12.6337037,50.1571212],[12.6333141,50.1572649],[12.6332158,50.1573134],[12.6329458,50.1574844],[12.6327733,50.1576928],[12.6325504,50.1578163],[12.6325252,50.1580196],[12.6324417,50.1585942],[12.6323848,50.158764],[12.6321312,50.1591121],[12.6319295,50.159405],[12.6318335,50.1592398],[12.6312836,50.1591772],[12.6311404,50.1591609],[12.6306849,50.159109],[12.6305284,50.1592465],[12.6302682,50.1594324],[12.6300262,50.1595693],[12.6299022,50.159625],[12.6296113,50.1597294],[12.6291803,50.1598439],[12.6285616,50.1599552],[12.6283764,50.159429],[12.6277596,50.1595182],[12.6279445,50.1600448],[12.6273594,50.1601329],[12.6273418,50.1594406],[12.6269017,50.1594455],[12.6269195,50.1601375],[12.6266274,50.1601372],[12.6266651,50.1597334],[12.6250999,50.1596732],[12.6250623,50.160077],[12.6248008,50.1600524],[12.6244193,50.1600167],[12.624249,50.1599904],[12.6241574,50.1599636],[12.6238324,50.1598475],[12.6237118,50.1597945],[12.623579,50.1597386],[12.6232356,50.1595393],[12.6229471,50.1594591],[12.6223405,50.1593712],[12.6222745,50.1593624],[12.6218612,50.1593074],[12.6217161,50.1592604],[12.6214554,50.1590035],[12.6214069,50.1590231],[12.6213507,50.1590478],[12.6211591,50.1591246],[12.6211568,50.1591391],[12.6210133,50.1591881],[12.6209769,50.1592044],[12.6209462,50.1592518],[12.6209422,50.1593011],[12.6208299,50.1593617],[12.620765,50.1593815],[12.6201427,50.1597401],[12.6200538,50.1597985],[12.6196575,50.1595559],[12.6191902,50.159742],[12.6191538,50.1597043],[12.6190834,50.159732],[12.6183858,50.1599134],[12.6183253,50.1599382],[12.6181441,50.1597517],[12.6159461,50.157316],[12.6154025,50.1567572],[12.6147152,50.1559354],[12.6137857,50.1549954],[12.6136212,50.1548266],[12.6135055,50.1547123],[12.6134248,50.1546302],[12.6133935,50.1545985],[12.6133098,50.1545523],[12.6134896,50.1544784],[12.6136702,50.1544043],[12.614557,50.15404],[12.6153161,50.1536537],[12.6159244,50.1533508],[12.615555,50.1529685],[12.614739,50.1521216],[12.6144271,50.1518296],[12.6142987,50.1516323],[12.6137632,50.1511045],[12.6137467,50.150882],[12.6141134,50.1507739],[12.6140494,50.150709],[12.614096,50.150691],[12.6141529,50.150669],[12.6142032,50.1506494],[12.6136227,50.1500488],[12.6139137,50.1499748],[12.6137344,50.1498499],[12.6126397,50.1487137],[12.6122962,50.1480033],[12.6120159,50.1476956],[12.6115333,50.1472174],[12.6104978,50.1458835],[12.6107647,50.1458622],[12.6112343,50.1454411],[12.6123921,50.1454506],[12.613311,50.1454208],[12.6145608,50.1456888],[12.6147522,50.1457923],[12.6149347,50.1458038],[12.6151374,50.1457844],[12.6151207,50.1457416],[12.6162453,50.1453108],[12.6174093,50.1449638],[12.6173365,50.1442802],[12.6169912,50.1432856],[12.6172612,50.1433294],[12.6173565,50.1433616],[12.617645,50.143426],[12.6192436,50.1435501],[12.6211211,50.1437112]]]}},{"type":"Feature","properties":{"SKNAZEV":"oblast a osa","OBTYPNAZEV":"AKC","DRUH_O_AKC":"AOV","ID_LOKAL":16,"OZNACENI_P":"AOV16","UO":1,"VYKON":67,"UROVEN":"URP","ID_NDOK":null,"NAZEV_NDOK":null,"NAZEV":"Trhový Štěpánov","ZM_CISLO_P":2,"EUP_KOD_P":22907,"ZAPIS":"ZMZA","JE_AKTUALNI":true,"STAV_VYBERU":"ponechana"},"geometry":{"type":"Polygon","coordinates":[[[14.9702239,49.7101617],[14.9735697,49.7094129],[14.9736235,49.7094136],[14.9738238,49.709369],[14.9738752,49.7093624],[14.9754147,49.7096082],[14.9755385,49.7095401],[14.9757848,49.7094044],[14.9762458,49.7092592],[14.9763932,49.7092402],[14.9764065,49.709233],[14.9764741,49.7091907],[14.9766479,49.7090844],[14.9767307,49.7090659],[14.976967,49.7090932],[14.9771967,49.7090481],[14.9772983,49.7090081],[14.977395,49.70897],[14.9774575,49.7089118],[14.9774716,49.7088952],[14.9775619,49.7088522],[14.9775135,49.7086323],[14.9774602,49.7085842],[14.9771289,49.7084897],[14.9775259,49.7083396],[14.9780238,49.7080188],[14.9782771,49.7078951],[14.9783906,49.7079522],[14.9785147,49.707906],[14.9789668,49.7079006],[14.9789669,49.707852],[14.9794352,49.7076613],[14.9793825,49.7070979],[14.9796313,49.7071869],[14.9805922,49.7055974],[14.9808879,49.705386],[14.9806684,49.7051371],[14.9806436,49.7043027],[14.9807475,49.7042494],[14.9809183,49.7034803],[14.9809525,49.7032883],[14.9810134,49.7030918],[14.9810556,49.7025317],[14.9821494,49.7024069],[14.9822629,49.7023509],[14.9824108,49.7023809],[14.9826,49.7025031],[14.9827422,49.702562],[14.9827736,49.7023019],[14.9829213,49.7024343],[14.9833818,49.7025133],[14.9839335,49.702279],[14.9840957,49.702217],[14.984249,49.7021585],[14.98441,49.7020971],[14.9845529,49.7020425],[14.984704,49.7019848],[14.9848638,49.7019237],[14.9853095,49.7019638],[14.9885404,49.7021581],[14.9885276,49.7021974],[14.9879455,49.7036404],[14.9881932,49.7037577],[14.9883292,49.7038068],[14.9885239,49.7038699],[14.9886482,49.703904],[14.9887533,49.7039548],[14.9888465,49.7040137],[14.9889331,49.7040849],[14.9890808,49.704209],[14.9892334,49.7043299],[14.989526,49.7045355],[14.9899412,49.7047526],[14.9900629,49.7048353],[14.9903088,49.7049359],[14.9906102,49.7050305],[14.990816,49.7050879],[14.9909041,49.7051443],[14.9912358,49.7054154],[14.9910553,49.7055441],[14.991035,49.7056786],[14.9912681,49.7059738],[14.9912815,49.706004],[14.9923418,49.7084289],[14.9923886,49.7086094],[14.992905,49.7096387],[14.9930745,49.7099049],[14.9932171,49.7104182],[14.9935342,49.7112543],[14.993998,49.7123996],[14.9940585,49.7125158],[14.9943876,49.7134551],[14.9943925,49.7135687],[14.9944958,49.7137163],[14.994576,49.7142975],[14.9946353,49.7147083],[14.9947301,49.7147588],[14.9947379,49.7148283],[14.994771,49.7148582],[14.9951136,49.7158743],[14.9955044,49.716636],[14.9955809,49.7166811],[14.9959235,49.7178499],[14.9960321,49.7182047],[14.9964697,49.7210305],[14.9965248,49.722106],[14.996526,49.7221775],[14.9987347,49.725573],[14.9963165,49.7265812],[14.9948839,49.7284453],[14.9947163,49.7285827],[14.9947234,49.7286196],[14.9944963,49.728715],[14.9943856,49.7287983],[14.9939987,49.7291683],[14.994206,49.7293559],[14.993918,49.7296132],[14.9934742,49.7299213],[14.9934872,49.7299463],[14.9934593,49.7310822],[14.9928247,49.7311626],[14.992335,49.7319795],[14.9923528,49.7320324],[14.9923984,49.732168],[14.9924108,49.7322176],[14.9924699,49.7325524],[14.9924756,49.7326677],[14.9924902,49.7327691],[14.992495,49.7330341],[14.9925393,49.7330775],[14.9926501,49.7333352],[14.9926994,49.7333636],[14.9926836,49.7333928],[14.992575,49.7335606],[14.9926032,49.7335943],[14.9927674,49.7337906],[14.992804,49.7338342],[14.9929967,49.7340644],[14.9929078,49.7340893],[14.9930322,49.7341484],[14.9928745,49.7344117],[14.9931474,49.7345676],[14.9932205,49.7346063],[14.9934809,49.7350626],[14.9937492,49.7353026],[14.9938192,49.7357325],[14.9939717,49.7359615],[14.9946928,49.7363626],[14.9947974,49.7365156],[14.9950037,49.73659],[14.9952931,49.7367524],[14.9954204,49.7369467],[14.9956416,49.7369109],[14.9959206,49.7369988],[14.9962505,49.7372529],[14.9964553,49.7373765],[14.9966193,49.7375301],[14.997014,49.7373874],[14.9971116,49.7373766],[14.9971938,49.7373675],[14.9972923,49.7373566],[14.9975521,49.7373866],[14.9979776,49.7376605],[14.9986616,49.7379386],[14.99867,49.7379793],[14.9987081,49.7381668],[14.9991869,49.7384163],[14.9993128,49.7390683],[14.999673,49.7388189],[15.0000011,49.7390253],[15.0005546,49.7392287],[15.0005549,49.7394097],[15.0005921,49.7394734],[15.0007855,49.7394163],[15.0016688,49.7396508],[15.0016132,49.7397182],[15.001875,49.7398152],[15.0019023,49.7398384],[15.0019562,49.7399116],[15.0025322,49.7401839],[15.0025675,49.7403118],[15.0032575,49.7402517],[15.0038128,49.7401968],[15.0043395,49.7401509],[15.0046985,49.7416197],[15.0051829,49.7426829],[15.0051462,49.7430705],[15.0054662,49.7435703],[15.0054619,49.743698],[15.0055914,49.7441602],[15.0056001,49.7442412],[15.0057205,49.7448106],[15.0057814,49.7452282],[15.0050561,49.7460578],[15.0051892,49.7461101],[15.0049247,49.7461136],[15.0046477,49.7460423],[15.0044412,49.7459981],[15.0042942,49.7464137],[15.0042205,49.7464288],[15.0042104,49.7464715],[15.0041841,49.7465818],[15.0042343,49.7465843],[15.004114,49.7467954],[15.0040273,49.7469018],[15.0039613,49.7469828],[15.003806,49.7472537],[15.0037018,49.747215],[15.0036541,49.7473275],[15.0036496,49.7473594],[15.0035493,49.7475592],[15.0034484,49.7476771],[15.0032175,49.7479094],[15.0032451,49.7480342],[15.0034816,49.7482746],[15.0031833,49.7490758],[15.0030288,49.7494505],[15.0028771,49.7497907],[15.0027809,49.7500062],[15.0029561,49.7501656],[15.0026902,49.7502026],[15.0024246,49.7501506],[15.0015687,49.7499914],[15.0013898,49.7499456],[15.0011622,49.7498873],[15.0009418,49.7498475],[15.0006192,49.7497963],[15.0004361,49.7497667],[14.9997588,49.7496605],[14.9994976,49.749629],[14.9993161,49.749606],[14.9988195,49.7495373],[14.9987494,49.7495276],[14.9983782,49.7494794],[14.9982666,49.749468],[14.9980745,49.7494519],[14.99769,49.7494257],[14.9971904,49.7493904],[14.9967593,49.749346],[14.9971293,49.7485775],[14.9963623,49.7467943],[14.9962137,49.7466891],[14.9959214,49.7462012],[14.995783,49.7458669],[14.9958486,49.7450136],[14.9961565,49.7438611],[14.9960781,49.7438538],[14.9955753,49.7433744],[14.9954006,49.7429591],[14.9954284,49.7424543],[14.9946996,49.7413739],[14.9946839,49.7413495],[14.9941319,49.7411535],[14.9934096,49.7409541],[14.9933322,49.7409559],[14.9931714,49.7409558],[14.9933845,49.7407575],[14.9904642,49.7398615],[14.9902719,49.7397592],[14.9900023,49.739674],[14.9895372,49.7396122],[14.9891053,49.7397606],[14.9886516,49.7396857],[14.988187,49.7396252],[14.9867591,49.7396905],[14.9867028,49.7396891],[14.9863869,49.7396778],[14.9851568,49.7396863],[14.9843844,49.7402304],[14.9840706,49.7402875],[14.9835659,49.740425],[14.9836816,49.740603],[14.9827573,49.7410865],[14.9821174,49.7412969],[14.9819695,49.7412464],[14.9818032,49.7413856],[14.9816966,49.7414164],[14.9814902,49.7415854],[14.980507,49.7422688],[14.9800054,49.7425269],[14.9789653,49.7439713],[14.978482,49.7447637],[14.9786429,49.7462966],[14.9785467,49.7468095],[14.9785297,49.7470486],[14.9786527,49.7476358],[14.9786632,49.7476577],[14.9787926,49.7479312],[14.9807112,49.7489475],[14.9804326,49.7491718],[14.9799385,49.7495455],[14.9791539,49.7500592],[14.9787668,49.7502234],[14.9783657,49.7503893],[14.9781208,49.750472],[14.977723,49.7505481],[14.9774782,49.7505786],[14.9772646,49.7505874],[14.9770763,49.7505765],[14.9769164,49.7505671],[14.9763227,49.7505021],[14.9760033,49.7505119],[14.9757501,49.7505653],[14.9755535,49.750636],[14.975193,49.7507872],[14.9751747,49.7507685],[14.9750519,49.7505736],[14.9748059,49.7502981],[14.9741228,49.7498009],[14.9740142,49.7496341],[14.9735098,49.7495573],[14.9732623,49.7496265],[14.972469,49.7492416],[14.971462,49.7486437],[14.9710145,49.7486428],[14.970694,49.7487949],[14.9698677,49.7486742],[14.9691128,49.7485207],[14.9691862,49.7484881],[14.9691402,49.748396],[14.9685888,49.7483599],[14.9683142,49.748352],[14.9676505,49.7481485],[14.9676785,49.7481158],[14.9666233,49.74803],[14.965996,49.7481032],[14.9657963,49.7479806],[14.9642989,49.7481179],[14.9624623,49.7484343],[14.9622021,49.7484203],[14.9594263,49.7493338],[14.9597679,49.7494866],[14.9597128,49.7496355],[14.9590049,49.7498669],[14.9585918,49.750149],[14.9582995,49.750264],[14.9579173,49.7504862],[14.9578527,49.7504556],[14.9562618,49.7502959],[14.9541168,49.7504659],[14.9529825,49.7505945],[14.9527523,49.7506968],[14.9526823,49.7506302],[14.9521139,49.7507567],[14.950491,49.7510963],[14.9518985,49.749349],[14.9521354,49.7485778],[14.9522162,49.748593],[14.9524552,49.748566],[14.9546392,49.7455022],[14.9545185,49.7451565],[14.9546634,49.7443884],[14.9550174,49.7443915],[14.9554037,49.7443394],[14.9553963,49.744214],[14.955416,49.7439679],[14.9554426,49.7437201],[14.9554551,49.7436039],[14.9554524,49.7434784],[14.9554522,49.7434704],[14.9554521,49.7434647],[14.9554517,49.7434503],[14.9552733,49.7433891],[14.9549956,49.7433467],[14.9554607,49.7431977],[14.9552448,49.7420401],[14.9555884,49.7419651],[14.9557669,49.7419261],[14.9558487,49.7418676],[14.9559982,49.7418802],[14.9560355,49.741812],[14.955864,49.7416827],[14.9557236,49.7415708],[14.9555123,49.7415018],[14.9553317,49.7414832],[14.9558236,49.7409046],[14.9571833,49.7408313],[14.9576765,49.7411722],[14.9581167,49.7411673],[14.9585064,49.7411628],[14.9589229,49.7411581],[14.9591695,49.7411627],[14.9593386,49.7411322],[14.9593999,49.74113],[14.9595707,49.7411238],[14.9596876,49.7411113],[14.9598061,49.7410986],[14.9598141,49.7411386],[14.9598612,49.7412594],[14.959926,49.7413728],[14.9599981,49.7414989],[14.959311,49.7424153],[14.95919,49.7426872],[14.9609181,49.7427852],[14.9609573,49.7427873],[14.9611411,49.7427973],[14.9613289,49.7428076],[14.961514,49.7428176],[14.9616693,49.742826],[14.9619674,49.7428423],[14.9622189,49.7428559],[14.9624773,49.74287],[14.9627611,49.7428855],[14.9636278,49.7433657],[14.9639222,49.7433482],[14.9644935,49.7433143],[14.964567,49.7433064],[14.9650869,49.7432501],[14.965871,49.7432178],[14.966329,49.7435396],[14.9676352,49.7432923],[14.9677378,49.7432838],[14.9678181,49.7432759],[14.9679167,49.743281],[14.9679533,49.7432848],[14.9681115,49.7433179],[14.9688737,49.7433952],[14.9691304,49.7433562],[14.9691942,49.7433503],[14.9693843,49.7432766],[14.9694848,49.7432377],[14.9698134,49.7432105],[14.9703494,49.7433344],[14.9724309,49.7428764],[14.9727826,49.7427731],[14.9743368,49.742423],[14.9741767,49.742182],[14.9751093,49.7416764],[14.9753525,49.7416058],[14.9753729,49.7416014],[14.9755179,49.7415521],[14.9757173,49.7412336],[14.9757797,49.7409113],[14.9759964,49.7406647],[14.9763124,49.7408493],[14.9766515,49.7405074],[14.9766282,49.740054],[14.9766583,49.7395606],[14.9768,49.7394103],[14.9768846,49.7393325],[14.9770506,49.7393516],[14.9770062,49.7389039],[14.9777333,49.7386726],[14.9776722,49.7386235],[14.9777649,49.7381372],[14.9775691,49.7379575],[14.9778904,49.7375896],[14.9780544,49.7374375],[14.9784386,49.7373459],[14.9787616,49.7372664],[14.9784588,49.7370111],[14.9780562,49.7367831],[14.9776979,49.7366919],[14.97775,49.7366347],[14.9778698,49.7363665],[14.9777775,49.7363299],[14.977448,49.7353918],[14.977452,49.7353611],[14.9772225,49.7335474],[14.9772177,49.7334787],[14.9770782,49.7334428],[14.9768356,49.7332954],[14.9767934,49.7332716],[14.9767417,49.7332275],[14.9773486,49.7331542],[14.9782693,49.7331309],[14.9786284,49.7330758],[14.9801029,49.7328704],[14.9799279,49.732284],[14.9797485,49.7319523],[14.9795904,49.7317128],[14.9794901,49.731611],[14.9794712,49.7315551],[14.979605,49.7312983],[14.9798484,49.7313876],[14.9799964,49.7315205],[14.9803816,49.7316173],[14.9806996,49.7318105],[14.9811629,49.7318848],[14.9826979,49.7317031],[14.9828422,49.7317089],[14.9873427,49.7318909],[14.9872982,49.7316906],[14.9872748,49.7315855],[14.9873753,49.731521],[14.9872965,49.7312258],[14.9868451,49.7307582],[14.9863514,49.730615],[14.9859131,49.7304092],[14.9853257,49.7301167],[14.9848759,49.7299944],[14.9847091,49.7299489],[14.9845589,49.729887],[14.9843876,49.7298284],[14.9838087,49.7295524],[14.9832415,49.7293815],[14.9826129,49.7290884],[14.9824582,49.7289162],[14.9823038,49.7288558],[14.9821592,49.7284862],[14.984359,49.7247651],[14.9869247,49.7236987],[14.9868012,49.723637],[14.9866836,49.7236014],[14.9864519,49.7235037],[14.9859627,49.7233912],[14.9857468,49.7232614],[14.9840797,49.72325],[14.9833522,49.7234427],[14.9827157,49.7238338],[14.982571,49.7239414],[14.9817119,49.7245941],[14.9816084,49.7245069],[14.9814841,49.7243853],[14.9814044,49.7243154],[14.9813637,49.7242798],[14.9812623,49.7242155],[14.9811852,49.7241823],[14.9811214,49.7241477],[14.9810385,49.7241078],[14.9809403,49.7240621],[14.9808008,49.7240311],[14.9806903,49.7239782],[14.980885,49.7235395],[14.9809961,49.7234376],[14.980506,49.7234949],[14.9810647,49.7226267],[14.9787991,49.7222048],[14.9765903,49.721794],[14.9764008,49.7204715],[14.9763761,49.7204425],[14.9762307,49.7202715],[14.9762789,49.7199105],[14.9760332,49.7189846],[14.9759483,49.7188728],[14.976249,49.7187664],[14.9757265,49.7181402],[14.9756151,49.7180175],[14.975392,49.7177893],[14.9754024,49.7176467],[14.9753488,49.7175697],[14.9743853,49.7167127],[14.9741188,49.7164485],[14.9740348,49.7163868],[14.9738928,49.7162824],[14.9737345,49.7162037],[14.9721781,49.7150807],[14.9721243,49.7151105],[14.9685629,49.7149769],[14.9684219,49.7149771],[14.9668483,49.7152178],[14.9664153,49.7149565],[14.9641618,49.7141092],[14.9640505,49.7135325],[14.9640394,49.7133888],[14.96426,49.7133624],[14.9644617,49.7133127],[14.9646482,49.7132602],[14.9646109,49.7130544],[14.9645785,49.7128752],[14.9645458,49.7126937],[14.9644981,49.7125266],[14.9644415,49.7123284],[14.9644088,49.7121507],[14.9643726,49.7119766],[14.9643355,49.711798],[14.9658297,49.7120086],[14.9671007,49.7126188],[14.9677452,49.7129851],[14.9678426,49.7129213],[14.9702633,49.71025],[14.9702239,49.7101617]]]}},{"type":"Feature","properties":{"SKNAZEV":"oblast a osa","OBTYPNAZEV":"AKC","DRUH_O_AKC":"AOV","ID_LOKAL":34,"OZNACENI_P":"AOV34","UO":1,"VYKON":81,"UROVEN":"URP","ID_NDOK":null,"NAZEV_NDOK":null,"NAZEV":"Jakartovice","ZM_CISLO_P":2,"EUP_KOD_P":22907,"ZAPIS":"ZMZA","JE_AKTUALNI":false,"STAV_VYBERU":"zrusena"},"geometry":{"type":"Polygon","coordinates":[[[17.6705569,49.8356531],[17.6709233,49.8360778],[17.6712642,49.8361095],[17.6708518,49.8365126],[17.6702778,49.8370252],[17.6695928,49.8380161],[17.6696478,49.8385127],[17.6695653,49.8390904],[17.6689749,49.8401662],[17.6687873,49.8409962],[17.6682473,49.8418338],[17.6680519,49.8423558],[17.6677906,49.8428222],[17.6678087,49.842855],[17.6678909,49.843086],[17.6680534,49.8432988],[17.6680711,49.8433239],[17.6682561,49.8436389],[17.6683047,49.8438171],[17.6683741,49.8442569],[17.6683873,49.8443241],[17.6684689,49.8447646],[17.6684705,49.8447911],[17.6684987,49.8452799],[17.6684866,49.8456045],[17.668418,49.8461136],[17.6684701,49.8463049],[17.668677,49.846734],[17.6687355,49.8468381],[17.6687699,49.8468987],[17.6688124,49.8469623],[17.6690633,49.8474756],[17.6692597,49.8481303],[17.6695156,49.8493404],[17.6700082,49.8492638],[17.6717537,49.8499308],[17.6720647,49.8500629],[17.6724503,49.8501216],[17.673134,49.8505594],[17.6734893,49.8505823],[17.6749455,49.8510869],[17.6760871,49.851332],[17.6760394,49.8525195],[17.6760275,49.8528859],[17.6746756,49.8530522],[17.6716554,49.8536687],[17.6674625,49.8555254],[17.6675431,49.8557513],[17.6676118,49.8558895],[17.6677048,49.8559753],[17.6678416,49.8562302],[17.6679509,49.8565176],[17.6681111,49.8570521],[17.6675166,49.8577326],[17.6674382,49.858098],[17.6674869,49.8593016],[17.6670473,49.8595755],[17.6676907,49.859867],[17.6674447,49.8601246],[17.667621,49.8603608],[17.6679549,49.8605835],[17.6678798,49.8611118],[17.6676877,49.8612918],[17.6683309,49.8616095],[17.6688145,49.8619018],[17.669416,49.8622292],[17.6695586,49.8625569],[17.6694297,49.8631336],[17.6707395,49.8664471],[17.669497,49.866972],[17.6679088,49.8676333],[17.6665671,49.8690092],[17.6658148,49.8702536],[17.6651769,49.8703234],[17.6651435,49.8713674],[17.6638448,49.8728765],[17.6631243,49.878471],[17.6615067,49.8793955],[17.6592582,49.8795852],[17.6588346,49.8780746],[17.6587843,49.8778562],[17.6583267,49.8769308],[17.656254,49.8739492],[17.6554641,49.8738233],[17.6538589,49.8735687],[17.6531119,49.8732354],[17.6522232,49.87295],[17.6519025,49.8729059],[17.6515942,49.8728733],[17.6496949,49.8727242],[17.6491425,49.8726341],[17.6490896,49.8726557],[17.648751,49.8727424],[17.6451675,49.8738542],[17.644346,49.873904],[17.6432337,49.8738139],[17.6412666,49.8741678],[17.6396979,49.8743709],[17.637577,49.8749927],[17.6367664,49.8756347],[17.6361596,49.875954],[17.6343217,49.8776061],[17.6338279,49.8785165],[17.6336513,49.8786321],[17.6330755,49.8792388],[17.633462,49.8794803],[17.6331209,49.8798285],[17.6315022,49.8806341],[17.630459,49.8807067],[17.6296818,49.8811358],[17.6292103,49.8820337],[17.6281396,49.8820757],[17.6275849,49.8818658],[17.6263768,49.8814041],[17.6247225,49.8807754],[17.6230053,49.880132],[17.6212376,49.8794542],[17.6208448,49.8793037],[17.6207788,49.8792785],[17.6205535,49.8791955],[17.6203512,49.8791452],[17.619206,49.8790351],[17.6179925,49.8789495],[17.6158536,49.8787676],[17.6154222,49.8787543],[17.6149456,49.8787545],[17.6149667,49.8787369],[17.6150267,49.8786872],[17.6151081,49.8786288],[17.6153785,49.8784901],[17.6154505,49.8784156],[17.6156074,49.8780487],[17.6158309,49.87785],[17.6161261,49.8775871],[17.6163469,49.8772959],[17.6164447,49.8771941],[17.6166795,49.8769893],[17.6168894,49.8768255],[17.6172119,49.8765347],[17.6173383,49.8764518],[17.6177192,49.8762129],[17.6181881,49.8758551],[17.6181535,49.8758283],[17.618547,49.8755764],[17.6189854,49.8752849],[17.6195615,49.874866],[17.6196871,49.8747918],[17.6243671,49.8696935],[17.6242302,49.8686968],[17.6256427,49.8673851],[17.6261164,49.8669384],[17.6262554,49.8662573],[17.6266526,49.8651242],[17.6272087,49.8647989],[17.6275954,49.864467],[17.628019,49.8642331],[17.6289874,49.8640627],[17.6293092,49.8631259],[17.6303035,49.8626309],[17.6306112,49.8611971],[17.6308004,49.8608371],[17.6328817,49.8598196],[17.6328698,49.8597787],[17.633149,49.8595436],[17.6339479,49.8594962],[17.6342748,49.8592501],[17.6345937,49.8591064],[17.634793,49.8588085],[17.6351518,49.8586564],[17.6373116,49.8581096],[17.638374,49.8576886],[17.6384448,49.857665],[17.6430767,49.8576453],[17.6432997,49.8576195],[17.6438767,49.8576278],[17.6455305,49.8576379],[17.6477525,49.8570865],[17.6477803,49.8568989],[17.6485686,49.8563012],[17.6495565,49.8555276],[17.6502359,49.8546638],[17.6504667,49.8542],[17.650583,49.8541459],[17.6508552,49.8538181],[17.6509346,49.8538065],[17.6513444,49.8537465],[17.6516073,49.8537923],[17.6520462,49.853298],[17.6532593,49.8527366],[17.653453,49.8527486],[17.6547226,49.8517032],[17.6551206,49.8516884],[17.6552754,49.8513236],[17.6554139,49.8511003],[17.65552,49.8511188],[17.6555986,49.8509522],[17.6558379,49.8509047],[17.6558267,49.8506638],[17.6560875,49.8504936],[17.6561462,49.850414],[17.6561951,49.8503708],[17.6563779,49.8501001],[17.6566577,49.8498657],[17.6567032,49.8498319],[17.6568733,49.849734],[17.6569914,49.8496501],[17.6572203,49.8494651],[17.6573572,49.8493286],[17.6583497,49.8481969],[17.6589552,49.8470271],[17.6588984,49.8468808],[17.6592166,49.8466416],[17.6594192,49.8458945],[17.6595027,49.845621],[17.6595875,49.8453694],[17.6605124,49.844752],[17.660253,49.8441458],[17.6605803,49.8435564],[17.6605515,49.8434208],[17.6611086,49.843209],[17.6609846,49.84269],[17.6617209,49.8422973],[17.661378,49.8417164],[17.6619259,49.8409042],[17.6621887,49.8401742],[17.6630133,49.8392957],[17.6633389,49.8388703],[17.6633558,49.8387799],[17.6640637,49.838227],[17.6643066,49.8379431],[17.6643863,49.8378759],[17.6647219,49.837741],[17.6651577,49.8375474],[17.665729,49.8372479],[17.666118,49.8371597],[17.6667462,49.8369763],[17.6671112,49.8369372],[17.6675188,49.8365318],[17.6689336,49.8363123],[17.6693052,49.8361187],[17.6695508,49.8359907],[17.6698391,49.8358996],[17.6705569,49.8356531]]]}},{"type":"Feature","properties":{"SKNAZEV":"oblast a osa","OBTYPNAZEV":"AKC","DRUH_O_AKC":"AOV","ID_LOKAL":21,"OZNACENI_P":"AOV21","UO":1,"VYKON":28,"UROVEN":"URP","ID_NDOK":null,"NAZEV_NDOK":null,"NAZEV":"Miroslav","ZM_CISLO_P":2,"EUP_KOD_P":22907,"ZAPIS":"ZMZA","JE_AKTUALNI":true,"STAV_VYBERU":"ponechana"},"geometry":{"type":"Polygon","coordinates":[[[16.3355268,48.9235022],[16.3394296,48.9216799],[16.3397094,48.9214419],[16.3414961,48.9198537],[16.3418846,48.9198166],[16.3419737,48.9198531],[16.3420283,48.919844],[16.3422967,48.9198143],[16.3422745,48.9197275],[16.3422475,48.9196768],[16.3418926,48.9179499],[16.3419194,48.9178704],[16.3419101,48.9178308],[16.3395247,48.916117],[16.3396884,48.9160557],[16.3396642,48.9159498],[16.3396587,48.9159257],[16.3413845,48.9136914],[16.3418716,48.9132993],[16.3434257,48.9124344],[16.3442913,48.9118013],[16.3456621,48.9112831],[16.345741,48.9110354],[16.3473323,48.9097544],[16.3489683,48.9089325],[16.3516752,48.9070075],[16.3519488,48.9067551],[16.3555559,48.9062729],[16.3544275,48.9091923],[16.3549668,48.9096342],[16.354896,48.9096511],[16.3541913,48.9098299],[16.3541825,48.9099216],[16.354201,48.9099603],[16.3546965,48.9101707],[16.3548273,48.9101312],[16.3549104,48.9101064],[16.3551206,48.9102964],[16.3557193,48.910012],[16.3589653,48.9130119],[16.3590643,48.9131033],[16.3619907,48.9148145],[16.3630783,48.9174607],[16.3617759,48.918058],[16.3618799,48.9181483],[16.3627681,48.9194009],[16.3631183,48.9213481],[16.3631813,48.9213607],[16.3630155,48.9220259],[16.3631047,48.9221431],[16.3630282,48.9224598],[16.3628076,48.9227176],[16.3628994,48.9230124],[16.3629062,48.9258713],[16.3629412,48.92625],[16.3629443,48.9266284],[16.3625887,48.9267363],[16.3619824,48.9269204],[16.3617761,48.9269839],[16.3613282,48.9271243],[16.3605006,48.9273749],[16.3599561,48.9275317],[16.3596245,48.9275913],[16.3593859,48.9276115],[16.3582191,48.926354],[16.3582079,48.9263419],[16.3580818,48.9262876],[16.3578364,48.9263763],[16.3545228,48.9254707],[16.3519967,48.924962],[16.3519565,48.9249764],[16.3512365,48.9252371],[16.3508598,48.9250507],[16.3492736,48.9252442],[16.349217,48.9252468],[16.3491638,48.925242],[16.3490877,48.9252496],[16.3490138,48.9252464],[16.3489028,48.9252546],[16.3487969,48.9252568],[16.3487186,48.9252516],[16.3486553,48.9252559],[16.3486057,48.9252585],[16.3485055,48.925248],[16.34838,48.925225],[16.3482201,48.9251906],[16.3480952,48.9251521],[16.347991,48.9251246],[16.3478505,48.9251009],[16.3477752,48.9250988],[16.3476891,48.9250836],[16.3476236,48.9250727],[16.3474794,48.925042],[16.3474094,48.9250299],[16.3472319,48.9250133],[16.3470621,48.9250144],[16.3469015,48.9250131],[16.3468053,48.9250145],[16.3466435,48.9250166],[16.3466234,48.9250219],[16.3467353,48.9255448],[16.344642,48.9259597],[16.3422041,48.9270444],[16.3421121,48.9270881],[16.3415932,48.9270885],[16.3405838,48.9270606],[16.3399351,48.9270561],[16.3396145,48.9270437],[16.3393219,48.9270065],[16.3391725,48.9269542],[16.3389678,48.9268328],[16.338878,48.926734],[16.3384778,48.9262352],[16.3381788,48.9257503],[16.3381312,48.9257928],[16.3380322,48.9258171],[16.3379828,48.9258089],[16.3378877,48.9258151],[16.337564,48.9258348],[16.3374289,48.925843],[16.3370371,48.9259197],[16.3368212,48.9259619],[16.3367813,48.9259698],[16.3365172,48.9260224],[16.3363525,48.9260553],[16.336131,48.9261557],[16.3360399,48.926197],[16.335952,48.9262369],[16.3354675,48.9263675],[16.334991,48.9264961],[16.3339245,48.9267538],[16.3338294,48.9264443],[16.3337359,48.9257866],[16.3335253,48.9240295],[16.3338763,48.923934],[16.3355268,48.9235022]]]}},{"type":"Feature","properties":{"SKNAZEV":"oblast a osa","OBTYPNAZEV":"AKC","DRUH_O_AKC":"AOV","ID_LOKAL":44,"OZNACENI_P":"AOV44","UO":1,"VYKON":84,"UROVEN":"URP","ID_NDOK":null,"NAZEV_NDOK":null,"NAZEV":"Litochovice","ZM_CISLO_P":2,"EUP_KOD_P":22907,"ZAPIS":"ZMZA","JE_AKTUALNI":true,"STAV_VYBERU":"ponechana"},"geometry":{"type":"Polygon","coordinates":[[[13.9504371,49.1918482],[13.9503431,49.1916686],[13.9502837,49.1915496],[13.9499583,49.1912719],[13.9498192,49.1911819],[13.949796,49.1911251],[13.9498499,49.1910674],[13.9498022,49.1909571],[13.9497935,49.1908736],[13.949705,49.1906243],[13.9496361,49.1905476],[13.9495431,49.1904791],[13.949498,49.1904075],[13.9496491,49.1903301],[13.9496648,49.1902809],[13.949415,49.1902275],[13.9490939,49.1901819],[13.9489031,49.1901404],[13.9482025,49.1900062],[13.9480828,49.1899786],[13.9479938,49.1900368],[13.9478308,49.1900431],[13.9477305,49.1900275],[13.9475523,49.189849],[13.9458069,49.1893463],[13.9458361,49.1890042],[13.9459306,49.1888847],[13.9444181,49.1877299],[13.9443117,49.1876881],[13.9442386,49.1876348],[13.944155,49.1875579],[13.9439866,49.1873737],[13.9436249,49.1871463],[13.9435635,49.186995],[13.9433888,49.1868234],[13.943262,49.1866872],[13.9432151,49.1865338],[13.9431883,49.1863554],[13.9431847,49.1862528],[13.9432068,49.1861461],[13.9432661,49.1857058],[13.9437797,49.1853895],[13.9438992,49.1852902],[13.9440664,49.1851818],[13.9447156,49.1848535],[13.9451769,49.1846981],[13.9452311,49.1846253],[13.9452286,49.1846027],[13.945131,49.1838605],[13.9449371,49.1832877],[13.9444642,49.181892],[13.9446345,49.1817509],[13.9447129,49.1816452],[13.945042,49.1814267],[13.9455439,49.1811669],[13.9457527,49.1810578],[13.9464618,49.1806875],[13.946745,49.1806201],[13.9458832,49.1792351],[13.9457969,49.1791706],[13.9457687,49.1791144],[13.9453506,49.1788372],[13.9452901,49.1787289],[13.9452796,49.178579],[13.9451422,49.178052],[13.9450336,49.1778862],[13.945024,49.1769451],[13.944929,49.1768587],[13.94485,49.1767626],[13.9448266,49.1766864],[13.9447729,49.1766458],[13.9445791,49.1765289],[13.9451257,49.1755913],[13.9449099,49.1747623],[13.9435943,49.1740768],[13.943546,49.1739931],[13.9433007,49.1740298],[13.9429519,49.174082],[13.9424414,49.1741583],[13.9419483,49.1742989],[13.9412541,49.1744399],[13.9409391,49.1745127],[13.9407818,49.1745351],[13.9400165,49.1746442],[13.9398358,49.1746558],[13.9393762,49.1747005],[13.9385251,49.1748311],[13.9367104,49.1748832],[13.9362081,49.1748894],[13.9361698,49.1747265],[13.9362684,49.1746082],[13.9364407,49.1744061],[13.9366004,49.1742035],[13.9361631,49.1731848],[13.9361431,49.1731387],[13.936002,49.1728247],[13.9364304,49.1728137],[13.9364742,49.1726672],[13.9365617,49.1722643],[13.9370397,49.1721009],[13.9375312,49.1721205],[13.9375656,49.1717344],[13.9375924,49.1715724],[13.9376385,49.1715846],[13.9377815,49.1716046],[13.9380233,49.1716234],[13.9382092,49.1716253],[13.9382184,49.1716254],[13.9384403,49.17163],[13.9386491,49.1716201],[13.9388045,49.1716101],[13.939092,49.1715726],[13.9392572,49.1715468],[13.9394356,49.1715088],[13.9396613,49.1714483],[13.9397207,49.1714382],[13.9397804,49.171428],[13.9398998,49.1714219],[13.9401288,49.1714264],[13.9402204,49.1714322],[13.9406204,49.1714572],[13.9408977,49.1714782],[13.9410636,49.1715003],[13.9410716,49.1715014],[13.9411825,49.1715165],[13.9413362,49.1715287],[13.9414786,49.1715186],[13.9416901,49.171495],[13.9427047,49.1712832],[13.9432836,49.1712061],[13.943395,49.1713377],[13.9434265,49.1713855],[13.9439416,49.1714658],[13.9441557,49.171449],[13.9441772,49.1715861],[13.9445179,49.1715555],[13.9455213,49.1713721],[13.9455432,49.171147],[13.9460965,49.1710768],[13.9464518,49.1710371],[13.94651,49.1710301],[13.9465671,49.1710233],[13.9473773,49.1709782],[13.9474235,49.1709757],[13.9475415,49.1709673],[13.9478394,49.1708756],[13.9481856,49.1708316],[13.9481472,49.1703563],[13.9484735,49.170401],[13.9484704,49.1703834],[13.9486494,49.1704031],[13.9487328,49.1699156],[13.9493641,49.1699533],[13.9493852,49.1696352],[13.9502764,49.1696456],[13.9502256,49.1692847],[13.9502836,49.1688389],[13.950709,49.1689008],[13.950818,49.1682777],[13.9508402,49.1679397],[13.9508133,49.1676222],[13.9509153,49.1676094],[13.9514159,49.1668696],[13.9514238,49.1668545],[13.951522,49.1665445],[13.9518091,49.1658763],[13.9518495,49.1657968],[13.9514513,49.1657541],[13.9513899,49.1657535],[13.9513858,49.1656726],[13.9509102,49.165691],[13.9508539,49.1642389],[13.9505182,49.1642598],[13.9505921,49.1639643],[13.9505265,49.1639684],[13.9503149,49.163981],[13.950389,49.1633835],[13.9502072,49.1633802],[13.9503189,49.1633139],[13.9502891,49.1632986],[13.9499188,49.1631163],[13.9493118,49.1628248],[13.9499891,49.1619377],[13.9505769,49.1618479],[13.9506042,49.1618425],[13.9507975,49.1616991],[13.9518708,49.1613088],[13.9520749,49.1608203],[13.9527797,49.1607703],[13.9527434,49.1606185],[13.9526764,49.1605135],[13.9526,49.1603031],[13.9540232,49.1599916],[13.9539051,49.1597179],[13.9537673,49.1594765],[13.9535538,49.1592265],[13.9535489,49.1591908],[13.9540351,49.1590254],[13.9539755,49.1582322],[13.9537509,49.1572764],[13.9545077,49.1572522],[13.9544468,49.1570898],[13.9542376,49.1566957],[13.9542091,49.1566685],[13.9544026,49.156523],[13.9538077,49.1558489],[13.9537777,49.1558017],[13.9534671,49.1558625],[13.9534096,49.1557954],[13.9530841,49.1557357],[13.9526989,49.155026],[13.9526801,49.1549068],[13.9526745,49.1548701],[13.9526658,49.1548149],[13.9521408,49.1547133],[13.9521378,49.1546909],[13.952115,49.1545203],[13.9518381,49.1545508],[13.9509796,49.1539733],[13.9509627,49.1539053],[13.9510349,49.1538319],[13.9504708,49.1535426],[13.9493032,49.1533264],[13.9484443,49.1530463],[13.9483192,49.153123],[13.9483161,49.1531425],[13.948138,49.1531137],[13.9481464,49.1530048],[13.9478455,49.1529458],[13.9478525,49.1529285],[13.9474631,49.1528882],[13.9472309,49.1528425],[13.9459789,49.1522503],[13.9453958,49.152567],[13.9452636,49.1523586],[13.9450698,49.152201],[13.9445369,49.1524987],[13.9441854,49.1522325],[13.9441584,49.1523051],[13.9441426,49.1523473],[13.9438808,49.1522504],[13.9434433,49.1520341],[13.9433773,49.1519751],[13.9432232,49.1520322],[13.9431445,49.1520613],[13.9429159,49.152146],[13.9428445,49.1521725],[13.942905,49.1522716],[13.9429845,49.1524978],[13.9427447,49.1525275],[13.9426558,49.1525439],[13.942104,49.1526141],[13.9412843,49.1527447],[13.9408328,49.1526505],[13.9402173,49.1526983],[13.9397472,49.1527162],[13.9395228,49.1526096],[13.9390416,49.1526931],[13.9386682,49.1523305],[13.9377992,49.1524706],[13.9360228,49.1528777],[13.9358479,49.1530269],[13.9358175,49.1530375],[13.9360724,49.1534444],[13.9348602,49.1537518],[13.9342345,49.1539044],[13.9346451,49.1540736],[13.9336698,49.1546304],[13.9336698,49.1546832],[13.9333628,49.1546804],[13.9328685,49.154766],[13.9329992,49.1550276],[13.9323362,49.1553386],[13.9323628,49.1553835],[13.9323604,49.1556095],[13.9323428,49.1557068],[13.9321039,49.1563608],[13.9321462,49.1568362],[13.9320348,49.1569037],[13.9313714,49.1569415],[13.9314968,49.1573765],[13.9317141,49.157932],[13.9311345,49.1580234],[13.9311888,49.1580656],[13.931133,49.1580776],[13.9312191,49.1587142],[13.9315134,49.1593468],[13.9314835,49.1594294],[13.9322306,49.1596825],[13.932257,49.1601368],[13.9328718,49.160629],[13.9334677,49.1614195],[13.9335152,49.1615344],[13.9339289,49.1617754],[13.9333992,49.1618539],[13.9332818,49.1620106],[13.9328586,49.1621076],[13.9330099,49.1623866],[13.933131,49.162554],[13.9331786,49.1626197],[13.9326574,49.1628119],[13.9326844,49.1628075],[13.9327494,49.1627816],[13.9328463,49.1627624],[13.9328862,49.1627412],[13.9329417,49.1627313],[13.9330111,49.1627645],[13.9330684,49.1627731],[13.9333081,49.1627997],[13.9334402,49.1628092],[13.9334766,49.1628105],[13.9335624,49.1628355],[13.9336303,49.1628593],[13.9336868,49.1629104],[13.9337536,49.1629904],[13.9337969,49.1630294],[13.9338073,49.1630504],[13.9337956,49.1630934],[13.9337471,49.1631591],[13.933723,49.1631779],[13.9336212,49.1632394],[13.9335185,49.1633],[13.9334308,49.1633457],[13.9331987,49.1634788],[13.9331306,49.1635237],[13.9332612,49.1636439],[13.9329424,49.1642195],[13.9329804,49.1642531],[13.9323512,49.1645354],[13.9325062,49.164538],[13.9319728,49.1649082],[13.9320765,49.1649928],[13.9321344,49.1650401],[13.9321659,49.1650658],[13.9323957,49.1652505],[13.9318167,49.1658378],[13.9317857,49.1664919],[13.9319908,49.1674738],[13.9320316,49.1675029],[13.9319562,49.1675347],[13.9321496,49.1675788],[13.932564,49.1681897],[13.9324748,49.1683237],[13.9325293,49.1684004],[13.9326907,49.1693086],[13.9332075,49.169725],[13.9327028,49.1703308],[13.9320532,49.1703027],[13.9315545,49.1702892],[13.9312421,49.170281],[13.9289714,49.1701207],[13.9284697,49.1703517],[13.9285357,49.1706354],[13.9278135,49.1706568],[13.9270442,49.1706897],[13.9269345,49.1706945],[13.9263447,49.1707088],[13.926299,49.1703983],[13.9263297,49.1702196],[13.926141,49.1701947],[13.9262437,49.1701115],[13.9260752,49.16985],[13.9255844,49.1689087],[13.9260668,49.1688148],[13.9256124,49.1679737],[13.9255944,49.1679404],[13.9255988,49.1678567],[13.9256031,49.1677737],[13.9254686,49.1676468],[13.9254334,49.1674033],[13.9253421,49.1674096],[13.9253722,49.1669678],[13.9242509,49.1670009],[13.9242483,49.1669657],[13.9242632,49.166748],[13.9242673,49.1667123],[13.9242765,49.1666702],[13.9242801,49.166654],[13.9243312,49.1664161],[13.9243488,49.1663434],[13.9243535,49.1659541],[13.9242953,49.1654103],[13.9242086,49.1651653],[13.9240192,49.1647766],[13.923853,49.1646858],[13.9235755,49.1640723],[13.9234966,49.1638998],[13.9234388,49.1637439],[13.9233487,49.1634811],[13.9233298,49.1634039],[13.9232891,49.1632138],[13.9232583,49.1630305],[13.9232055,49.1627649],[13.9226854,49.1628162],[13.9218596,49.1628413],[13.9217755,49.1627523],[13.9217562,49.162722],[13.9216467,49.1625502],[13.9217409,49.1624454],[13.9219422,49.1623281],[13.9220188,49.1623031],[13.9226434,49.162096],[13.9226269,49.161959],[13.9230457,49.1619087],[13.9231992,49.1618948],[13.9234692,49.1618703],[13.923659,49.1618532],[13.9236447,49.1617508],[13.9236194,49.1615698],[13.9239606,49.161607],[13.9241374,49.161581],[13.9243984,49.1614671],[13.9248124,49.1613539],[13.9253186,49.1611724],[13.925153,49.1603666],[13.9251462,49.1603339],[13.925137,49.1602811],[13.925131,49.1602466],[13.9250345,49.1596743],[13.9249788,49.1592506],[13.9246164,49.1591689],[13.9245046,49.1586071],[13.9241424,49.1586614],[13.9235856,49.1586262],[13.9235929,49.1585892],[13.9235976,49.1585571],[13.9236197,49.1584062],[13.9232737,49.1583798],[13.9229155,49.1584435],[13.9228801,49.1584422],[13.9228234,49.1584382],[13.9227458,49.1584307],[13.9227109,49.1584255],[13.9226836,49.1584189],[13.9226553,49.1584102],[13.9225694,49.1583813],[13.9225362,49.1583686],[13.92251,49.1583566],[13.9224521,49.1583253],[13.92238,49.1582928],[13.9222976,49.1582476],[13.9222243,49.1582149],[13.9221955,49.1581998],[13.9221783,49.1581886],[13.9221316,49.1581556],[13.9220719,49.1581216],[13.9220474,49.1581046],[13.9220288,49.1580886],[13.9220031,49.1580623],[13.9219849,49.1580414],[13.9219786,49.1580313],[13.9219755,49.1580215],[13.9219766,49.1580073],[13.9219857,49.1579843],[13.9219966,49.1579662],[13.9220078,49.157953],[13.9220396,49.1579226],[13.9220774,49.1578833],[13.9221068,49.1578575],[13.9221292,49.1578405],[13.9221542,49.1578238],[13.9222198,49.1577871],[13.922275,49.1577541],[13.9222945,49.1577417],[13.9223437,49.1577082],[13.9223594,49.1576992],[13.9224081,49.1576743],[13.9224743,49.1576347],[13.9224854,49.157631],[13.9225041,49.1576284],[13.9225198,49.1576292],[13.9232423,49.1576113],[13.9239682,49.1575045],[13.9239675,49.1574806],[13.9239187,49.1571035],[13.9239018,49.1569975],[13.9238748,49.1568288],[13.9238661,49.1568041],[13.9238367,49.1567204],[13.9238294,49.1566908],[13.9235218,49.1567296],[13.9230747,49.1567003],[13.9227026,49.1567556],[13.9226909,49.1567287],[13.9225316,49.1563497],[13.9223975,49.1558427],[13.9232974,49.1557975],[13.9234353,49.1558304],[13.9234748,49.1558211],[13.9236623,49.1557778],[13.923771,49.1557462],[13.9240808,49.155656],[13.9245739,49.1555583],[13.925324,49.1553642],[13.9252274,49.1551138],[13.9246149,49.1552196],[13.9245147,49.1549411],[13.9231341,49.1549282],[13.9231044,49.1547],[13.9231811,49.1543578],[13.9218268,49.1544264],[13.9210256,49.1536304],[13.9208719,49.1527683],[13.9204299,49.152822],[13.9198132,49.152386],[13.9192854,49.151957],[13.9185981,49.1515534],[13.9188634,49.1512383],[13.9191802,49.150509],[13.919169,49.1501222],[13.9194217,49.1493583],[13.9194062,49.1493061],[13.9193654,49.1491693],[13.9197736,49.1488772],[13.9193199,49.148459],[13.9198293,49.1483933],[13.9202062,49.1482973],[13.9194976,49.1474999],[13.9195764,49.1473657],[13.9187796,49.1469782],[13.9191096,49.1466697],[13.9188422,49.1460943],[13.9177712,49.1456573],[13.9178354,49.1450757],[13.9171668,49.145406],[13.9173111,49.1452291],[13.9173853,49.1447336],[13.9184815,49.1437802],[13.9184501,49.143718],[13.9175883,49.1436837],[13.917542,49.1436536],[13.9178362,49.1433064],[13.9182733,49.1431783],[13.9172051,49.1428607],[13.9172111,49.1427228],[13.9172105,49.1426714],[13.9167801,49.1419949],[13.916654,49.1418282],[13.9166973,49.1416806],[13.9169145,49.14128],[13.9173378,49.1410995],[13.9173494,49.1407634],[13.9175157,49.1407243],[13.9180266,49.1406031],[13.9183165,49.1405544],[13.9180064,49.140194],[13.9181455,49.1400813],[13.9187062,49.1395601],[13.9188296,49.1394615],[13.9192132,49.1392609],[13.920462,49.1388086],[13.9219102,49.1384135],[13.9229706,49.1382617],[13.9247234,49.1372782],[13.9247625,49.137254],[13.9257462,49.1369783],[13.9259318,49.1369317],[13.9271566,49.1373558],[13.9273652,49.1375086],[13.9274683,49.1376941],[13.9274314,49.1379834],[13.9275571,49.1382479],[13.9285719,49.1385158],[13.9290183,49.1389412],[13.9289592,49.1391008],[13.9298246,49.1392305],[13.9304263,49.1396095],[13.9310227,49.1396552],[13.9310138,49.139672],[13.9310188,49.1396806],[13.9315779,49.1399962],[13.9319915,49.1399319],[13.9329583,49.1399349],[13.9325603,49.1403492],[13.9359969,49.1401347],[13.9370479,49.140859],[13.9376636,49.1410394],[13.9381153,49.1413052],[13.9382958,49.1415067],[13.9389445,49.1420966],[13.9390139,49.1421249],[13.9391869,49.1421115],[13.9394517,49.1431271],[13.9411913,49.1433394],[13.9423027,49.1438703],[13.9422945,49.1438966],[13.9423013,49.1440549],[13.9429199,49.1441208],[13.9445457,49.1446269],[13.9449839,49.144728],[13.9451815,49.1447019],[13.9452156,49.1447085],[13.9453423,49.1447329],[13.9467639,49.1449123],[13.9486623,49.144586],[13.9489782,49.144513],[13.9494841,49.1444876],[13.9501458,49.1441891],[13.9508293,49.1441349],[13.9516322,49.144079],[13.9523588,49.1440285],[13.9523882,49.1443279],[13.9530004,49.1445692],[13.9530512,49.1451309],[13.9524915,49.1456063],[13.9525339,49.1460779],[13.9529801,49.1464362],[13.9526077,49.1472203],[13.9532936,49.1473975],[13.9538485,49.1480434],[13.9536889,49.1482658],[13.9535888,49.1484714],[13.9535629,49.1486271],[13.9545732,49.1486756],[13.9550744,49.1489776],[13.954966,49.1491425],[13.9550372,49.1491708],[13.95538,49.1494016],[13.9559974,49.1496174],[13.9563191,49.1500062],[13.9564904,49.1499907],[13.9567515,49.1499611],[13.9568511,49.1499385],[13.9590532,49.1515232],[13.9595952,49.1516636],[13.9602973,49.1510597],[13.9607395,49.1510845],[13.9620183,49.1511682],[13.9620925,49.1511971],[13.9621359,49.1512074],[13.9622251,49.1512497],[13.9629019,49.1510992],[13.9637094,49.1511299],[13.9640221,49.1511402],[13.9643174,49.1512345],[13.9645132,49.1511994],[13.964791,49.1512536],[13.9651279,49.1511766],[13.9656408,49.1511773],[13.9656443,49.1511846],[13.9656709,49.1511907],[13.9659174,49.1513553],[13.9660899,49.1514905],[13.9663514,49.1518134],[13.9662598,49.1522756],[13.9658325,49.1529016],[13.9658272,49.1529464],[13.9657374,49.1531505],[13.9656549,49.1533201],[13.965575,49.1536303],[13.9653909,49.1542373],[13.9655734,49.1560958],[13.9653386,49.1562994],[13.9660499,49.1569065],[13.9658121,49.1570339],[13.9655251,49.1571925],[13.9660346,49.1575043],[13.9659893,49.1576057],[13.9658217,49.1582713],[13.9658267,49.1584796],[13.9658,49.1586228],[13.9656815,49.1592598],[13.9655574,49.159362],[13.9655027,49.1594397],[13.9670715,49.1603018],[13.9671049,49.1603902],[13.9671157,49.1605553],[13.967105,49.1607605],[13.9673586,49.1612858],[13.9675636,49.1616135],[13.9676744,49.1620651],[13.9676916,49.1620879],[13.9684075,49.1622053],[13.9690375,49.1622666],[13.9698576,49.162657],[13.9701285,49.1627453],[13.9702802,49.1627062],[13.969707,49.1635727],[13.9693365,49.1640657],[13.9693954,49.1642142],[13.9693492,49.1642643],[13.9688164,49.1653583],[13.9676741,49.1657779],[13.9674101,49.1658906],[13.9662379,49.1659413],[13.9655736,49.1656509],[13.965497,49.1657855],[13.9654091,49.1657904],[13.9653659,49.1657928],[13.9645058,49.1655416],[13.9644162,49.1655325],[13.9636782,49.1651993],[13.9620259,49.1652749],[13.961811,49.1655825],[13.9612334,49.1656599],[13.9609264,49.1657641],[13.9605659,49.1656606],[13.9595237,49.1660861],[13.9596591,49.1656885],[13.9586488,49.1660289],[13.9584941,49.166324],[13.9584152,49.1665133],[13.9582158,49.166792],[13.9579639,49.1669886],[13.957915,49.1670663],[13.9578385,49.1670528],[13.9577124,49.1672064],[13.9576357,49.1671979],[13.9571647,49.1674178],[13.957023,49.1675251],[13.956929,49.1677968],[13.9569202,49.1679079],[13.9568812,49.1680158],[13.956548,49.1683795],[13.9564379,49.1684578],[13.9561612,49.1686287],[13.9558843,49.1687322],[13.9547479,49.1693146],[13.9550445,49.1694849],[13.9549111,49.1696401],[13.9546611,49.1699576],[13.9544627,49.1699134],[13.9543903,49.1699042],[13.9540253,49.1699379],[13.9532075,49.1718782],[13.953209,49.1718976],[13.9530826,49.1718874],[13.953068,49.17316],[13.953314,49.173184],[13.9530662,49.1732566],[13.952646,49.1732989],[13.9508384,49.1732143],[13.9510707,49.1735075],[13.9513674,49.1738821],[13.9514587,49.1739846],[13.9525272,49.1741701],[13.9515793,49.1748383],[13.9517765,49.175286],[13.9521712,49.1756201],[13.9519788,49.1760624],[13.9523419,49.1764958],[13.9505162,49.1770273],[13.9505314,49.1770489],[13.9505463,49.1770701],[13.9506188,49.1773015],[13.950681,49.1774276],[13.9531049,49.1777651],[13.9531854,49.1777937],[13.9531645,49.1778591],[13.9532066,49.1780137],[13.9532415,49.1784545],[13.9537135,49.1788025],[13.9543617,49.1789067],[13.9544566,49.1790625],[13.9545202,49.179167],[13.9546271,49.1793259],[13.954735,49.1794859],[13.9548481,49.1796541],[13.956158,49.1798783],[13.9567537,49.1799601],[13.9570707,49.1799892],[13.9573011,49.1800296],[13.9573304,49.1800624],[13.9577998,49.1800386],[13.9583915,49.1802925],[13.9587302,49.1802864],[13.9588308,49.1802596],[13.959083,49.1803335],[13.9591649,49.1803575],[13.9595563,49.1808182],[13.9598387,49.1807486],[13.9600529,49.1806958],[13.960152,49.1806714],[13.960462,49.1806491],[13.9605731,49.1806412],[13.9608459,49.1807005],[13.960967,49.1807298],[13.9610475,49.1807493],[13.961764,49.1808343],[13.9617982,49.1808281],[13.9624176,49.1808459],[13.9624006,49.1810957],[13.96141,49.1828174],[13.9588203,49.182051],[13.9569977,49.1824199],[13.9573678,49.1836566],[13.9572752,49.1843613],[13.9572875,49.1844902],[13.9563217,49.184828],[13.9555947,49.1851508],[13.9550651,49.1853156],[13.9555852,49.1861422],[13.9571075,49.1860957],[13.9578621,49.1876691],[13.9597336,49.18746],[13.9601212,49.1878245],[13.9600513,49.1882687],[13.960169,49.1883793],[13.9601305,49.1887478],[13.9601205,49.1887588],[13.9600731,49.188969],[13.9600306,49.1890855],[13.9600706,49.1893504],[13.9596462,49.1894502],[13.9596472,49.1896639],[13.9594355,49.1897389],[13.9596915,49.1902744],[13.9593025,49.1907523],[13.9593019,49.1909823],[13.9593582,49.1910748],[13.959278,49.1911077],[13.9591804,49.1911475],[13.9588855,49.192086],[13.958647,49.192358],[13.9580343,49.1930251],[13.9570936,49.1932987],[13.9568953,49.1926006],[13.9568685,49.19215],[13.9569101,49.1916169],[13.9564527,49.1915021],[13.9560948,49.1913697],[13.9560419,49.1914853],[13.9553339,49.191569],[13.9546757,49.1919095],[13.9544945,49.1919427],[13.9542202,49.1920442],[13.953304,49.1917424],[13.9532013,49.1916932],[13.9532273,49.1910213],[13.9518341,49.1910802],[13.9516672,49.1916199],[13.9512605,49.1917966],[13.9504371,49.1918482]]]}},{"type":"Feature","properties":{"SKNAZEV":"oblast a osa","OBTYPNAZEV":"AKC","DRUH_O_AKC":"AOV","ID_LOKAL":27,"OZNACENI_P":"AOV27","UO":1,"VYKON":25,"UROVEN":"URP","ID_NDOK":null,"NAZEV_NDOK":null,"NAZEV":"Mikuleč","ZM_CISLO_P":2,"EUP_KOD_P":22907,"ZAPIS":"ZMZA","JE_AKTUALNI":false,"STAV_VYBERU":"zrusena"},"geometry":{"type":"Polygon","coordinates":[[[16.4346849,49.7907237],[16.4346875,49.7907035],[16.434188,49.7897553],[16.4341721,49.7897481],[16.4341561,49.7897411],[16.4329524,49.788186],[16.4329236,49.7881647],[16.4329864,49.7880386],[16.4328565,49.7879115],[16.4328124,49.7878683],[16.432733,49.7877906],[16.4326794,49.787769],[16.4329105,49.7876769],[16.4336897,49.7873632],[16.4343262,49.787107],[16.4351746,49.7867654],[16.4354953,49.7867325],[16.4359025,49.7865902],[16.4360178,49.7864424],[16.4360611,49.7864475],[16.4360637,49.7864797],[16.4366773,49.7862831],[16.4367009,49.7862866],[16.4367365,49.7862564],[16.4380411,49.786621],[16.4382372,49.7874153],[16.4391976,49.7869969],[16.4426087,49.7880911],[16.4426356,49.7881057],[16.4460709,49.7889324],[16.4460822,49.7889498],[16.4571641,49.7924851],[16.457318,49.7926736],[16.4574413,49.7927369],[16.4576856,49.7930378],[16.457211,49.7934297],[16.457186,49.7935063],[16.4574075,49.7937252],[16.4572784,49.793877],[16.4565567,49.7942457],[16.4556686,49.7954943],[16.4558334,49.7956305],[16.4560489,49.7957481],[16.4564824,49.7958605],[16.456768,49.7959221],[16.4568714,49.7960225],[16.4570279,49.7975032],[16.4569959,49.7976472],[16.4569153,49.7978341],[16.4567948,49.7980117],[16.456231,49.7985883],[16.4578137,49.7993272],[16.4577584,49.7999083],[16.457704,49.7999799],[16.4575897,49.8000759],[16.4575508,49.8002179],[16.4570043,49.8010429],[16.4555729,49.8011992],[16.4423921,49.8018972],[16.4423304,49.8030936],[16.4418969,49.8045552],[16.4411548,49.8037239],[16.4343467,49.8028414],[16.4337873,49.8022649],[16.4320667,49.8012694],[16.4309386,49.8015337],[16.4281079,49.8014401],[16.4281271,49.800226],[16.4280577,49.8002288],[16.4280112,49.7999057],[16.4279785,49.799727],[16.4279982,49.7996748],[16.4279622,49.7994976],[16.4279441,49.7994479],[16.4279112,49.7994017],[16.4277726,49.7992451],[16.4277431,49.7991811],[16.4277239,49.7991335],[16.4277102,49.7990857],[16.4277044,49.7990592],[16.4276748,49.798924],[16.4276775,49.7988231],[16.4278071,49.7986347],[16.4278413,49.7985466],[16.4278679,49.7983675],[16.4278605,49.7982767],[16.4297162,49.7980625],[16.4297421,49.79807],[16.4303035,49.7980044],[16.4306665,49.7979832],[16.4310338,49.7978875],[16.4311657,49.7978643],[16.4312464,49.7977046],[16.4313011,49.797656],[16.4316354,49.7974137],[16.4321596,49.7970335],[16.4322327,49.7968836],[16.4336932,49.7958295],[16.434386,49.7959615],[16.4355227,49.795937],[16.436794,49.7954688],[16.4377473,49.7956893],[16.4361751,49.7905072],[16.4358023,49.7906523],[16.4353803,49.7907413],[16.4351855,49.7907647],[16.4346849,49.7907237]]]}}]}